s_mlu_morphemes,s_ttr,s_ndw,s_n_utterances,s_mean_surprisal,action,action_name,ns_mlu_morphemes,ns_ttr,ns_ndw,ns_n_utterances,ns_mean_surprisal
9.055999755859375,0.2101999968290329,124.0,71.0,0.5,11,free_conversation_prompting,11.253000259399414,0.17890000343322754,851.0,458.0,0.5
7.364999771118164,0.18219999969005585,129.0,104.0,0.5,11,free_conversation_prompting,11.439000129699707,0.17190000414848328,954.0,524.0,0.5
5.913000106811523,0.24500000476837158,440.0,286.0,0.5,11,free_conversation_prompting,5.929999828338623,0.4129999876022339,102.0,43.0,0.5
1.8930000066757202,0.3278000056743622,157.0,225.0,0.5,11,free_conversation_prompting,2.869999885559082,0.3571000099182129,25.0,23.0,0.5
4.690000057220459,0.4339999854564667,46.0,29.0,0.5,11,free_conversation_prompting,5.1539998054504395,0.3646000027656555,264.0,156.0,0.5
2.430999994277954,0.3474000096321106,107.0,102.0,0.5,11,free_conversation_prompting,3.0429999828338623,0.31679999828338623,51.0,46.0,0.5
6.538000106811523,0.40209999680519104,113.0,52.0,0.5,11,free_conversation_prompting,5.804999828338623,0.3253999948501587,316.0,169.0,0.5
2.8420000076293945,0.20679999887943268,55.0,76.0,0.5,11,free_conversation_prompting,2.200000047683716,0.4375,14.0,15.0,0.5
1.0,0.27480000257492065,1.0,1.0,0.5,9,writing_to_dictation,1.0,0.2697795331478119,1.0,1.0,0.48963725566864014
1.0,0.27480000257492065,1.0,1.0,0.5,4,CILT_dialogue,1.0,0.2858459949493408,1.0,1.0,0.4871118664741516
1.0,0.27480000257492065,1.0,1.0,0.5,10,word_picture_matching,0.9970902800559998,0.2694665491580963,1.0,1.0,0.49304983019828796
1.0,0.27480000257492065,1.0,1.0,0.5,7,conversation_partner_training,1.0,0.28370994329452515,1.0,1.0,0.49278444051742554
1.0,0.27480000257492065,1.0,1.0,0.5,1,phonological_cueing,1.0,0.2748275399208069,1.0,1.0,0.49906036257743835
1.0,0.2851000130176544,1.0,1.0,0.5,11,free_conversation_prompting,1.0,0.3052753210067749,1.0,1.0,0.49075543880462646
1.0,0.2851000130176544,1.0,1.0,0.5,8,reading_comprehension,1.0,0.2879199981689453,1.0,0.9965237975120544,0.4950180649757385
1.0,0.2851000130176544,1.0,1.0,0.5,9,writing_to_dictation,1.0,0.2894752621650696,1.0,1.0,0.4933619797229767
1.0,0.2851000130176544,1.0,1.0,0.5,1,phonological_cueing,1.0,0.28781986236572266,1.0,1.0,0.49294528365135193
1.0,0.2851000130176544,1.0,1.0,0.5,4,CILT_dialogue,1.0,0.301907479763031,1.0,1.0,0.4893377423286438
1.0,0.18070000410079956,1.0,1.0,0.5,4,CILT_dialogue,1.0,0.19319699704647064,1.0,1.0,0.4883669316768646
1.0,0.18070000410079956,1.0,1.0,0.5,11,free_conversation_prompting,1.0,0.19611917436122894,1.0,1.0,0.49474769830703735
1.0,0.18070000410079956,1.0,1.0,0.5,7,conversation_partner_training,1.0,0.19143395125865936,1.0,1.0,0.4893840253353119
1.0,0.18070000410079956,1.0,1.0,0.5,10,word_picture_matching,1.0,0.18895381689071655,1.0,1.0,0.5048338174819946
1.0,0.18070000410079956,1.0,1.0,0.5,4,CILT_dialogue,1.0,0.1865159422159195,1.0,1.0,0.4917134940624237
1.0,0.15139999985694885,1.0,1.0,0.5,2,sentence_production_svo,1.0,0.15238037705421448,1.0,1.0,0.49994567036628723
1.0,0.15139999985694885,1.0,1.0,0.5,6,story_retelling,1.0,0.16654424369335175,1.0,1.0,0.4837687611579895
1.0,0.15139999985694885,1.0,1.0,0.5,0,SFA_naming,1.0,0.15638764202594757,1.0,1.0,0.48677289485931396
1.0,0.15139999985694885,1.0,1.0,0.5,10,word_picture_matching,1.0,0.15234129130840302,1.0,1.0,0.5039641857147217
1.0,0.15139999985694885,1.0,1.0,0.5,6,story_retelling,1.0,0.15955398976802826,1.0,1.0,0.4940614104270935
1.0,0.34279999136924744,1.0,1.0,0.5,8,reading_comprehension,1.0,0.34864407777786255,1.0,1.0,0.48686257004737854
1.0,0.34279999136924744,1.0,1.0,0.5,3,sentence_production_complex,1.0,0.36969974637031555,1.0,1.0,0.491009384393692
1.0,0.34279999136924744,1.0,1.0,0.5,11,free_conversation_prompting,1.0,0.3632912337779999,1.0,1.0,0.4907141625881195
1.0,0.34279999136924744,1.0,1.0,0.5,10,word_picture_matching,1.0,0.35342344641685486,0.9954744577407837,1.0,0.49474605917930603
1.0,0.34279999136924744,1.0,1.0,0.5,9,writing_to_dictation,1.0,0.35161837935447693,1.0,0.9976310729980469,0.49102821946144104
1.0,0.3903999924659729,1.0,1.0,0.5,2,sentence_production_svo,1.0,0.4007302522659302,1.0,1.0,0.4957262873649597
1.0,0.3903999924659729,1.0,1.0,0.5,5,script_training,1.0,0.40564489364624023,1.0,1.0,0.4817826449871063
1.0,0.3903999924659729,1.0,1.0,0.5,0,SFA_naming,1.0,0.3941165804862976,1.0,1.0,0.48618751764297485
1.0,0.3903999924659729,1.0,1.0,0.5,1,phonological_cueing,1.0,0.3987879753112793,1.0,0.9973921775817871,0.496326744556427
1.0,0.3903999924659729,1.0,1.0,0.5,7,conversation_partner_training,1.0,0.41026464104652405,1.0,1.0,0.47907981276512146
1.0,0.16140000522136688,1.0,1.0,0.5,8,reading_comprehension,1.0,0.1668677031993866,1.0,1.0,0.4994954466819763
1.0,0.16140000522136688,1.0,1.0,0.5,11,free_conversation_prompting,1.0,0.1730279177427292,1.0,1.0,0.48418304324150085
1.0,0.16140000522136688,1.0,1.0,0.5,3,sentence_production_complex,1.0,0.17470984160900116,1.0,1.0,0.48663172125816345
1.0,0.16140000522136688,1.0,1.0,0.5,4,CILT_dialogue,1.0,0.1757107824087143,1.0,1.0,0.4903915822505951
1.0,0.16140000522136688,1.0,1.0,0.5,5,script_training,1.0,0.16287502646446228,1.0,1.0,0.4999915063381195
1.0,0.20909999310970306,1.0,1.0,0.5,2,sentence_production_svo,1.0,0.2249952256679535,1.0,1.0,0.4956715703010559
1.0,0.20909999310970306,1.0,1.0,0.5,1,phonological_cueing,1.0,0.21813765168190002,1.0,1.0,0.49515441060066223
1.0,0.20909999310970306,1.0,1.0,0.5,5,script_training,1.0,0.2193472683429718,1.0,1.0,0.4875837564468384
1.0,0.20909999310970306,1.0,1.0,0.5,2,sentence_production_svo,1.0,0.22081010043621063,1.0,1.0,0.49239522218704224
1.0,0.20909999310970306,1.0,1.0,0.5,7,conversation_partner_training,1.0,0.2210923731327057,1.0,1.0,0.4930504262447357
1.0,0.3222000002861023,1.0,1.0,0.5,4,CILT_dialogue,1.0,0.33805370330810547,1.0,1.0,0.4915800988674164
1.0,0.3222000002861023,1.0,1.0,0.5,10,word_picture_matching,1.0,0.3127211034297943,1.0,0.9959678649902344,0.4989207088947296
1.0,0.3222000002861023,1.0,1.0,0.5,7,conversation_partner_training,1.0,0.3375581204891205,1.0,1.0,0.48927801847457886
1.0,0.3222000002861023,1.0,1.0,0.5,3,sentence_production_complex,1.0,0.3258780539035797,1.0,1.0,0.49023517966270447
1.0,0.3222000002861023,1.0,1.0,0.5,10,word_picture_matching,1.0,0.3272862136363983,1.0,1.0,0.4966030716896057
1.0,0.30239999294281006,1.0,1.0,0.5,9,writing_to_dictation,1.0,0.30295225977897644,1.0,1.0,0.5007827281951904
1.0,0.30239999294281006,1.0,1.0,0.5,4,CILT_dialogue,1.0,0.3127697706222534,1.0,1.0,0.48149266839027405
1.0,0.30239999294281006,1.0,1.0,0.5,3,sentence_production_complex,1.0,0.3115013837814331,1.0,1.0,0.49472540616989136
1.0,0.30239999294281006,1.0,1.0,0.5,7,conversation_partner_training,1.0,0.3162006735801697,1.0,1.0,0.4802411198616028
1.0,0.30239999294281006,1.0,1.0,0.5,1,phonological_cueing,1.0,0.30536186695098877,0.9983324408531189,1.0,0.4968493580818176
1.0,0.18400000035762787,1.0,1.0,0.5,2,sentence_production_svo,1.0,0.19611746072769165,1.0,1.0,0.4956152141094208
1.0,0.18400000035762787,1.0,1.0,0.5,0,SFA_naming,1.0,0.18977990746498108,1.0,1.0,0.4961165487766266
1.0,0.18400000035762787,1.0,1.0,0.5,9,writing_to_dictation,1.0,0.17492981255054474,1.0,1.0,0.4921368956565857
1.0,0.18400000035762787,1.0,1.0,0.5,7,conversation_partner_training,1.0,0.19046565890312195,1.0,1.0,0.49307018518447876
1.0,0.18400000035762787,1.0,1.0,0.5,7,conversation_partner_training,1.0,0.19971509277820587,1.0,1.0,0.48274993896484375
1.0,0.17980000376701355,1.0,1.0,0.5,9,writing_to_dictation,1.0,0.1847236007452011,1.0,1.0,0.5029958486557007
1.0,0.17980000376701355,1.0,1.0,0.5,5,script_training,1.0,0.19118252396583557,1.0,1.0,0.48981568217277527
1.0,0.17980000376701355,1.0,1.0,0.5,6,story_retelling,1.0,0.19423887133598328,1.0,1.0,0.4976203143596649
1.0,0.17980000376701355,1.0,1.0,0.5,1,phonological_cueing,1.0,0.1887400597333908,1.0,1.0,0.48936834931373596
1.0,0.17980000376701355,1.0,1.0,0.5,1,phonological_cueing,1.0,0.18106812238693237,1.0,1.0,0.4882114827632904
1.0,0.22869999706745148,1.0,1.0,0.5,7,conversation_partner_training,1.0,0.24232392013072968,1.0,1.0,0.48381665349006653
1.0,0.22869999706745148,1.0,1.0,0.5,5,script_training,1.0,0.23708610236644745,1.0,1.0,0.4958783984184265
1.0,0.22869999706745148,1.0,1.0,0.5,6,story_retelling,1.0,0.24299876391887665,1.0,1.0,0.49295952916145325
1.0,0.22869999706745148,1.0,1.0,0.5,8,reading_comprehension,1.0,0.24007080495357513,1.0,1.0,0.509896993637085
1.0,0.22869999706745148,1.0,1.0,0.5,6,story_retelling,1.0,0.23176269233226776,1.0,1.0,0.48529577255249023
1.0,0.21070000529289246,1.0,1.0,0.5,6,story_retelling,1.0,0.22399060428142548,1.0,1.0,0.48474276065826416
1.0,0.21070000529289246,1.0,1.0,0.5,6,story_retelling,1.0,0.2133893370628357,1.0,1.0,0.4847617745399475
1.0,0.21070000529289246,1.0,1.0,0.5,3,sentence_production_complex,1.0,0.2294784039258957,1.0,1.0,0.4957122504711151
1.0,0.21070000529289246,1.0,1.0,0.5,0,SFA_naming,1.0,0.20542307198047638,1.0,1.0,0.4937455356121063
1.0,0.21070000529289246,1.0,1.0,0.5,4,CILT_dialogue,1.0,0.2134435921907425,1.0,1.0,0.48377686738967896
1.0,0.3450999855995178,1.0,1.0,0.5,2,sentence_production_svo,1.0,0.35375842452049255,1.0,1.0,0.4922018349170685
1.0,0.3450999855995178,1.0,1.0,0.5,4,CILT_dialogue,1.0,0.35398706793785095,1.0,1.0,0.48651227355003357
1.0,0.3450999855995178,1.0,1.0,0.5,10,word_picture_matching,0.997500479221344,0.35038262605667114,0.9971398115158081,1.0,0.503339946269989
1.0,0.3450999855995178,1.0,1.0,0.5,2,sentence_production_svo,1.0,0.34943825006484985,1.0,1.0,0.4890190362930298
1.0,0.3450999855995178,1.0,1.0,0.5,0,SFA_naming,1.0,0.3499366044998169,1.0,1.0,0.48899462819099426
1.0,0.30090001225471497,1.0,1.0,0.5,3,sentence_production_complex,1.0,0.30710121989250183,1.0,1.0,0.4873013496398926
1.0,0.30090001225471497,1.0,1.0,0.5,3,sentence_production_complex,1.0,0.30978602170944214,1.0,1.0,0.4838836193084717
1.0,0.30090001225471497,1.0,1.0,0.5,7,conversation_partner_training,1.0,0.31422752141952515,1.0,1.0,0.48384568095207214
1.0,0.30090001225471497,1.0,1.0,0.5,6,story_retelling,1.0,0.30433717370033264,1.0,1.0,0.4819049835205078
1.0,0.30090001225471497,1.0,1.0,0.5,9,writing_to_dictation,1.0,0.30986472964286804,1.0,0.9984925389289856,0.4988919198513031
1.0,0.13220000267028809,1.0,1.0,0.5,7,conversation_partner_training,1.0,0.1417418271303177,1.0,1.0,0.49325960874557495
1.0,0.13220000267028809,1.0,1.0,0.5,4,CILT_dialogue,1.0,0.14351096749305725,1.0,1.0,0.49230748414993286
1.0,0.13220000267028809,1.0,1.0,0.5,9,writing_to_dictation,1.0,0.13347937166690826,1.0,1.0,0.4978596270084381
1.0,0.13220000267028809,1.0,1.0,0.5,1,phonological_cueing,1.0,0.1364729404449463,1.0,1.0,0.5019224882125854
1.0,0.13220000267028809,1.0,1.0,0.5,0,SFA_naming,1.0,0.1474808156490326,1.0,1.0,0.500402569770813
1.0,0.11829999834299088,1.0,1.0,0.5,0,SFA_naming,1.0,0.1257612258195877,1.0,1.0,0.4925139248371124
1.0,0.11829999834299088,1.0,1.0,0.5,7,conversation_partner_training,1.0,0.1251431405544281,1.0,1.0,0.4823666512966156
1.0,0.11829999834299088,1.0,1.0,0.5,5,script_training,1.0,0.1263570338487625,1.0,1.0,0.48291146755218506
1.0,0.11829999834299088,1.0,1.0,0.5,1,phonological_cueing,1.0,0.11412716656923294,1.0,1.0,0.49518904089927673
1.0,0.11829999834299088,1.0,1.0,0.5,5,script_training,1.0,0.12037711590528488,1.0,1.0,0.49025067687034607
1.0,0.24799999594688416,1.0,1.0,0.5,1,phonological_cueing,0.9993096590042114,0.24462424218654633,0.9980137944221497,1.0,0.49661901593208313
1.0,0.24799999594688416,1.0,1.0,0.5,7,conversation_partner_training,1.0,0.2728387415409088,1.0,1.0,0.4807104468345642
1.0,0.24799999594688416,1.0,1.0,0.5,4,CILT_dialogue,1.0,0.264571875333786,1.0,1.0,0.48598039150238037
1.0,0.24799999594688416,1.0,1.0,0.5,4,CILT_dialogue,1.0,0.25968343019485474,1.0,1.0,0.48151901364326477
1.0,0.24799999594688416,1.0,1.0,0.5,3,sentence_production_complex,1.0,0.25835442543029785,1.0,1.0,0.49147555232048035
1.0,0.2815999984741211,1.0,1.0,0.5,6,story_retelling,1.0,0.28476181626319885,1.0,1.0,0.49177050590515137
1.0,0.2815999984741211,1.0,1.0,0.5,3,sentence_production_complex,1.0,0.29614245891571045,1.0,1.0,0.48228833079338074
1.0,0.2815999984741211,1.0,1.0,0.5,0,SFA_naming,1.0,0.2836807668209076,1.0,1.0,0.4923340678215027
1.0,0.2815999984741211,1.0,1.0,0.5,1,phonological_cueing,1.0,0.2813100814819336,1.0,1.0,0.49442258477211
1.0,0.2815999984741211,1.0,1.0,0.5,11,free_conversation_prompting,1.0,0.29128727316856384,1.0,1.0,0.48535311222076416
1.0,0.29319998621940613,1.0,1.0,0.5,10,word_picture_matching,1.0,0.302153080701828,0.9973215460777283,0.993779182434082,0.5020211338996887
1.0,0.29319998621940613,1.0,1.0,0.5,7,conversation_partner_training,1.0,0.2986050248146057,1.0,1.0,0.4791650176048279
1.0,0.29319998621940613,1.0,1.0,0.5,2,sentence_production_svo,1.0,0.2982446551322937,1.0,1.0,0.48432594537734985
1.0,0.29319998621940613,1.0,1.0,0.5,11,free_conversation_prompting,1.0,0.296480655670166,1.0,1.0,0.48577967286109924
1.0,0.29319998621940613,1.0,1.0,0.5,9,writing_to_dictation,0.9983270168304443,0.2956244945526123,1.0,1.0,0.5038343071937561
1.0,0.29829999804496765,1.0,1.0,0.5,7,conversation_partner_training,1.0,0.30728161334991455,1.0,1.0,0.48146864771842957
1.0,0.29829999804496765,1.0,1.0,0.5,4,CILT_dialogue,1.0,0.30660176277160645,1.0,1.0,0.49200496077537537
1.0,0.29829999804496765,1.0,1.0,0.5,2,sentence_production_svo,1.0,0.30932992696762085,1.0,1.0,0.4956563115119934
1.0,0.29829999804496765,1.0,1.0,0.5,1,phonological_cueing,1.0,0.31401100754737854,1.0,1.0,0.4994027614593506
1.0,0.29829999804496765,1.0,1.0,0.5,10,word_picture_matching,1.0,0.30257055163383484,1.0,1.0,0.4927798807621002
1.0,0.3506999909877777,1.0,1.0,0.5,5,script_training,1.0,0.3617371916770935,1.0,1.0,0.487417608499527
1.0,0.3506999909877777,1.0,1.0,0.5,2,sentence_production_svo,1.0,0.35261139273643494,1.0,1.0,0.4924594759941101
1.0,0.3506999909877777,1.0,1.0,0.5,3,sentence_production_complex,1.0,0.3615867495536804,1.0,1.0,0.49006420373916626
1.0,0.3506999909877777,1.0,1.0,0.5,6,story_retelling,1.0,0.36200472712516785,1.0,1.0,0.48769611120224
1.0,0.3506999909877777,1.0,1.0,0.5,1,phonological_cueing,1.0,0.35517555475234985,1.0,1.0,0.4865941107273102
1.0,0.4399999976158142,1.0,1.0,0.5,10,word_picture_matching,1.0,0.44058290123939514,1.0,1.0,0.484005868434906
1.0,0.4399999976158142,1.0,1.0,0.5,8,reading_comprehension,1.0,0.44281378388404846,1.0,0.9992696046829224,0.4980923533439636
1.0,0.4399999976158142,1.0,1.0,0.5,7,conversation_partner_training,1.0,0.45411109924316406,1.0,1.0,0.4923200309276581
1.0,0.4399999976158142,1.0,1.0,0.5,4,CILT_dialogue,1.0,0.455111563205719,1.0,1.0,0.48782777786254883
1.0,0.4399999976158142,1.0,1.0,0.5,6,story_retelling,1.0,0.45016732811927795,1.0,1.0,0.49528706073760986
1.0,0.15809999406337738,1.0,1.0,0.5,6,story_retelling,1.0,0.1629875898361206,1.0,1.0,0.4868035614490509
1.0,0.15809999406337738,1.0,1.0,0.5,7,conversation_partner_training,1.0,0.16323834657669067,1.0,1.0,0.4909161925315857
1.0,0.15809999406337738,1.0,1.0,0.5,0,SFA_naming,1.0,0.15790647268295288,1.0,1.0,0.4916900396347046
1.0,0.15809999406337738,1.0,1.0,0.5,4,CILT_dialogue,1.0,0.17379269003868103,1.0,1.0,0.4942050278186798
1.0,0.15809999406337738,1.0,1.0,0.5,0,SFA_naming,1.0,0.16874940693378448,1.0,1.0,0.4904346764087677
1.0,0.14669999480247498,1.0,1.0,0.5,5,script_training,1.0,0.15050965547561646,1.0,1.0,0.48912951350212097
1.0,0.14669999480247498,1.0,1.0,0.5,3,sentence_production_complex,1.0,0.15142159163951874,1.0,1.0,0.48738521337509155
1.0,0.14669999480247498,1.0,1.0,0.5,1,phonological_cueing,1.0,0.14874190092086792,1.0,1.0,0.48816320300102234
1.0,0.14669999480247498,1.0,1.0,0.5,1,phonological_cueing,1.0,0.15426643192768097,1.0,1.0,0.4970429837703705
1.0,0.14669999480247498,1.0,1.0,0.5,6,story_retelling,1.0,0.16428765654563904,1.0,1.0,0.4848676323890686
1.0,0.2125999927520752,1.0,1.0,0.5,1,phonological_cueing,1.0,0.22352859377861023,1.0,1.0,0.4857165813446045
1.0,0.2125999927520752,1.0,1.0,0.5,11,free_conversation_prompting,1.0,0.23114462196826935,1.0,1.0,0.48039689660072327
1.0,0.2125999927520752,1.0,1.0,0.5,6,story_retelling,1.0,0.2232615202665329,1.0,1.0,0.4975883960723877
1.0,0.2125999927520752,1.0,1.0,0.5,3,sentence_production_complex,1.0,0.21897831559181213,1.0,1.0,0.4969328045845032
1.0,0.2125999927520752,1.0,1.0,0.5,6,story_retelling,1.0,0.2226542830467224,1.0,1.0,0.48785483837127686
1.0,0.1914999932050705,1.0,1.0,0.5,0,SFA_naming,1.0,0.20413920283317566,1.0,1.0,0.5019633173942566
1.0,0.1914999932050705,1.0,1.0,0.5,11,free_conversation_prompting,1.0,0.20707005262374878,1.0,1.0,0.4936430752277374
1.0,0.1914999932050705,1.0,1.0,0.5,5,script_training,1.0,0.19782239198684692,1.0,1.0,0.49041658639907837
1.0,0.1914999932050705,1.0,1.0,0.5,9,writing_to_dictation,1.0,0.20764261484146118,1.0,1.0,0.4932841360569
1.0,0.1914999932050705,1.0,1.0,0.5,0,SFA_naming,1.0,0.19750072062015533,1.0,1.0,0.4868360757827759
1.0,0.1842000037431717,1.0,1.0,0.5,5,script_training,1.0,0.1974475085735321,1.0,1.0,0.49051257967948914
1.0,0.1842000037431717,1.0,1.0,0.5,5,script_training,1.0,0.19767537713050842,1.0,1.0,0.4913175106048584
1.0,0.1842000037431717,1.0,1.0,0.5,11,free_conversation_prompting,1.0,0.19332052767276764,1.0,1.0,0.477344810962677
1.0,0.1842000037431717,1.0,1.0,0.5,6,story_retelling,1.0,0.18515647947788239,1.0,1.0,0.48693233728408813
1.0,0.1842000037431717,1.0,1.0,0.5,5,script_training,1.0,0.19522839784622192,1.0,1.0,0.48779669404029846
1.0,0.22750000655651093,1.0,1.0,0.5,2,sentence_production_svo,1.0,0.2303464412689209,1.0,1.0,0.49356403946876526
1.0,0.22750000655651093,1.0,1.0,0.5,3,sentence_production_complex,1.0,0.23895077407360077,1.0,1.0,0.4942457377910614
1.0,0.22750000655651093,1.0,1.0,0.5,5,script_training,1.0,0.24330487847328186,1.0,1.0,0.487766295671463
1.0,0.22750000655651093,1.0,1.0,0.5,4,CILT_dialogue,1.0,0.23181049525737762,1.0,1.0,0.4895860254764557
1.0,0.22750000655651093,1.0,1.0,0.5,0,SFA_naming,1.0,0.23628583550453186,1.0,1.0,0.49837011098861694
1.0,0.1404000073671341,1.0,1.0,0.5,10,word_picture_matching,0.9987613558769226,0.1428321748971939,0.9942818284034729,0.9994381070137024,0.49502262473106384
1.0,0.1404000073671341,1.0,1.0,0.5,10,word_picture_matching,1.0,0.13999709486961365,1.0,1.0,0.5006954669952393
1.0,0.1404000073671341,1.0,1.0,0.5,1,phonological_cueing,1.0,0.14966996014118195,1.0,1.0,0.49269551038742065
1.0,0.1404000073671341,1.0,1.0,0.5,6,story_retelling,1.0,0.14462518692016602,1.0,1.0,0.48894599080085754
1.0,0.1404000073671341,1.0,1.0,0.5,1,phonological_cueing,1.0,0.14962553977966309,0.9994654655456543,1.0,0.5009580850601196
1.0,0.13609999418258667,1.0,1.0,0.5,7,conversation_partner_training,1.0,0.14723531901836395,1.0,1.0,0.48856237530708313
1.0,0.13609999418258667,1.0,1.0,0.5,3,sentence_production_complex,1.0,0.14744096994400024,1.0,1.0,0.4888458549976349
1.0,0.13609999418258667,1.0,1.0,0.5,7,conversation_partner_training,1.0,0.14846859872341156,1.0,1.0,0.48369699716567993
1.0,0.13609999418258667,1.0,1.0,0.5,7,conversation_partner_training,1.0,0.1504799723625183,1.0,1.0,0.4967842698097229
1.0,0.13609999418258667,1.0,1.0,0.5,8,reading_comprehension,1.0,0.14282989501953125,1.0,1.0,0.5026841163635254
1.0,0.15029999613761902,1.0,1.0,0.5,1,phonological_cueing,1.0,0.1565934419631958,1.0,1.0,0.49346208572387695
1.0,0.15029999613761902,1.0,1.0,0.5,11,free_conversation_prompting,1.0,0.16480529308319092,1.0,1.0,0.4903000593185425
1.0,0.15029999613761902,1.0,1.0,0.5,2,sentence_production_svo,1.0,0.1575523167848587,1.0,1.0,0.4944198727607727
1.0,0.15029999613761902,1.0,1.0,0.5,0,SFA_naming,1.0,0.14902877807617188,1.0,1.0,0.4962727427482605
1.0,0.15029999613761902,1.0,1.0,0.5,6,story_retelling,1.0,0.1631162315607071,1.0,1.0,0.4887273609638214
1.0,0.17249999940395355,1.0,1.0,0.5,4,CILT_dialogue,1.0,0.1843155175447464,1.0,1.0,0.4852517545223236
1.0,0.17249999940395355,1.0,1.0,0.5,10,word_picture_matching,1.0,0.1744556576013565,1.0,0.9987618923187256,0.495393306016922
1.0,0.17249999940395355,1.0,1.0,0.5,9,writing_to_dictation,1.0,0.18407495319843292,1.0,1.0,0.49261191487312317
1.0,0.17249999940395355,1.0,1.0,0.5,3,sentence_production_complex,1.0,0.18973039090633392,1.0,1.0,0.49576336145401
1.0,0.17249999940395355,1.0,1.0,0.5,11,free_conversation_prompting,1.0,0.1880996972322464,1.0,1.0,0.4815762937068939
1.0,0.21619999408721924,1.0,1.0,0.5,3,sentence_production_complex,1.0,0.21972320973873138,1.0,1.0,0.4867953956127167
1.0,0.21619999408721924,1.0,1.0,0.5,5,script_training,1.0,0.2315404713153839,1.0,1.0,0.4949987530708313
1.0,0.21619999408721924,1.0,1.0,0.5,2,sentence_production_svo,1.0,0.22395212948322296,1.0,1.0,0.49031710624694824
1.0,0.21619999408721924,1.0,1.0,0.5,11,free_conversation_prompting,1.0,0.22497119009494781,1.0,1.0,0.49085989594459534
1.0,0.21619999408721924,1.0,1.0,0.5,1,phonological_cueing,1.0,0.22578155994415283,1.0,1.0,0.49242717027664185
1.0,0.2393999993801117,1.0,1.0,0.5,0,SFA_naming,1.0,0.25104883313179016,1.0,1.0,0.495869517326355
1.0,0.2393999993801117,1.0,1.0,0.5,4,CILT_dialogue,1.0,0.24688102304935455,1.0,1.0,0.48194772005081177
1.0,0.2393999993801117,1.0,1.0,0.5,11,free_conversation_prompting,1.0,0.26001980900764465,1.0,1.0,0.4913926124572754
1.0,0.2393999993801117,1.0,1.0,0.5,10,word_picture_matching,1.0,0.24054142832756042,1.0,1.0,0.5010117292404175
1.0,0.2393999993801117,1.0,1.0,0.5,8,reading_comprehension,1.0,0.24402962625026703,1.0,1.0,0.49488261342048645
1.0,0.15199999511241913,1.0,1.0,0.5,10,word_picture_matching,1.0,0.15802374482154846,1.0,1.0,0.49133336544036865
1.0,0.15199999511241913,1.0,1.0,0.5,10,word_picture_matching,1.0,0.15222787857055664,1.0,1.0,0.4921075999736786
1.0,0.15199999511241913,1.0,1.0,0.5,5,script_training,1.0,0.15930035710334778,1.0,1.0,0.48955726623535156
1.0,0.15199999511241913,1.0,1.0,0.5,3,sentence_production_complex,1.0,0.15941017866134644,1.0,1.0,0.4903954565525055
1.0,0.15199999511241913,1.0,1.0,0.5,8,reading_comprehension,1.0,0.15922394394874573,1.0,1.0,0.5023918151855469
1.0,0.14300000667572021,1.0,1.0,0.5,7,conversation_partner_training,1.0,0.15258368849754333,1.0,1.0,0.49115434288978577
1.0,0.14300000667572021,1.0,1.0,0.5,4,CILT_dialogue,1.0,0.1531350314617157,1.0,1.0,0.48802390694618225
1.0,0.14300000667572021,1.0,1.0,0.5,1,phonological_cueing,1.0,0.14295274019241333,1.0,1.0,0.49958789348602295
1.0,0.14300000667572021,1.0,1.0,0.5,8,reading_comprehension,1.0,0.14775030314922333,1.0,1.0,0.4934222996234894
1.0,0.14300000667572021,1.0,1.0,0.5,2,sentence_production_svo,1.0,0.14083680510520935,1.0,1.0,0.488211989402771
1.0,0.3352999985218048,1.0,1.0,0.5,11,free_conversation_prompting,1.0,0.35395652055740356,1.0,1.0,0.47523146867752075
1.0,0.3352999985218048,1.0,1.0,0.5,2,sentence_production_svo,1.0,0.34308457374572754,1.0,1.0,0.48684513568878174
1.0,0.3352999985218048,1.0,1.0,0.5,1,phonological_cueing,0.9997351169586182,0.34360066056251526,1.0,1.0,0.4959560036659241
1.0,0.3352999985218048,1.0,1.0,0.5,10,word_picture_matching,1.0,0.3402172029018402,1.0,1.0,0.4977497160434723
1.0,0.3352999985218048,1.0,1.0,0.5,1,phonological_cueing,1.0,0.3510954976081848,1.0,1.0,0.48169267177581787
1.0,0.2996000051498413,1.0,1.0,0.5,1,phonological_cueing,1.0,0.2988429367542267,1.0,1.0,0.49838700890541077
1.0,0.2996000051498413,1.0,1.0,0.5,6,story_retelling,1.0,0.31408438086509705,1.0,1.0,0.49468064308166504
1.0,0.2996000051498413,1.0,1.0,0.5,10,word_picture_matching,1.0,0.297982782125473,1.0,1.0,0.4947969913482666
1.0,0.2996000051498413,1.0,1.0,0.5,2,sentence_production_svo,1.0,0.306092232465744,1.0,1.0,0.4837786853313446
1.0,0.2996000051498413,1.0,1.0,0.5,3,sentence_production_complex,1.0,0.3100545406341553,1.0,1.0,0.48282158374786377
1.0,0.17890000343322754,1.0,1.0,0.5,9,writing_to_dictation,1.0,0.1773938089609146,1.0,1.0,0.49422967433929443
1.0,0.17890000343322754,1.0,1.0,0.5,11,free_conversation_prompting,1.0,0.19078944623470306,1.0,1.0,0.4890925884246826
1.0,0.17890000343322754,1.0,1.0,0.5,5,script_training,1.0,0.1858505755662918,1.0,1.0,0.48859095573425293
1.0,0.17890000343322754,1.0,1.0,0.5,1,phonological_cueing,1.0,0.18630637228488922,1.0,1.0,0.48480120301246643
1.0,0.17890000343322754,1.0,1.0,0.5,0,SFA_naming,1.0,0.1866198182106018,1.0,1.0,0.4968719482421875
1.0,0.16329999268054962,1.0,1.0,0.5,2,sentence_production_svo,1.0,0.16723695397377014,1.0,1.0,0.5017132759094238
1.0,0.16329999268054962,1.0,1.0,0.5,1,phonological_cueing,1.0,0.16388629376888275,1.0,1.0,0.4912494421005249
1.0,0.16329999268054962,1.0,1.0,0.5,7,conversation_partner_training,1.0,0.1766149401664734,1.0,1.0,0.4796251356601715
1.0,0.16329999268054962,1.0,1.0,0.5,1,phonological_cueing,1.0,0.16225117444992065,0.9985051155090332,1.0,0.5033416748046875
1.0,0.16329999268054962,1.0,1.0,0.5,5,script_training,1.0,0.17936617136001587,1.0,1.0,0.48949676752090454
1.0,0.12600000202655792,1.0,1.0,0.5,7,conversation_partner_training,1.0,0.13906799256801605,1.0,1.0,0.5038818120956421
1.0,0.12600000202655792,1.0,1.0,0.5,6,story_retelling,1.0,0.1338604986667633,1.0,1.0,0.48761704564094543
1.0,0.12600000202655792,1.0,1.0,0.5,2,sentence_production_svo,1.0,0.1319052278995514,1.0,1.0,0.49072763323783875
1.0,0.12600000202655792,1.0,1.0,0.5,9,writing_to_dictation,1.0,0.12386280298233032,1.0,1.0,0.4933336675167084
1.0,0.12600000202655792,1.0,1.0,0.5,7,conversation_partner_training,1.0,0.13718026876449585,1.0,1.0,0.4861728549003601
1.0,0.14059999585151672,1.0,1.0,0.5,8,reading_comprehension,1.0,0.14511631429195404,1.0,1.0,0.4925936758518219
1.0,0.14059999585151672,1.0,1.0,0.5,1,phonological_cueing,1.0,0.14376908540725708,1.0,1.0,0.4879946708679199
1.0,0.14059999585151672,1.0,1.0,0.5,1,phonological_cueing,1.0,0.15314094722270966,1.0,1.0,0.4920918643474579
1.0,0.14059999585151672,1.0,1.0,0.5,11,free_conversation_prompting,1.0,0.15323486924171448,1.0,1.0,0.48727139830589294
1.0,0.14059999585151672,1.0,1.0,0.5,4,CILT_dialogue,1.0,0.16636943817138672,1.0,1.0,0.49262574315071106
1.0,0.1965000033378601,1.0,1.0,0.5,3,sentence_production_complex,1.0,0.20189042389392853,1.0,1.0,0.4962286949157715
1.0,0.1965000033378601,1.0,1.0,0.5,5,script_training,1.0,0.20646563172340393,1.0,1.0,0.4951402246952057
1.0,0.1965000033378601,1.0,1.0,0.5,7,conversation_partner_training,1.0,0.20468223094940186,1.0,1.0,0.47997352480888367
1.0,0.1965000033378601,1.0,1.0,0.5,11,free_conversation_prompting,1.0,0.2072400152683258,1.0,1.0,0.4866350293159485
1.0,0.1965000033378601,1.0,1.0,0.5,3,sentence_production_complex,1.0,0.20943495631217957,1.0,1.0,0.49138233065605164
1.0,0.2231999933719635,1.0,1.0,0.5,11,free_conversation_prompting,1.0,0.2309267222881317,1.0,1.0,0.49014952778816223
1.0,0.2231999933719635,1.0,1.0,0.5,0,SFA_naming,1.0,0.22361215949058533,1.0,1.0,0.49418962001800537
1.0,0.2231999933719635,1.0,1.0,0.5,6,story_retelling,1.0,0.23011833429336548,1.0,1.0,0.49373704195022583
1.0,0.2231999933719635,1.0,1.0,0.5,6,story_retelling,1.0,0.22573915123939514,1.0,1.0,0.4952692687511444
1.0,0.2231999933719635,1.0,1.0,0.5,1,phonological_cueing,1.0,0.22615176439285278,1.0,1.0,0.4905906319618225
1.0,0.1940000057220459,1.0,1.0,0.5,1,phonological_cueing,1.0,0.19628338515758514,1.0,1.0,0.4992109537124634
1.0,0.1940000057220459,1.0,1.0,0.5,4,CILT_dialogue,1.0,0.19803941249847412,1.0,1.0,0.49992865324020386
1.0,0.1940000057220459,1.0,1.0,0.5,11,free_conversation_prompting,1.0,0.2070884257555008,1.0,1.0,0.4876915216445923
1.0,0.1940000057220459,1.0,1.0,0.5,6,story_retelling,1.0,0.19820907711982727,1.0,1.0,0.48925790190696716
1.0,0.1940000057220459,1.0,1.0,0.5,11,free_conversation_prompting,1.0,0.20101942121982574,1.0,1.0,0.48972001671791077
1.0,0.1785999983549118,1.0,1.0,0.5,9,writing_to_dictation,1.0,0.1766040027141571,1.0,1.0,0.48759523034095764
1.0,0.1785999983549118,1.0,1.0,0.5,5,script_training,1.0,0.18472981452941895,1.0,1.0,0.48612484335899353
1.0,0.1785999983549118,1.0,1.0,0.5,9,writing_to_dictation,1.0,0.17987515032291412,1.0,1.0,0.5003136992454529
1.0,0.1785999983549118,1.0,1.0,0.5,0,SFA_naming,0.9914259910583496,0.18000009655952454,1.0,1.0,0.4901588261127472
1.0,0.1785999983549118,1.0,1.0,0.5,1,phonological_cueing,1.0,0.18570032715797424,1.0,1.0,0.49122774600982666
1.0,0.22179999947547913,1.0,1.0,0.5,10,word_picture_matching,1.0,0.2273889034986496,1.0,1.0,0.5014353394508362
1.0,0.22179999947547913,1.0,1.0,0.5,9,writing_to_dictation,1.0,0.22633342444896698,1.0,0.9991862773895264,0.49150514602661133
1.0,0.22179999947547913,1.0,1.0,0.5,2,sentence_production_svo,0.9975348711013794,0.23022638261318207,1.0,1.0,0.4925258755683899
1.0,0.22179999947547913,1.0,1.0,0.5,5,script_training,1.0,0.22237059473991394,1.0,1.0,0.48649299144744873
1.0,0.22179999947547913,1.0,1.0,0.5,6,story_retelling,1.0,0.23217007517814636,1.0,1.0,0.49458861351013184
1.0,0.22300000488758087,1.0,1.0,0.5,10,word_picture_matching,1.0,0.23635099828243256,1.0,1.0,0.5029492378234863
1.0,0.22300000488758087,1.0,1.0,0.5,6,story_retelling,1.0,0.22985032200813293,1.0,1.0,0.4803907573223114
1.0,0.22300000488758087,1.0,1.0,0.5,4,CILT_dialogue,1.0,0.2324567437171936,1.0,1.0,0.48804163932800293
1.0,0.22300000488758087,1.0,1.0,0.5,4,CILT_dialogue,1.0,0.23692578077316284,1.0,1.0,0.49802324175834656
1.0,0.22300000488758087,1.0,1.0,0.5,4,CILT_dialogue,1.0,0.232412189245224,1.0,1.0,0.48715031147003174
1.0,0.2809999883174896,1.0,1.0,0.5,7,conversation_partner_training,1.0,0.2969866693019867,1.0,1.0,0.4887409508228302
1.0,0.2809999883174896,1.0,1.0,0.5,10,word_picture_matching,1.0,0.2915801405906677,1.0,1.0,0.4943920075893402
1.0,0.2809999883174896,1.0,1.0,0.5,4,CILT_dialogue,1.0,0.29193115234375,1.0,1.0,0.49263226985931396
1.0,0.2809999883174896,1.0,1.0,0.5,2,sentence_production_svo,1.0,0.2852190136909485,1.0,1.0,0.48982545733451843
1.0,0.2809999883174896,1.0,1.0,0.5,2,sentence_production_svo,1.0,0.2903408408164978,1.0,1.0,0.4889247715473175
1.0,0.2515000104904175,1.0,1.0,0.5,8,reading_comprehension,1.0,0.251544713973999,1.0,1.0,0.4904291331768036
1.0,0.2515000104904175,1.0,1.0,0.5,9,writing_to_dictation,1.0,0.2530214190483093,1.0,1.0,0.48470667004585266
1.0,0.2515000104904175,1.0,1.0,0.5,1,phonological_cueing,1.0,0.25485801696777344,1.0,1.0,0.4939192235469818
1.0,0.2515000104904175,1.0,1.0,0.5,0,SFA_naming,1.0,0.2548506259918213,1.0,1.0,0.4933752715587616
1.0,0.2515000104904175,1.0,1.0,0.5,6,story_retelling,1.0,0.25970980525016785,1.0,1.0,0.4878617525100708
1.0,0.2937000095844269,1.0,1.0,0.5,1,phonological_cueing,1.0,0.29404565691947937,1.0,1.0,0.5017493963241577
1.0,0.2937000095844269,1.0,1.0,0.5,10,word_picture_matching,1.0,0.3100598156452179,1.0,1.0,0.4918038249015808
1.0,0.2937000095844269,1.0,1.0,0.5,3,sentence_production_complex,1.0,0.30540305376052856,1.0,1.0,0.4869784116744995
1.0,0.2937000095844269,1.0,1.0,0.5,1,phonological_cueing,0.9982287883758545,0.297160267829895,1.0,1.0,0.4984942674636841
1.0,0.2937000095844269,1.0,1.0,0.5,11,free_conversation_prompting,1.0,0.3102542757987976,1.0,1.0,0.48751816153526306
1.0,0.2676999866962433,1.0,1.0,0.5,1,phonological_cueing,1.0,0.26957884430885315,1.0,1.0,0.4957537055015564
1.0,0.2676999866962433,1.0,1.0,0.5,3,sentence_production_complex,1.0,0.28032568097114563,1.0,1.0,0.49809783697128296
1.0,0.2676999866962433,1.0,1.0,0.5,1,phonological_cueing,0.9951341152191162,0.2820580005645752,1.0,1.0,0.48687705397605896
1.0,0.2676999866962433,1.0,1.0,0.5,1,phonological_cueing,1.0,0.27008602023124695,1.0,1.0,0.4966239929199219
1.0,0.2676999866962433,1.0,1.0,0.5,0,SFA_naming,1.0,0.289157509803772,1.0,1.0,0.4880416691303253
1.0,0.25099998712539673,1.0,1.0,0.5,0,SFA_naming,1.0,0.2498168796300888,1.0,1.0,0.4941346049308777
1.0,0.25099998712539673,1.0,1.0,0.5,1,phonological_cueing,1.0,0.25422027707099915,1.0,1.0,0.4900543987751007
1.0,0.25099998712539673,1.0,1.0,0.5,0,SFA_naming,1.0,0.24990320205688477,1.0,1.0,0.4988659620285034
1.0,0.25099998712539673,1.0,1.0,0.5,6,story_retelling,1.0,0.25488269329071045,1.0,1.0,0.49229687452316284
1.0,0.25099998712539673,1.0,1.0,0.5,7,conversation_partner_training,1.0,0.2598339915275574,1.0,1.0,0.49694788455963135
1.0,0.27390000224113464,1.0,1.0,0.5,4,CILT_dialogue,1.0,0.28156325221061707,1.0,1.0,0.4862074851989746
1.0,0.27390000224113464,1.0,1.0,0.5,3,sentence_production_complex,1.0,0.28732606768608093,1.0,0.9996621608734131,0.49346092343330383
1.0,0.27390000224113464,1.0,1.0,0.5,5,script_training,1.0,0.2913376986980438,1.0,1.0,0.4939625859260559
1.0,0.27390000224113464,1.0,1.0,0.5,10,word_picture_matching,1.0,0.2718440294265747,0.9948991537094116,0.9900993704795837,0.501726508140564
1.0,0.27390000224113464,1.0,1.0,0.5,10,word_picture_matching,0.9967103004455566,0.2792570888996124,1.0,0.9953303933143616,0.49484387040138245
1.0,0.18440000712871552,1.0,1.0,0.5,0,SFA_naming,1.0,0.19161713123321533,1.0,1.0,0.48968204855918884
1.0,0.18440000712871552,1.0,1.0,0.5,1,phonological_cueing,1.0,0.18844974040985107,0.9993593692779541,1.0,0.4901615381240845
1.0,0.18440000712871552,1.0,1.0,0.5,2,sentence_production_svo,1.0,0.19374215602874756,1.0,1.0,0.48987865447998047
1.0,0.18440000712871552,1.0,1.0,0.5,2,sentence_production_svo,1.0,0.17874503135681152,1.0,1.0,0.4950096905231476
1.0,0.18440000712871552,1.0,1.0,0.5,6,story_retelling,1.0,0.18230774998664856,1.0,1.0,0.4882916808128357
1.0,0.19629999995231628,1.0,1.0,0.5,4,CILT_dialogue,1.0,0.20172086358070374,1.0,1.0,0.48337918519973755
1.0,0.19629999995231628,1.0,1.0,0.5,0,SFA_naming,0.9990353584289551,0.2044445276260376,1.0,1.0,0.49140414595603943
1.0,0.19629999995231628,1.0,1.0,0.5,4,CILT_dialogue,1.0,0.20285873115062714,1.0,1.0,0.4858696162700653
1.0,0.19629999995231628,1.0,1.0,0.5,5,script_training,1.0,0.20144519209861755,1.0,1.0,0.48698675632476807
1.0,0.19629999995231628,1.0,1.0,0.5,1,phonological_cueing,1.0,0.20126323401927948,1.0,1.0,0.49952182173728943
1.0,0.15039999783039093,1.0,1.0,0.5,10,word_picture_matching,1.0,0.15414626896381378,1.0,0.9954447150230408,0.49094951152801514
1.0,0.15039999783039093,1.0,1.0,0.5,0,SFA_naming,1.0,0.15865319967269897,1.0,1.0,0.4905582070350647
1.0,0.15039999783039093,1.0,1.0,0.5,11,free_conversation_prompting,1.0,0.17331600189208984,1.0,1.0,0.4814845025539398
1.0,0.15039999783039093,1.0,1.0,0.5,1,phonological_cueing,1.0,0.14955410361289978,1.0,1.0,0.4974965751171112
1.0,0.15039999783039093,1.0,1.0,0.5,10,word_picture_matching,1.0,0.15094240009784698,1.0,1.0,0.49057716131210327
1.0,0.15029999613761902,1.0,1.0,0.5,10,word_picture_matching,0.9913280010223389,0.15363827347755432,1.0,0.9974578619003296,0.4928916394710541
1.0,0.15029999613761902,1.0,1.0,0.5,11,free_conversation_prompting,1.0,0.16777850687503815,1.0,1.0,0.4896650016307831
1.0,0.15029999613761902,1.0,1.0,0.5,9,writing_to_dictation,1.0,0.1564428061246872,1.0,1.0,0.48740530014038086
1.0,0.15029999613761902,1.0,1.0,0.5,9,writing_to_dictation,1.0,0.15557652711868286,1.0,1.0,0.4901255965232849
1.0,0.15029999613761902,1.0,1.0,0.5,7,conversation_partner_training,1.0,0.15854117274284363,1.0,1.0,0.4755612909793854
1.0,0.43470001220703125,1.0,1.0,0.5,9,writing_to_dictation,1.0,0.4396359622478485,1.0,1.0,0.48856398463249207
1.0,0.43470001220703125,1.0,1.0,0.5,1,phonological_cueing,1.0,0.4340803027153015,1.0,1.0,0.49732106924057007
1.0,0.43470001220703125,1.0,1.0,0.5,5,script_training,1.0,0.4439716041088104,1.0,1.0,0.5005824565887451
1.0,0.43470001220703125,1.0,1.0,0.5,5,script_training,1.0,0.45072054862976074,1.0,1.0,0.4890596866607666
1.0,0.43470001220703125,1.0,1.0,0.5,10,word_picture_matching,0.9988129138946533,0.44376346468925476,0.994939923286438,1.0,0.5047575831413269
1.0,0.4212999939918518,1.0,1.0,0.5,5,script_training,1.0,0.43053290247917175,1.0,1.0,0.49520933628082275
1.0,0.4212999939918518,1.0,1.0,0.5,4,CILT_dialogue,1.0,0.4326067268848419,1.0,1.0,0.4813479483127594
1.0,0.4212999939918518,1.0,1.0,0.5,7,conversation_partner_training,1.0,0.4411676228046417,1.0,1.0,0.48516106605529785
1.0,0.4212999939918518,1.0,1.0,0.5,2,sentence_production_svo,0.9985239505767822,0.43386372923851013,1.0,1.0,0.4956699013710022
1.0,0.4212999939918518,1.0,1.0,0.5,1,phonological_cueing,1.0,0.42242488265037537,1.0,1.0,0.5005598664283752
1.0,0.15240000188350677,1.0,1.0,0.5,5,script_training,1.0,0.16502022743225098,0.9994157552719116,1.0,0.48716434836387634
1.0,0.15240000188350677,1.0,1.0,0.5,4,CILT_dialogue,1.0,0.16747331619262695,1.0,1.0,0.4972905218601227
1.0,0.15240000188350677,1.0,1.0,0.5,2,sentence_production_svo,1.0,0.16289377212524414,1.0,1.0,0.49000561237335205
1.0,0.15240000188350677,1.0,1.0,0.5,4,CILT_dialogue,1.0,0.15990565717220306,1.0,1.0,0.49959900975227356
1.0,0.15240000188350677,1.0,1.0,0.5,4,CILT_dialogue,1.0,0.16486908495426178,1.0,1.0,0.4778596758842468
1.0,0.10649999976158142,1.0,1.0,0.5,3,sentence_production_complex,1.0,0.11627940833568573,1.0,1.0,0.48062631487846375
1.0,0.10649999976158142,1.0,1.0,0.5,4,CILT_dialogue,1.0,0.11524245887994766,1.0,1.0,0.4841279685497284
1.0,0.10649999976158142,1.0,1.0,0.5,7,conversation_partner_training,1.0,0.12038581073284149,1.0,1.0,0.48939812183380127
1.0,0.10649999976158142,1.0,1.0,0.5,3,sentence_production_complex,1.0,0.10690969973802567,1.0,1.0,0.4892272651195526
1.0,0.10649999976158142,1.0,1.0,0.5,11,free_conversation_prompting,1.0,0.125295490026474,1.0,1.0,0.4874899983406067
1.0,0.19679999351501465,1.0,1.0,0.5,11,free_conversation_prompting,1.0,0.21192388236522675,1.0,1.0,0.4877100884914398
1.0,0.19679999351501465,1.0,1.0,0.5,5,script_training,1.0,0.20590022206306458,1.0,1.0,0.4967708885669708
1.0,0.19679999351501465,1.0,1.0,0.5,3,sentence_production_complex,1.0,0.20744730532169342,1.0,1.0,0.48847758769989014
1.0,0.19679999351501465,1.0,1.0,0.5,5,script_training,1.0,0.20130686461925507,1.0,1.0,0.48763930797576904
1.0,0.19679999351501465,1.0,1.0,0.5,10,word_picture_matching,1.0,0.19576922059059143,1.0,1.0,0.5055689215660095
1.0,0.19519999623298645,1.0,1.0,0.5,7,conversation_partner_training,1.0,0.20997311174869537,1.0,1.0,0.4880436658859253
1.0,0.19519999623298645,1.0,1.0,0.5,9,writing_to_dictation,0.9973907470703125,0.2060462236404419,1.0,1.0,0.4908270835876465
1.0,0.19519999623298645,1.0,1.0,0.5,5,script_training,1.0,0.20417848229408264,1.0,1.0,0.49765831232070923
1.0,0.19519999623298645,1.0,1.0,0.5,6,story_retelling,1.0,0.21570026874542236,1.0,1.0,0.49727189540863037
1.0,0.19519999623298645,1.0,1.0,0.5,3,sentence_production_complex,1.0,0.2046447992324829,1.0,1.0,0.491118848323822
1.0,0.2117999941110611,1.0,1.0,0.5,8,reading_comprehension,1.0,0.21272236108779907,1.0,1.0,0.49783772230148315
1.0,0.2117999941110611,1.0,1.0,0.5,2,sentence_production_svo,1.0,0.20897381007671356,1.0,1.0,0.49907562136650085
1.0,0.2117999941110611,1.0,1.0,0.5,7,conversation_partner_training,1.0,0.2334892600774765,1.0,1.0,0.49065154790878296
1.0,0.2117999941110611,1.0,1.0,0.5,10,word_picture_matching,1.0,0.22043101489543915,1.0,1.0,0.48740527033805847
1.0,0.2117999941110611,1.0,1.0,0.5,1,phonological_cueing,1.0,0.2157326191663742,1.0,1.0,0.5005255341529846
1.0,0.1906999945640564,1.0,1.0,0.5,6,story_retelling,1.0,0.19458189606666565,1.0,1.0,0.49551817774772644
1.0,0.1906999945640564,1.0,1.0,0.5,1,phonological_cueing,1.0,0.1962721049785614,1.0,1.0,0.49648013710975647
1.0,0.1906999945640564,1.0,1.0,0.5,7,conversation_partner_training,1.0,0.20351654291152954,1.0,1.0,0.4825010597705841
1.0,0.1906999945640564,1.0,1.0,0.5,0,SFA_naming,1.0,0.20710894465446472,1.0,1.0,0.4986031651496887
1.0,0.1906999945640564,1.0,1.0,0.5,11,free_conversation_prompting,1.0,0.20302307605743408,1.0,1.0,0.47714748978614807
1.0,0.17990000545978546,1.0,1.0,0.5,1,phonological_cueing,1.0,0.1783098727464676,1.0,1.0,0.5003267526626587
1.0,0.17990000545978546,1.0,1.0,0.5,11,free_conversation_prompting,1.0,0.19144998490810394,1.0,1.0,0.48714423179626465
1.0,0.17990000545978546,1.0,1.0,0.5,9,writing_to_dictation,1.0,0.1826547235250473,1.0,1.0,0.5000562071800232
1.0,0.17990000545978546,1.0,1.0,0.5,6,story_retelling,1.0,0.17434409260749817,1.0,1.0,0.500633716583252
1.0,0.17990000545978546,1.0,1.0,0.5,9,writing_to_dictation,1.0,0.17724144458770752,1.0,1.0,0.49143195152282715
1.0,0.16590000689029694,1.0,1.0,0.5,9,writing_to_dictation,1.0,0.16443286836147308,1.0,1.0,0.49822282791137695
1.0,0.16590000689029694,1.0,1.0,0.5,11,free_conversation_prompting,1.0,0.1865876317024231,1.0,1.0,0.48036789894104004
1.0,0.16590000689029694,1.0,1.0,0.5,2,sentence_production_svo,1.0,0.18129003047943115,1.0,1.0,0.4801892042160034
1.0,0.16590000689029694,1.0,1.0,0.5,6,story_retelling,1.0,0.17505678534507751,1.0,1.0,0.48809266090393066
1.0,0.16590000689029694,1.0,1.0,0.5,1,phonological_cueing,1.0,0.16916917264461517,1.0,1.0,0.49353569746017456
1.0,0.4666999876499176,1.0,1.0,0.5,6,story_retelling,1.0,0.47982916235923767,1.0,1.0,0.48678454756736755
1.0,0.4666999876499176,1.0,1.0,0.5,1,phonological_cueing,1.0,0.4778258502483368,1.0,1.0,0.4884735941886902
1.0,0.4666999876499176,1.0,1.0,0.5,6,story_retelling,1.0,0.4823409914970398,1.0,1.0,0.48828375339508057
1.0,0.4666999876499176,1.0,1.0,0.5,6,story_retelling,1.0,0.4872666895389557,1.0,1.0,0.4980721175670624
1.0,0.4666999876499176,1.0,1.0,0.5,5,script_training,1.0,0.473104327917099,1.0,1.0,0.4973815679550171
1.0,0.43700000643730164,1.0,1.0,0.5,5,script_training,1.0,0.4499886631965637,1.0,1.0,0.4873652160167694
1.0,0.43700000643730164,1.0,1.0,0.5,8,reading_comprehension,1.0,0.4405152499675751,1.0,1.0,0.487408846616745
1.0,0.43700000643730164,1.0,1.0,0.5,9,writing_to_dictation,1.0,0.43670251965522766,1.0,1.0,0.4966869652271271
1.0,0.43700000643730164,1.0,1.0,0.5,5,script_training,1.0,0.4431508183479309,1.0,1.0,0.5060282349586487
1.0,0.43700000643730164,1.0,1.0,0.5,6,story_retelling,1.0,0.44201046228408813,1.0,1.0,0.4832446873188019
1.0,0.46050000190734863,1.0,1.0,0.5,11,free_conversation_prompting,1.0,0.46297144889831543,1.0,1.0,0.4847581386566162
1.0,0.46050000190734863,1.0,1.0,0.5,1,phonological_cueing,1.0,0.46801498532295227,1.0,1.0,0.4993041455745697
1.0,0.46050000190734863,1.0,1.0,0.5,1,phonological_cueing,1.0,0.47181227803230286,1.0,1.0,0.49307888746261597
1.0,0.46050000190734863,1.0,1.0,0.5,0,SFA_naming,1.0,0.4759819507598877,1.0,1.0,0.4938165247440338
1.0,0.46050000190734863,1.0,1.0,0.5,7,conversation_partner_training,1.0,0.4805430769920349,1.0,1.0,0.4818422198295593
1.0,0.4505999982357025,1.0,1.0,0.5,4,CILT_dialogue,1.0,0.4627216160297394,1.0,1.0,0.499188631772995
1.0,0.4505999982357025,1.0,1.0,0.5,9,writing_to_dictation,1.0,0.46061819791793823,1.0,1.0,0.49913841485977173
1.0,0.4505999982357025,1.0,1.0,0.5,7,conversation_partner_training,1.0,0.4659672677516937,1.0,1.0,0.48374995589256287
1.0,0.4505999982357025,1.0,1.0,0.5,3,sentence_production_complex,1.0,0.44912171363830566,1.0,1.0,0.4879796504974365
1.0,0.4505999982357025,1.0,1.0,0.5,10,word_picture_matching,1.0,0.4480626583099365,1.0,1.0,0.5054305195808411
1.0,0.33500000834465027,1.0,1.0,0.5,8,reading_comprehension,1.0,0.34367552399635315,1.0,1.0,0.49524855613708496
1.0,0.33500000834465027,1.0,1.0,0.5,2,sentence_production_svo,1.0,0.3450267016887665,1.0,1.0,0.5005845427513123
1.0,0.33500000834465027,1.0,1.0,0.5,4,CILT_dialogue,1.0,0.34436553716659546,1.0,1.0,0.4924490451812744
1.0,0.33500000834465027,1.0,1.0,0.5,3,sentence_production_complex,1.0,0.3352358043193817,1.0,1.0,0.4888227581977844
1.0,0.33500000834465027,1.0,1.0,0.5,1,phonological_cueing,1.0,0.3381652235984802,1.0,1.0,0.4987006187438965
1.0,0.32659998536109924,1.0,1.0,0.5,1,phonological_cueing,1.0,0.3363502025604248,1.0,1.0,0.48879551887512207
1.0,0.32659998536109924,1.0,1.0,0.5,11,free_conversation_prompting,1.0,0.33413124084472656,1.0,1.0,0.4836735129356384
1.0,0.32659998536109924,1.0,1.0,0.5,4,CILT_dialogue,1.0,0.3446270525455475,1.0,1.0,0.48806315660476685
1.0,0.32659998536109924,1.0,1.0,0.5,4,CILT_dialogue,1.0,0.3388032615184784,1.0,1.0,0.49374300241470337
1.0,0.32659998536109924,1.0,1.0,0.5,8,reading_comprehension,0.9991413950920105,0.3310599625110626,1.0,1.0,0.49744799733161926
1.0,0.44279998540878296,1.0,1.0,0.5,6,story_retelling,1.0,0.4530111849308014,1.0,1.0,0.48952022194862366
1.0,0.44279998540878296,1.0,1.0,0.5,11,free_conversation_prompting,1.0,0.45866572856903076,1.0,1.0,0.4908832907676697
1.0,0.44279998540878296,1.0,1.0,0.5,9,writing_to_dictation,1.0,0.44631385803222656,1.0,1.0,0.4963665008544922
1.0,0.44279998540878296,1.0,1.0,0.5,5,script_training,1.0,0.4440913200378418,1.0,1.0,0.4892726540565491
1.0,0.44279998540878296,1.0,1.0,0.5,4,CILT_dialogue,1.0,0.4493555724620819,1.0,1.0,0.49420154094696045
1.0,0.38519999384880066,1.0,1.0,0.5,11,free_conversation_prompting,1.0,0.39233893156051636,1.0,1.0,0.48502594232559204
1.0,0.38519999384880066,1.0,1.0,0.5,7,conversation_partner_training,1.0,0.3926014006137848,1.0,1.0,0.48432546854019165
1.0,0.38519999384880066,1.0,1.0,0.5,11,free_conversation_prompting,1.0,0.4003187417984009,1.0,1.0,0.48608943819999695
1.0,0.38519999384880066,1.0,1.0,0.5,1,phonological_cueing,1.0,0.38925737142562866,1.0,1.0,0.5009241104125977
1.0,0.38519999384880066,1.0,1.0,0.5,10,word_picture_matching,1.0,0.38659244775772095,1.0,1.0,0.4995698928833008
1.0,0.4000000059604645,1.0,1.0,0.5,7,conversation_partner_training,1.0,0.41788414120674133,1.0,1.0,0.49715328216552734
1.0,0.4000000059604645,1.0,1.0,0.5,1,phonological_cueing,1.0,0.40268179774284363,1.0,1.0,0.4915018379688263
1.0,0.4000000059604645,1.0,1.0,0.5,6,story_retelling,1.0,0.4037289619445801,1.0,1.0,0.4882153868675232
1.0,0.4000000059604645,1.0,1.0,0.5,7,conversation_partner_training,1.0,0.4095746576786041,1.0,1.0,0.4937846064567566
1.0,0.4000000059604645,1.0,1.0,0.5,0,SFA_naming,1.0,0.41327670216560364,1.0,1.0,0.4866892993450165
1.0,0.33070001006126404,1.0,1.0,0.5,4,CILT_dialogue,1.0,0.34332817792892456,1.0,1.0,0.49307796359062195
1.0,0.33070001006126404,1.0,1.0,0.5,10,word_picture_matching,0.9970409274101257,0.33095812797546387,1.0,1.0,0.4954875111579895
1.0,0.33070001006126404,1.0,1.0,0.5,3,sentence_production_complex,1.0,0.342946320772171,1.0,1.0,0.49243786931037903
1.0,0.33070001006126404,1.0,1.0,0.5,5,script_training,1.0,0.33203157782554626,1.0,1.0,0.48878946900367737
1.0,0.33070001006126404,1.0,1.0,0.5,4,CILT_dialogue,1.0,0.341642290353775,1.0,1.0,0.4985458254814148
1.0,0.36169999837875366,1.0,1.0,0.5,3,sentence_production_complex,1.0,0.37763795256614685,1.0,1.0,0.4908381998538971
1.0,0.36169999837875366,1.0,1.0,0.5,11,free_conversation_prompting,1.0,0.3793809413909912,1.0,1.0,0.48850592970848083
1.0,0.36169999837875366,1.0,1.0,0.5,9,writing_to_dictation,1.0,0.360260933637619,1.0,1.0,0.49595117568969727
1.0,0.36169999837875366,1.0,1.0,0.5,1,phonological_cueing,1.0,0.35766440629959106,0.9991864562034607,0.9982924461364746,0.4904339611530304
1.0,0.36169999837875366,1.0,1.0,0.5,11,free_conversation_prompting,1.0,0.38809481263160706,1.0,1.0,0.49533939361572266
1.0,0.2556999921798706,1.0,1.0,0.5,10,word_picture_matching,1.0,0.25420910120010376,1.0,1.0,0.4872480034828186
1.0,0.2556999921798706,1.0,1.0,0.5,3,sentence_production_complex,1.0,0.26117661595344543,1.0,1.0,0.5004608035087585
1.0,0.2556999921798706,1.0,1.0,0.5,10,word_picture_matching,1.0,0.25683727860450745,0.9968373775482178,1.0,0.503827691078186
1.0,0.2556999921798706,1.0,1.0,0.5,1,phonological_cueing,0.9966026544570923,0.2690022885799408,1.0,1.0,0.4999566972255707
1.0,0.2556999921798706,1.0,1.0,0.5,11,free_conversation_prompting,1.0,0.26099270582199097,1.0,1.0,0.4860658347606659
1.0,0.17569999396800995,1.0,1.0,0.5,7,conversation_partner_training,1.0,0.1932617425918579,1.0,1.0,0.48202621936798096
1.0,0.17569999396800995,1.0,1.0,0.5,7,conversation_partner_training,1.0,0.18782757222652435,1.0,1.0,0.4940764904022217
1.0,0.17569999396800995,1.0,1.0,0.5,0,SFA_naming,1.0,0.1827782243490219,1.0,1.0,0.4952183663845062
1.0,0.17569999396800995,1.0,1.0,0.5,10,word_picture_matching,0.9891901016235352,0.17390727996826172,1.0,1.0,0.4936080574989319
1.0,0.17569999396800995,1.0,1.0,0.5,0,SFA_naming,1.0,0.17883983254432678,1.0,1.0,0.4949505627155304
1.0,0.17949999868869781,1.0,1.0,0.5,2,sentence_production_svo,1.0,0.19175119698047638,1.0,1.0,0.49467718601226807
1.0,0.17949999868869781,1.0,1.0,0.5,1,phonological_cueing,1.0,0.18472027778625488,1.0,1.0,0.5006112456321716
1.0,0.17949999868869781,1.0,1.0,0.5,9,writing_to_dictation,0.9966323375701904,0.19052743911743164,1.0,1.0,0.5007694959640503
1.0,0.17949999868869781,1.0,1.0,0.5,2,sentence_production_svo,1.0,0.17622877657413483,1.0,1.0,0.49627789855003357
1.0,0.17949999868869781,1.0,1.0,0.5,11,free_conversation_prompting,1.0,0.19355793297290802,1.0,1.0,0.49280470609664917
1.0,0.2775999903678894,1.0,1.0,0.5,7,conversation_partner_training,1.0,0.298159122467041,1.0,1.0,0.48912569880485535
1.0,0.2775999903678894,1.0,1.0,0.5,0,SFA_naming,0.9999738335609436,0.2871219217777252,1.0,1.0,0.48939982056617737
1.0,0.2775999903678894,1.0,1.0,0.5,0,SFA_naming,1.0,0.27949580550193787,1.0,1.0,0.4901961386203766
1.0,0.2775999903678894,1.0,1.0,0.5,0,SFA_naming,1.0,0.28607434034347534,1.0,1.0,0.49156439304351807
1.0,0.2775999903678894,1.0,1.0,0.5,6,story_retelling,1.0,0.29228854179382324,1.0,1.0,0.49169132113456726
1.0,0.27950000762939453,1.0,1.0,0.5,9,writing_to_dictation,1.0,0.28631532192230225,1.0,1.0,0.49509677290916443
1.0,0.27950000762939453,1.0,1.0,0.5,2,sentence_production_svo,1.0,0.28094401955604553,1.0,1.0,0.49026763439178467
1.0,0.27950000762939453,1.0,1.0,0.5,10,word_picture_matching,1.0,0.2835202217102051,1.0,1.0,0.49648916721343994
1.0,0.27950000762939453,1.0,1.0,0.5,0,SFA_naming,1.0,0.29564130306243896,1.0,1.0,0.499194860458374
1.0,0.27950000762939453,1.0,1.0,0.5,9,writing_to_dictation,1.0,0.2873082160949707,1.0,1.0,0.5068682432174683
1.0,0.2937999963760376,1.0,1.0,0.5,11,free_conversation_prompting,1.0,0.31351757049560547,1.0,1.0,0.47291722893714905
1.0,0.2937999963760376,1.0,1.0,0.5,8,reading_comprehension,1.0,0.29536500573158264,1.0,1.0,0.49667006731033325
1.0,0.2937999963760376,1.0,1.0,0.5,7,conversation_partner_training,1.0,0.30646342039108276,1.0,1.0,0.477479487657547
1.0,0.2937999963760376,1.0,1.0,0.5,10,word_picture_matching,0.9945921897888184,0.29765784740448,0.99672931432724,1.0,0.49220919609069824
1.0,0.2937999963760376,1.0,1.0,0.5,0,SFA_naming,1.0,0.30041712522506714,1.0,1.0,0.5076269507408142
1.0,0.2768000066280365,1.0,1.0,0.5,2,sentence_production_svo,1.0,0.27388089895248413,1.0,1.0,0.4928245544433594
1.0,0.2768000066280365,1.0,1.0,0.5,1,phonological_cueing,1.0,0.27551892399787903,1.0,1.0,0.4934089183807373
1.0,0.2768000066280365,1.0,1.0,0.5,5,script_training,1.0,0.2832399606704712,1.0,1.0,0.49669334292411804
1.0,0.2768000066280365,1.0,1.0,0.5,8,reading_comprehension,0.9988008141517639,0.2779528498649597,1.0,1.0,0.4951880872249603
1.0,0.2768000066280365,1.0,1.0,0.5,6,story_retelling,1.0,0.2793162763118744,1.0,1.0,0.49266183376312256
1.0,0.3587999939918518,1.0,1.0,0.5,10,word_picture_matching,1.0,0.36460748314857483,1.0,1.0,0.4994893968105316
1.0,0.3587999939918518,1.0,1.0,0.5,1,phonological_cueing,0.9947488903999329,0.358277291059494,1.0,1.0,0.501329779624939
1.0,0.3587999939918518,1.0,1.0,0.5,8,reading_comprehension,1.0,0.3671928942203522,1.0,0.9980458617210388,0.49421247839927673
1.0,0.3587999939918518,1.0,1.0,0.5,2,sentence_production_svo,1.0,0.37373778223991394,1.0,1.0,0.5001453161239624
1.0,0.3587999939918518,1.0,1.0,0.5,2,sentence_production_svo,1.0,0.3633043169975281,1.0,1.0,0.48928308486938477
1.0,0.3783999979496002,1.0,1.0,0.5,7,conversation_partner_training,1.0,0.3981369435787201,1.0,1.0,0.4833759069442749
1.0,0.3783999979496002,1.0,1.0,0.5,11,free_conversation_prompting,1.0,0.39258286356925964,1.0,1.0,0.47684356570243835
1.0,0.3783999979496002,1.0,1.0,0.5,6,story_retelling,1.0,0.3833399713039398,1.0,1.0,0.4918408989906311
1.0,0.3783999979496002,1.0,1.0,0.5,0,SFA_naming,1.0,0.3778793215751648,0.9985707402229309,1.0,0.4862247109413147
1.0,0.3783999979496002,1.0,1.0,0.5,6,story_retelling,1.0,0.3894496560096741,1.0,1.0,0.4929576516151428
1.0,0.19930000603199005,1.0,1.0,0.5,0,SFA_naming,1.0,0.19985902309417725,1.0,1.0,0.49039560556411743
1.0,0.19930000603199005,1.0,1.0,0.5,10,word_picture_matching,0.9970724582672119,0.19462767243385315,1.0,1.0,0.49735525250434875
1.0,0.19930000603199005,1.0,1.0,0.5,7,conversation_partner_training,1.0,0.21120142936706543,1.0,1.0,0.48714151978492737
1.0,0.19930000603199005,1.0,1.0,0.5,1,phonological_cueing,1.0,0.20662954449653625,1.0,1.0,0.4904460906982422
1.0,0.19930000603199005,1.0,1.0,0.5,1,phonological_cueing,1.0,0.1922694891691208,1.0,1.0,0.4878571331501007
1.0,0.18619999289512634,1.0,1.0,0.5,2,sentence_production_svo,1.0,0.19653771817684174,1.0,1.0,0.49615421891212463
1.0,0.18619999289512634,1.0,1.0,0.5,11,free_conversation_prompting,1.0,0.1962568759918213,1.0,1.0,0.49188026785850525
1.0,0.18619999289512634,1.0,1.0,0.5,5,script_training,1.0,0.20116063952445984,1.0,1.0,0.4924922585487366
1.0,0.18619999289512634,1.0,1.0,0.5,9,writing_to_dictation,1.0,0.1915270984172821,1.0,1.0,0.48802652955055237
1.0,0.18619999289512634,1.0,1.0,0.5,7,conversation_partner_training,1.0,0.1926831603050232,1.0,1.0,0.4929656684398651
1.0,0.33880001306533813,1.0,1.0,0.5,6,story_retelling,1.0,0.34964054822921753,1.0,1.0,0.48957452178001404
1.0,0.33880001306533813,1.0,1.0,0.5,1,phonological_cueing,1.0,0.34154918789863586,1.0,1.0,0.4961642324924469
1.0,0.33880001306533813,1.0,1.0,0.5,11,free_conversation_prompting,1.0,0.35769423842430115,1.0,1.0,0.48494482040405273
1.0,0.33880001306533813,1.0,1.0,0.5,3,sentence_production_complex,1.0,0.34352993965148926,1.0,1.0,0.48680761456489563
1.0,0.33880001306533813,1.0,1.0,0.5,6,story_retelling,1.0,0.34127962589263916,1.0,1.0,0.49112528562545776
1.0,0.335099995136261,1.0,1.0,0.5,7,conversation_partner_training,1.0,0.35245373845100403,1.0,1.0,0.48853233456611633
1.0,0.335099995136261,1.0,1.0,0.5,7,conversation_partner_training,1.0,0.34485021233558655,1.0,1.0,0.4954443573951721
1.0,0.335099995136261,1.0,1.0,0.5,11,free_conversation_prompting,1.0,0.35157322883605957,1.0,1.0,0.4905202388763428
1.0,0.335099995136261,1.0,1.0,0.5,1,phonological_cueing,1.0,0.3376730978488922,1.0,1.0,0.4948594868183136
1.0,0.335099995136261,1.0,1.0,0.5,5,script_training,1.0,0.3375590741634369,1.0,1.0,0.48476290702819824
1.0,0.2718000113964081,1.0,1.0,0.5,4,CILT_dialogue,1.0,0.2809479534626007,1.0,1.0,0.4941420555114746
1.0,0.2718000113964081,1.0,1.0,0.5,5,script_training,1.0,0.2731309235095978,1.0,1.0,0.4996781051158905
1.0,0.2718000113964081,1.0,1.0,0.5,1,phonological_cueing,1.0,0.27778878808021545,1.0,1.0,0.4908629059791565
1.0,0.2718000113964081,1.0,1.0,0.5,1,phonological_cueing,1.0,0.2804749011993408,1.0,1.0,0.4936676621437073
1.0,0.2718000113964081,1.0,1.0,0.5,3,sentence_production_complex,1.0,0.28079256415367126,1.0,1.0,0.4827350080013275
1.0,0.25679999589920044,1.0,1.0,0.5,3,sentence_production_complex,1.0,0.2629930377006531,1.0,1.0,0.48916497826576233
1.0,0.25679999589920044,1.0,1.0,0.5,4,CILT_dialogue,1.0,0.2680772840976715,1.0,1.0,0.4899222254753113
1.0,0.25679999589920044,1.0,1.0,0.5,6,story_retelling,1.0,0.26323071122169495,1.0,1.0,0.4899148643016815
1.0,0.25679999589920044,1.0,1.0,0.5,6,story_retelling,1.0,0.2668905556201935,1.0,1.0,0.4953834116458893
1.0,0.25679999589920044,1.0,1.0,0.5,4,CILT_dialogue,1.0,0.2683853507041931,1.0,1.0,0.497142493724823
1.0,0.21879999339580536,1.0,1.0,0.5,4,CILT_dialogue,1.0,0.22467519342899323,1.0,1.0,0.4901907444000244
1.0,0.21879999339580536,1.0,1.0,0.5,2,sentence_production_svo,1.0,0.22743716835975647,1.0,1.0,0.4937784969806671
1.0,0.21879999339580536,1.0,1.0,0.5,6,story_retelling,1.0,0.22772216796875,1.0,1.0,0.4869803190231323
1.0,0.21879999339580536,1.0,1.0,0.5,3,sentence_production_complex,1.0,0.22567135095596313,1.0,1.0,0.49616074562072754
1.0,0.21879999339580536,1.0,1.0,0.5,0,SFA_naming,1.0,0.22827008366584778,1.0,1.0,0.4954104423522949
1.0,0.20739999413490295,1.0,1.0,0.5,4,CILT_dialogue,1.0,0.21485863626003265,1.0,1.0,0.4926968216896057
1.0,0.20739999413490295,1.0,1.0,0.5,5,script_training,1.0,0.2203197181224823,1.0,1.0,0.4948347210884094
1.0,0.20739999413490295,1.0,1.0,0.5,2,sentence_production_svo,1.0,0.21512773633003235,1.0,1.0,0.49612969160079956
1.0,0.20739999413490295,1.0,1.0,0.5,6,story_retelling,1.0,0.2154035121202469,1.0,1.0,0.49668145179748535
1.0,0.20739999413490295,1.0,1.0,0.5,6,story_retelling,1.0,0.21958687901496887,1.0,1.0,0.49402308464050293
1.0,0.3718000054359436,1.0,1.0,0.5,7,conversation_partner_training,1.0,0.39023661613464355,1.0,1.0,0.48973536491394043
1.0,0.3718000054359436,1.0,1.0,0.5,7,conversation_partner_training,1.0,0.38096997141838074,1.0,1.0,0.4842868149280548
1.0,0.3718000054359436,1.0,1.0,0.5,7,conversation_partner_training,1.0,0.3779507279396057,1.0,1.0,0.4844629466533661
1.0,0.3718000054359436,1.0,1.0,0.5,3,sentence_production_complex,1.0,0.38674235343933105,1.0,1.0,0.4912070035934448
1.0,0.3718000054359436,1.0,1.0,0.5,9,writing_to_dictation,0.9988240599632263,0.3810919225215912,1.0,1.0,0.484098881483078
1.0,0.33629998564720154,1.0,1.0,0.5,6,story_retelling,1.0,0.3419696092605591,1.0,1.0,0.49851086735725403
1.0,0.33629998564720154,1.0,1.0,0.5,4,CILT_dialogue,1.0,0.3456411361694336,1.0,1.0,0.4876595437526703
1.0,0.33629998564720154,1.0,1.0,0.5,6,story_retelling,1.0,0.34076234698295593,1.0,1.0,0.4872244596481323
1.0,0.33629998564720154,1.0,1.0,0.5,3,sentence_production_complex,1.0,0.34962937235832214,1.0,1.0,0.49180662631988525
1.0,0.33629998564720154,1.0,1.0,0.5,5,script_training,1.0,0.347754567861557,1.0,1.0,0.4878658354282379
0.5,0.666700005531311,1.0,0.0,0.5,8,reading_comprehension,0.5138233304023743,0.6690157651901245,1.0,0.005978296045213938,0.4917401373386383
0.5,0.666700005531311,1.0,0.0,0.5,10,word_picture_matching,0.5088483691215515,0.6702940464019775,1.0,0.00448197778314352,0.4875297248363495
0.5,0.666700005531311,1.0,0.0,0.5,11,free_conversation_prompting,0.5128061771392822,0.6766827702522278,1.0,0.022044969722628593,0.4820340871810913
0.5,0.666700005531311,1.0,0.0,0.5,5,script_training,0.5068525671958923,0.6739967465400696,1.0,0.02243455871939659,0.48675867915153503
0.5,0.666700005531311,1.0,0.0,0.5,5,script_training,0.5195311307907104,0.670063316822052,1.0,0.011457337066531181,0.49309003353118896
0.5,0.5,0.0,0.0,0.5,9,writing_to_dictation,0.5041370391845703,0.5068939924240112,0.006592013407498598,0.007854527793824673,0.5026580095291138
0.5,0.5,0.0,0.0,0.5,3,sentence_production_complex,0.5117185711860657,0.5092629194259644,0.011872656643390656,0.014423494227230549,0.49495023488998413
0.5,0.5,0.0,0.0,0.5,10,word_picture_matching,0.5074806213378906,0.5096124410629272,0.004701921250671148,0.0009766626171767712,0.4960516393184662
0.5,0.5,0.0,0.0,0.5,5,script_training,0.5120924711227417,0.5124683380126953,0.015597274526953697,0.012584084644913673,0.49179136753082275
0.5,0.5,0.0,0.0,0.5,1,phonological_cueing,0.5059079527854919,0.5102744698524475,0.011358569376170635,0.0046334704384207726,0.49178096652030945
1.0,0.2897000014781952,1.0,1.0,0.5,0,SFA_naming,1.0,0.28732410073280334,1.0,1.0,0.49242445826530457
1.0,0.2897000014781952,1.0,1.0,0.5,10,word_picture_matching,1.0,0.29269078373908997,1.0,1.0,0.49781644344329834
1.0,0.2897000014781952,1.0,1.0,0.5,0,SFA_naming,1.0,0.2954103648662567,1.0,1.0,0.49825519323349
1.0,0.2897000014781952,1.0,1.0,0.5,3,sentence_production_complex,1.0,0.29599031805992126,1.0,1.0,0.489602655172348
1.0,0.2897000014781952,1.0,1.0,0.5,3,sentence_production_complex,1.0,0.2979212701320648,1.0,1.0,0.4933813810348511
1.0,0.31279999017715454,1.0,1.0,0.5,1,phonological_cueing,1.0,0.3246604800224304,1.0,1.0,0.4893742501735687
1.0,0.31279999017715454,1.0,1.0,0.5,3,sentence_production_complex,1.0,0.31864961981773376,1.0,1.0,0.49776190519332886
1.0,0.31279999017715454,1.0,1.0,0.5,8,reading_comprehension,1.0,0.3163985013961792,1.0,0.9968273639678955,0.4937838017940521
1.0,0.31279999017715454,1.0,1.0,0.5,0,SFA_naming,1.0,0.30490565299987793,1.0,1.0,0.4891693592071533
1.0,0.31279999017715454,1.0,1.0,0.5,10,word_picture_matching,1.0,0.3238796591758728,1.0,1.0,0.4950733184814453
1.0,0.3553999960422516,1.0,1.0,0.5,10,word_picture_matching,1.0,0.3479461073875427,1.0,1.0,0.49448615312576294
1.0,0.3553999960422516,1.0,1.0,0.5,4,CILT_dialogue,1.0,0.3638093173503876,1.0,1.0,0.4802318513393402
1.0,0.3553999960422516,1.0,1.0,0.5,1,phonological_cueing,1.0,0.3644649088382721,1.0,1.0,0.49169817566871643
1.0,0.3553999960422516,1.0,1.0,0.5,6,story_retelling,1.0,0.3739294707775116,1.0,1.0,0.49474263191223145
1.0,0.3553999960422516,1.0,1.0,0.5,1,phonological_cueing,1.0,0.36525028944015503,1.0,1.0,0.4930121898651123
1.0,0.328000009059906,1.0,1.0,0.5,4,CILT_dialogue,1.0,0.3397882580757141,1.0,1.0,0.48983630537986755
1.0,0.328000009059906,1.0,1.0,0.5,11,free_conversation_prompting,1.0,0.33569255471229553,1.0,1.0,0.489404559135437
1.0,0.328000009059906,1.0,1.0,0.5,11,free_conversation_prompting,1.0,0.3374062776565552,1.0,1.0,0.4827471673488617
1.0,0.328000009059906,1.0,1.0,0.5,8,reading_comprehension,1.0,0.33533406257629395,0.9996798038482666,1.0,0.48986661434173584
1.0,0.328000009059906,1.0,1.0,0.5,3,sentence_production_complex,1.0,0.3433939516544342,1.0,1.0,0.4954734146595001
1.0,0.19200000166893005,1.0,1.0,0.5,7,conversation_partner_training,1.0,0.2069719433784485,1.0,1.0,0.49487823247909546
1.0,0.19200000166893005,1.0,1.0,0.5,7,conversation_partner_training,1.0,0.20687834918498993,1.0,1.0,0.4791453182697296
1.0,0.19200000166893005,1.0,1.0,0.5,4,CILT_dialogue,1.0,0.20149123668670654,1.0,1.0,0.48678842186927795
1.0,0.19200000166893005,1.0,1.0,0.5,7,conversation_partner_training,1.0,0.1999266892671585,1.0,1.0,0.4941146969795227
1.0,0.19200000166893005,1.0,1.0,0.5,0,SFA_naming,1.0,0.19106735289096832,1.0,1.0,0.491656631231308
1.0,0.21879999339580536,1.0,1.0,0.5,2,sentence_production_svo,1.0,0.22019371390342712,1.0,1.0,0.4890107214450836
1.0,0.21879999339580536,1.0,1.0,0.5,5,script_training,0.9998942613601685,0.23677518963813782,1.0,1.0,0.48933175206184387
1.0,0.21879999339580536,1.0,1.0,0.5,1,phonological_cueing,1.0,0.22531071305274963,1.0,1.0,0.4977097809314728
1.0,0.21879999339580536,1.0,1.0,0.5,1,phonological_cueing,1.0,0.2152005136013031,1.0,1.0,0.4903979003429413
1.0,0.21879999339580536,1.0,1.0,0.5,10,word_picture_matching,0.9957567453384399,0.2210315465927124,1.0,1.0,0.4978165626525879
1.0,0.2870999872684479,1.0,1.0,0.5,11,free_conversation_prompting,1.0,0.3029562532901764,1.0,1.0,0.4836854338645935
1.0,0.2870999872684479,1.0,1.0,0.5,6,story_retelling,1.0,0.3013688325881958,1.0,1.0,0.4880985617637634
1.0,0.2870999872684479,1.0,1.0,0.5,10,word_picture_matching,1.0,0.28825822472572327,0.9955170750617981,1.0,0.5018556714057922
1.0,0.2870999872684479,1.0,1.0,0.5,11,free_conversation_prompting,1.0,0.3013794422149658,1.0,1.0,0.4808058738708496
1.0,0.2870999872684479,1.0,1.0,0.5,1,phonological_cueing,1.0,0.29359710216522217,1.0,1.0,0.4945671856403351
1.0,0.22349999845027924,1.0,1.0,0.5,4,CILT_dialogue,1.0,0.2429376244544983,1.0,1.0,0.4863432049751282
1.0,0.22349999845027924,1.0,1.0,0.5,4,CILT_dialogue,1.0,0.2268618494272232,1.0,1.0,0.49335622787475586
1.0,0.22349999845027924,1.0,1.0,0.5,0,SFA_naming,1.0,0.23208922147750854,1.0,1.0,0.49482855200767517
1.0,0.22349999845027924,1.0,1.0,0.5,8,reading_comprehension,1.0,0.22133074700832367,1.0,1.0,0.4993510842323303
1.0,0.22349999845027924,1.0,1.0,0.5,4,CILT_dialogue,1.0,0.23785990476608276,1.0,1.0,0.49796202778816223
1.0,0.2994000017642975,1.0,1.0,0.5,5,script_training,1.0,0.31058087944984436,1.0,1.0,0.49517056345939636
1.0,0.2994000017642975,1.0,1.0,0.5,1,phonological_cueing,1.0,0.295944482088089,1.0,1.0,0.4904843270778656
1.0,0.2994000017642975,1.0,1.0,0.5,1,phonological_cueing,1.0,0.29626530408859253,1.0,1.0,0.5039252042770386
1.0,0.2994000017642975,1.0,1.0,0.5,10,word_picture_matching,1.0,0.2959781587123871,1.0,1.0,0.49592965841293335
1.0,0.2994000017642975,1.0,1.0,0.5,0,SFA_naming,1.0,0.29752564430236816,1.0,1.0,0.49142515659332275
1.0,0.314300000667572,1.0,1.0,0.5,2,sentence_production_svo,1.0,0.3201448917388916,1.0,1.0,0.4933589994907379
1.0,0.314300000667572,1.0,1.0,0.5,3,sentence_production_complex,1.0,0.3127560317516327,1.0,1.0,0.48966506123542786
1.0,0.314300000667572,1.0,1.0,0.5,5,script_training,1.0,0.3175133764743805,1.0,1.0,0.4999053180217743
1.0,0.314300000667572,1.0,1.0,0.5,6,story_retelling,1.0,0.33217301964759827,1.0,1.0,0.49346625804901123
1.0,0.314300000667572,1.0,1.0,0.5,5,script_training,1.0,0.3282286524772644,1.0,1.0,0.4883961081504822
1.0,0.13760000467300415,1.0,1.0,0.5,0,SFA_naming,1.0,0.14114446938037872,1.0,1.0,0.4975403845310211
1.0,0.13760000467300415,1.0,1.0,0.5,2,sentence_production_svo,1.0,0.1402798593044281,1.0,1.0,0.4824674427509308
1.0,0.13760000467300415,1.0,1.0,0.5,10,word_picture_matching,1.0,0.14394861459732056,1.0,0.991027295589447,0.501915454864502
1.0,0.13760000467300415,1.0,1.0,0.5,7,conversation_partner_training,1.0,0.15610717236995697,1.0,1.0,0.4848554730415344
1.0,0.13760000467300415,1.0,1.0,0.5,7,conversation_partner_training,1.0,0.13837690651416779,1.0,1.0,0.4887867867946625
1.0,0.17180000245571136,1.0,1.0,0.5,7,conversation_partner_training,1.0,0.1904011368751526,1.0,1.0,0.49402645230293274
1.0,0.17180000245571136,1.0,1.0,0.5,8,reading_comprehension,1.0,0.17542828619480133,1.0,1.0,0.49580714106559753
1.0,0.17180000245571136,1.0,1.0,0.5,0,SFA_naming,1.0,0.17653235793113708,1.0,1.0,0.4898020923137665
1.0,0.17180000245571136,1.0,1.0,0.5,4,CILT_dialogue,1.0,0.18639181554317474,1.0,1.0,0.48487451672554016
1.0,0.17180000245571136,1.0,1.0,0.5,5,script_training,1.0,0.18832537531852722,1.0,1.0,0.4856146275997162
1.0,0.366100013256073,1.0,1.0,0.5,3,sentence_production_complex,1.0,0.38054582476615906,1.0,1.0,0.4923083782196045
1.0,0.366100013256073,1.0,1.0,0.5,10,word_picture_matching,1.0,0.3684239685535431,1.0,1.0,0.4920351803302765
1.0,0.366100013256073,1.0,1.0,0.5,5,script_training,1.0,0.3690713346004486,1.0,1.0,0.4935097396373749
1.0,0.366100013256073,1.0,1.0,0.5,8,reading_comprehension,1.0,0.3700949251651764,1.0,1.0,0.49310410022735596
1.0,0.366100013256073,1.0,1.0,0.5,10,word_picture_matching,1.0,0.36953645944595337,1.0,1.0,0.49552208185195923
1.0,0.4255000054836273,1.0,1.0,0.5,5,script_training,1.0,0.44370782375335693,1.0,1.0,0.48832717537879944
1.0,0.4255000054836273,1.0,1.0,0.5,11,free_conversation_prompting,1.0,0.4356178939342499,1.0,1.0,0.4838319718837738
1.0,0.4255000054836273,1.0,1.0,0.5,6,story_retelling,1.0,0.43198394775390625,1.0,1.0,0.48971661925315857
1.0,0.4255000054836273,1.0,1.0,0.5,10,word_picture_matching,1.0,0.4282110035419464,1.0,0.9989262819290161,0.4865296483039856
1.0,0.4255000054836273,1.0,1.0,0.5,3,sentence_production_complex,1.0,0.44976386427879333,1.0,1.0,0.49874696135520935
1.0,0.47749999165534973,1.0,1.0,0.5,5,script_training,1.0,0.48760032653808594,1.0,1.0,0.48874136805534363
1.0,0.47749999165534973,1.0,1.0,0.5,5,script_training,1.0,0.4899502396583557,1.0,1.0,0.4824732840061188
1.0,0.47749999165534973,1.0,1.0,0.5,1,phonological_cueing,0.9984481930732727,0.4731205403804779,1.0,1.0,0.48998698592185974
1.0,0.47749999165534973,1.0,1.0,0.5,4,CILT_dialogue,1.0,0.48809656500816345,1.0,1.0,0.4851134419441223
1.0,0.47749999165534973,1.0,1.0,0.5,11,free_conversation_prompting,1.0,0.4834812581539154,1.0,1.0,0.49207255244255066
1.0,0.2856999933719635,1.0,1.0,0.5,6,story_retelling,1.0,0.2916747033596039,1.0,1.0,0.49045246839523315
1.0,0.2856999933719635,1.0,1.0,0.5,1,phonological_cueing,0.997312605381012,0.2898713946342468,1.0,1.0,0.4979170560836792
1.0,0.2856999933719635,1.0,1.0,0.5,3,sentence_production_complex,1.0,0.29071128368377686,1.0,1.0,0.49217891693115234
1.0,0.2856999933719635,1.0,1.0,0.5,2,sentence_production_svo,1.0,0.2979029417037964,1.0,1.0,0.49173885583877563
1.0,0.2856999933719635,1.0,1.0,0.5,0,SFA_naming,1.0,0.28884539008140564,1.0,1.0,0.48849013447761536
1.0,0.18359999358654022,1.0,1.0,0.5,11,free_conversation_prompting,1.0,0.19984892010688782,1.0,1.0,0.48304283618927
1.0,0.18359999358654022,1.0,1.0,0.5,4,CILT_dialogue,1.0,0.19242888689041138,1.0,1.0,0.4899137616157532
1.0,0.18359999358654022,1.0,1.0,0.5,3,sentence_production_complex,1.0,0.1948118954896927,1.0,1.0,0.48806074261665344
1.0,0.18359999358654022,1.0,1.0,0.5,6,story_retelling,1.0,0.18729287385940552,1.0,1.0,0.48772451281547546
1.0,0.18359999358654022,1.0,1.0,0.5,0,SFA_naming,1.0,0.1934613138437271,1.0,1.0,0.49226808547973633
1.0,0.21559999883174896,1.0,1.0,0.5,3,sentence_production_complex,1.0,0.22366927564144135,1.0,1.0,0.4912688732147217
1.0,0.21559999883174896,1.0,1.0,0.5,7,conversation_partner_training,1.0,0.22468069195747375,1.0,1.0,0.48644763231277466
1.0,0.21559999883174896,1.0,1.0,0.5,6,story_retelling,1.0,0.22770939767360687,1.0,1.0,0.48245975375175476
1.0,0.21559999883174896,1.0,1.0,0.5,11,free_conversation_prompting,1.0,0.2301902174949646,1.0,1.0,0.4911152720451355
1.0,0.21559999883174896,1.0,1.0,0.5,6,story_retelling,1.0,0.22199776768684387,0.9989437460899353,1.0,0.49466800689697266
1.0,0.2741999924182892,1.0,1.0,0.5,5,script_training,1.0,0.28186339139938354,1.0,1.0,0.5025014281272888
1.0,0.2741999924182892,1.0,1.0,0.5,8,reading_comprehension,1.0,0.2761441469192505,1.0,1.0,0.49962756037712097
1.0,0.2741999924182892,1.0,1.0,0.5,10,word_picture_matching,1.0,0.27391642332077026,1.0,1.0,0.4856345057487488
1.0,0.2741999924182892,1.0,1.0,0.5,7,conversation_partner_training,1.0,0.2849927842617035,1.0,1.0,0.49451541900634766
1.0,0.2741999924182892,1.0,1.0,0.5,11,free_conversation_prompting,1.0,0.29029640555381775,1.0,1.0,0.48557770252227783
1.0,0.22259999811649323,1.0,1.0,0.5,9,writing_to_dictation,1.0,0.2227005660533905,1.0,1.0,0.4899222254753113
1.0,0.22259999811649323,1.0,1.0,0.5,10,word_picture_matching,1.0,0.23192071914672852,1.0,1.0,0.5029157996177673
1.0,0.22259999811649323,1.0,1.0,0.5,1,phonological_cueing,1.0,0.22662732005119324,1.0,1.0,0.49631622433662415
1.0,0.22259999811649323,1.0,1.0,0.5,8,reading_comprehension,0.9964026212692261,0.2329447865486145,1.0,1.0,0.4850850999355316
1.0,0.22259999811649323,1.0,1.0,0.5,4,CILT_dialogue,1.0,0.2337481826543808,1.0,1.0,0.48995161056518555
1.0,0.2806999981403351,1.0,1.0,0.5,6,story_retelling,1.0,0.28551989793777466,1.0,1.0,0.4829607903957367
1.0,0.2806999981403351,1.0,1.0,0.5,7,conversation_partner_training,1.0,0.2962079644203186,1.0,1.0,0.48548266291618347
1.0,0.2806999981403351,1.0,1.0,0.5,11,free_conversation_prompting,1.0,0.28938859701156616,1.0,1.0,0.4832164943218231
1.0,0.2806999981403351,1.0,1.0,0.5,11,free_conversation_prompting,1.0,0.28959593176841736,1.0,1.0,0.4855695366859436
1.0,0.2806999981403351,1.0,1.0,0.5,3,sentence_production_complex,1.0,0.2882993221282959,1.0,1.0,0.48660334944725037
1.0,0.1860000044107437,1.0,1.0,0.5,8,reading_comprehension,1.0,0.1874653846025467,1.0,1.0,0.49776601791381836
1.0,0.1860000044107437,1.0,1.0,0.5,8,reading_comprehension,1.0,0.19304746389389038,1.0,1.0,0.48371636867523193
1.0,0.1860000044107437,1.0,1.0,0.5,3,sentence_production_complex,1.0,0.19344083964824677,1.0,1.0,0.4922322928905487
1.0,0.1860000044107437,1.0,1.0,0.5,1,phonological_cueing,1.0,0.18951278924942017,1.0,1.0,0.49594175815582275
1.0,0.1860000044107437,1.0,1.0,0.5,0,SFA_naming,1.0,0.18657365441322327,1.0,1.0,0.4967114329338074
1.0,0.27149999141693115,1.0,1.0,0.5,9,writing_to_dictation,0.9989657998085022,0.2684481739997864,1.0,1.0,0.49063488841056824
1.0,0.27149999141693115,1.0,1.0,0.5,5,script_training,1.0,0.2735074758529663,1.0,1.0,0.49360087513923645
1.0,0.27149999141693115,1.0,1.0,0.5,11,free_conversation_prompting,1.0,0.2816600203514099,1.0,1.0,0.48893213272094727
1.0,0.27149999141693115,1.0,1.0,0.5,5,script_training,1.0,0.2733701169490814,1.0,1.0,0.48801618814468384
1.0,0.27149999141693115,1.0,1.0,0.5,11,free_conversation_prompting,1.0,0.27865320444107056,1.0,1.0,0.48527616262435913
1.0,0.3257000148296356,1.0,1.0,0.5,4,CILT_dialogue,1.0,0.33800551295280457,1.0,1.0,0.48034432530403137
1.0,0.3257000148296356,1.0,1.0,0.5,9,writing_to_dictation,1.0,0.33044421672821045,1.0,1.0,0.4903273284435272
1.0,0.3257000148296356,1.0,1.0,0.5,0,SFA_naming,1.0,0.3319552540779114,1.0,1.0,0.49804744124412537
1.0,0.3257000148296356,1.0,1.0,0.5,6,story_retelling,1.0,0.3272528350353241,1.0,1.0,0.4839276373386383
1.0,0.3257000148296356,1.0,1.0,0.5,9,writing_to_dictation,1.0,0.3265793025493622,1.0,1.0,0.49335747957229614
1.0,0.1923000067472458,1.0,1.0,0.5,11,free_conversation_prompting,1.0,0.21047715842723846,1.0,1.0,0.4809136688709259
1.0,0.1923000067472458,1.0,1.0,0.5,10,word_picture_matching,1.0,0.1968609243631363,1.0,1.0,0.4956779181957245
1.0,0.1923000067472458,1.0,1.0,0.5,0,SFA_naming,1.0,0.20206744968891144,1.0,1.0,0.4876769483089447
1.0,0.1923000067472458,1.0,1.0,0.5,4,CILT_dialogue,1.0,0.20899143815040588,1.0,1.0,0.48913049697875977
1.0,0.1923000067472458,1.0,1.0,0.5,0,SFA_naming,1.0,0.19419020414352417,1.0,1.0,0.49020451307296753
1.0,0.23109999299049377,1.0,1.0,0.5,1,phonological_cueing,1.0,0.24329537153244019,1.0,1.0,0.4897482693195343
1.0,0.23109999299049377,1.0,1.0,0.5,7,conversation_partner_training,1.0,0.23486359417438507,1.0,1.0,0.4842502176761627
1.0,0.23109999299049377,1.0,1.0,0.5,7,conversation_partner_training,1.0,0.24807032942771912,1.0,1.0,0.501108705997467
1.0,0.23109999299049377,1.0,1.0,0.5,9,writing_to_dictation,1.0,0.24056795239448547,1.0,1.0,0.5003296136856079
1.0,0.23109999299049377,1.0,1.0,0.5,10,word_picture_matching,0.9940444827079773,0.23412670195102692,1.0,1.0,0.5027223229408264
1.0,0.3138999938964844,1.0,1.0,0.5,8,reading_comprehension,1.0,0.31648099422454834,1.0,0.9994477033615112,0.5047726631164551
1.0,0.3138999938964844,1.0,1.0,0.5,9,writing_to_dictation,1.0,0.3137931823730469,1.0,1.0,0.49825745820999146
1.0,0.3138999938964844,1.0,1.0,0.5,0,SFA_naming,1.0,0.3223566710948944,1.0,1.0,0.5015701651573181
1.0,0.3138999938964844,1.0,1.0,0.5,2,sentence_production_svo,1.0,0.31718307733535767,1.0,1.0,0.49700188636779785
1.0,0.3138999938964844,1.0,1.0,0.5,6,story_retelling,1.0,0.3341135084629059,1.0,1.0,0.492640882730484
1.0,0.23999999463558197,1.0,1.0,0.5,10,word_picture_matching,0.9965476989746094,0.2459380328655243,1.0,1.0,0.49550768733024597
1.0,0.23999999463558197,1.0,1.0,0.5,0,SFA_naming,1.0,0.24928513169288635,1.0,1.0,0.499017596244812
1.0,0.23999999463558197,1.0,1.0,0.5,5,script_training,1.0,0.25723642110824585,1.0,1.0,0.4956561326980591
1.0,0.23999999463558197,1.0,1.0,0.5,7,conversation_partner_training,1.0,0.2543984651565552,1.0,1.0,0.4924006760120392
1.0,0.23999999463558197,1.0,1.0,0.5,0,SFA_naming,1.0,0.2492043524980545,1.0,1.0,0.501052975654602
1.0,0.3061000108718872,1.0,1.0,0.5,4,CILT_dialogue,1.0,0.31945350766181946,1.0,1.0,0.4888113737106323
1.0,0.3061000108718872,1.0,1.0,0.5,10,word_picture_matching,1.0,0.30485084652900696,1.0,1.0,0.4960532486438751
1.0,0.3061000108718872,1.0,1.0,0.5,7,conversation_partner_training,1.0,0.3262934684753418,1.0,1.0,0.48872581124305725
1.0,0.3061000108718872,1.0,1.0,0.5,2,sentence_production_svo,1.0,0.305598646402359,1.0,1.0,0.4873850345611572
1.0,0.3061000108718872,1.0,1.0,0.5,10,word_picture_matching,1.0,0.30955496430397034,1.0,1.0,0.4934294521808624
1.0,0.14650000631809235,1.0,1.0,0.5,3,sentence_production_complex,1.0,0.1727619171142578,1.0,1.0,0.48852336406707764
1.0,0.14650000631809235,1.0,1.0,0.5,10,word_picture_matching,0.9973615407943726,0.14961694180965424,1.0,0.9932822585105896,0.49387770891189575
1.0,0.14650000631809235,1.0,1.0,0.5,3,sentence_production_complex,1.0,0.14843860268592834,1.0,1.0,0.49221697449684143
1.0,0.14650000631809235,1.0,1.0,0.5,6,story_retelling,1.0,0.1470932960510254,1.0,1.0,0.48959067463874817
1.0,0.14650000631809235,1.0,1.0,0.5,4,CILT_dialogue,1.0,0.16645807027816772,1.0,1.0,0.4924485683441162
1.0,0.25270000100135803,1.0,1.0,0.5,3,sentence_production_complex,1.0,0.27493441104888916,1.0,1.0,0.4948834180831909
1.0,0.25270000100135803,1.0,1.0,0.5,10,word_picture_matching,1.0,0.2575976550579071,1.0,1.0,0.4980884790420532
1.0,0.25270000100135803,1.0,1.0,0.5,2,sentence_production_svo,1.0,0.2539500594139099,1.0,1.0,0.49547144770622253
1.0,0.25270000100135803,1.0,1.0,0.5,0,SFA_naming,1.0,0.25575119256973267,1.0,1.0,0.4955257773399353
1.0,0.25270000100135803,1.0,1.0,0.5,3,sentence_production_complex,1.0,0.2596324682235718,1.0,1.0,0.4840564727783203
1.0,0.19189999997615814,1.0,1.0,0.5,7,conversation_partner_training,1.0,0.1977165937423706,1.0,1.0,0.48258811235427856
1.0,0.19189999997615814,1.0,1.0,0.5,9,writing_to_dictation,0.9986774921417236,0.19005832076072693,1.0,1.0,0.49823564291000366
1.0,0.19189999997615814,1.0,1.0,0.5,11,free_conversation_prompting,1.0,0.2041015326976776,1.0,1.0,0.49128222465515137
1.0,0.19189999997615814,1.0,1.0,0.5,3,sentence_production_complex,1.0,0.20203924179077148,1.0,1.0,0.48514267802238464
1.0,0.19189999997615814,1.0,1.0,0.5,4,CILT_dialogue,1.0,0.20586957037448883,1.0,1.0,0.4928007125854492
1.0,0.24269999563694,1.0,1.0,0.5,1,phonological_cueing,0.9983126521110535,0.24488887190818787,1.0,1.0,0.497482568025589
1.0,0.24269999563694,1.0,1.0,0.5,6,story_retelling,1.0,0.24217508733272552,1.0,1.0,0.49374234676361084
1.0,0.24269999563694,1.0,1.0,0.5,11,free_conversation_prompting,1.0,0.25117403268814087,1.0,1.0,0.491652250289917
1.0,0.24269999563694,1.0,1.0,0.5,7,conversation_partner_training,1.0,0.25390729308128357,1.0,1.0,0.49575749039649963
1.0,0.24269999563694,1.0,1.0,0.5,6,story_retelling,1.0,0.24023430049419403,1.0,1.0,0.49329885840415955
1.0,0.24959999322891235,1.0,1.0,0.5,4,CILT_dialogue,1.0,0.2620772123336792,1.0,1.0,0.48699280619621277
1.0,0.24959999322891235,1.0,1.0,0.5,11,free_conversation_prompting,1.0,0.2634752690792084,1.0,1.0,0.478855162858963
1.0,0.24959999322891235,1.0,1.0,0.5,5,script_training,1.0,0.26152747869491577,1.0,1.0,0.4932813048362732
1.0,0.24959999322891235,1.0,1.0,0.5,1,phonological_cueing,1.0,0.25444987416267395,1.0,0.9985566139221191,0.4951532483100891
1.0,0.24959999322891235,1.0,1.0,0.5,4,CILT_dialogue,1.0,0.25652652978897095,1.0,1.0,0.4926872253417969
1.0,0.2535000145435333,1.0,1.0,0.5,0,SFA_naming,1.0,0.2570061683654785,1.0,1.0,0.49409914016723633
1.0,0.2535000145435333,1.0,1.0,0.5,2,sentence_production_svo,1.0,0.2673541307449341,1.0,1.0,0.49614089727401733
1.0,0.2535000145435333,1.0,1.0,0.5,0,SFA_naming,1.0,0.2682947814464569,1.0,1.0,0.49280309677124023
1.0,0.2535000145435333,1.0,1.0,0.5,4,CILT_dialogue,1.0,0.2683935761451721,1.0,1.0,0.49790945649147034
1.0,0.2535000145435333,1.0,1.0,0.5,6,story_retelling,1.0,0.25666502118110657,1.0,1.0,0.4892509877681732
1.0,0.28790000081062317,1.0,1.0,0.5,3,sentence_production_complex,1.0,0.29831448197364807,1.0,1.0,0.4909075200557709
1.0,0.28790000081062317,1.0,1.0,0.5,4,CILT_dialogue,1.0,0.2931251525878906,1.0,1.0,0.49128884077072144
1.0,0.28790000081062317,1.0,1.0,0.5,11,free_conversation_prompting,1.0,0.30066412687301636,1.0,1.0,0.4863559305667877
1.0,0.28790000081062317,1.0,1.0,0.5,8,reading_comprehension,1.0,0.2868492007255554,1.0,1.0,0.49356257915496826
1.0,0.28790000081062317,1.0,1.0,0.5,5,script_training,1.0,0.3061504065990448,1.0,1.0,0.48264309763908386
1.0,0.28029999136924744,1.0,1.0,0.5,3,sentence_production_complex,1.0,0.2903420627117157,1.0,1.0,0.4930771589279175
1.0,0.28029999136924744,1.0,1.0,0.5,10,word_picture_matching,0.9991052150726318,0.27879753708839417,0.9995771646499634,1.0,0.48820412158966064
1.0,0.28029999136924744,1.0,1.0,0.5,2,sentence_production_svo,1.0,0.290005624294281,1.0,1.0,0.4951283931732178
1.0,0.28029999136924744,1.0,1.0,0.5,3,sentence_production_complex,1.0,0.28379592299461365,1.0,1.0,0.4957471191883087
1.0,0.28029999136924744,1.0,1.0,0.5,10,word_picture_matching,1.0,0.2883923351764679,0.9980038404464722,1.0,0.49618303775787354
1.0,0.24619999527931213,1.0,1.0,0.5,5,script_training,1.0,0.25943008065223694,1.0,1.0,0.4907253682613373
1.0,0.24619999527931213,1.0,1.0,0.5,8,reading_comprehension,1.0,0.2523939311504364,1.0,1.0,0.49501949548721313
1.0,0.24619999527931213,1.0,1.0,0.5,6,story_retelling,1.0,0.26130518317222595,1.0,1.0,0.49315136671066284
1.0,0.24619999527931213,1.0,1.0,0.5,7,conversation_partner_training,1.0,0.2583000957965851,1.0,1.0,0.4845986068248749
1.0,0.24619999527931213,1.0,1.0,0.5,3,sentence_production_complex,1.0,0.2553569972515106,1.0,1.0,0.4908544719219208
1.0,0.2101999968290329,1.0,1.0,0.5,2,sentence_production_svo,1.0,0.21441122889518738,1.0,1.0,0.4897349178791046
1.0,0.2101999968290329,1.0,1.0,0.5,3,sentence_production_complex,1.0,0.21575795114040375,1.0,1.0,0.4812314808368683
1.0,0.2101999968290329,1.0,1.0,0.5,1,phonological_cueing,1.0,0.21413013339042664,0.9973531365394592,1.0,0.49681389331817627
1.0,0.2101999968290329,1.0,1.0,0.5,10,word_picture_matching,1.0,0.21005156636238098,1.0,1.0,0.4936774969100952
1.0,0.2101999968290329,1.0,1.0,0.5,3,sentence_production_complex,1.0,0.21170778572559357,1.0,1.0,0.48701971769332886
1.0,0.48330000042915344,1.0,1.0,0.5,6,story_retelling,1.0,0.49247607588768005,1.0,1.0,0.4943961799144745
1.0,0.48330000042915344,1.0,1.0,0.5,9,writing_to_dictation,1.0,0.49339529871940613,1.0,1.0,0.5007742047309875
1.0,0.48330000042915344,1.0,1.0,0.5,9,writing_to_dictation,1.0,0.4914521872997284,1.0,1.0,0.49462297558784485
1.0,0.48330000042915344,1.0,1.0,0.5,4,CILT_dialogue,1.0,0.49286800622940063,1.0,1.0,0.4950086772441864
1.0,0.48330000042915344,1.0,1.0,0.5,5,script_training,1.0,0.49038636684417725,1.0,1.0,0.5017348527908325
1.0,0.23899999260902405,1.0,1.0,0.5,11,free_conversation_prompting,1.0,0.2479536533355713,1.0,1.0,0.4886853098869324
1.0,0.23899999260902405,1.0,1.0,0.5,7,conversation_partner_training,1.0,0.24699293076992035,1.0,1.0,0.4921284317970276
1.0,0.23899999260902405,1.0,1.0,0.5,9,writing_to_dictation,1.0,0.2487439215183258,1.0,1.0,0.5030638575553894
1.0,0.23899999260902405,1.0,1.0,0.5,10,word_picture_matching,1.0,0.24674548208713531,1.0,1.0,0.5050202012062073
1.0,0.23899999260902405,1.0,1.0,0.5,9,writing_to_dictation,0.9985655546188354,0.23867487907409668,1.0,1.0,0.4965742826461792
1.0,0.22619999945163727,1.0,1.0,0.5,2,sentence_production_svo,1.0,0.2317911833524704,1.0,1.0,0.4979535937309265
1.0,0.22619999945163727,1.0,1.0,0.5,6,story_retelling,1.0,0.24771715700626373,1.0,1.0,0.49440446496009827
1.0,0.22619999945163727,1.0,1.0,0.5,1,phonological_cueing,1.0,0.2306802123785019,1.0,1.0,0.5013173222541809
1.0,0.22619999945163727,1.0,1.0,0.5,7,conversation_partner_training,1.0,0.24629124999046326,1.0,1.0,0.48721790313720703
1.0,0.22619999945163727,1.0,1.0,0.5,11,free_conversation_prompting,1.0,0.24323798716068268,1.0,1.0,0.4789184331893921
1.0,0.296099990606308,1.0,1.0,0.5,5,script_training,1.0,0.30361267924308777,1.0,1.0,0.4962875247001648
1.0,0.296099990606308,1.0,1.0,0.5,4,CILT_dialogue,1.0,0.31128832697868347,1.0,1.0,0.49029844999313354
1.0,0.296099990606308,1.0,1.0,0.5,0,SFA_naming,1.0,0.29811885952949524,1.0,0.9972370862960815,0.4857065975666046
1.0,0.296099990606308,1.0,1.0,0.5,11,free_conversation_prompting,1.0,0.30308082699775696,1.0,1.0,0.4796125590801239
1.0,0.296099990606308,1.0,1.0,0.5,1,phonological_cueing,1.0,0.30124643445014954,1.0,1.0,0.4976024329662323
1.0,0.4738999903202057,1.0,1.0,0.5,0,SFA_naming,1.0,0.4710959196090698,1.0,1.0,0.5029948353767395
1.0,0.4738999903202057,1.0,1.0,0.5,2,sentence_production_svo,1.0,0.48525571823120117,1.0,1.0,0.487773060798645
1.0,0.4738999903202057,1.0,1.0,0.5,0,SFA_naming,1.0,0.4819606840610504,1.0,1.0,0.4975004196166992
1.0,0.4738999903202057,1.0,1.0,0.5,5,script_training,1.0,0.48830580711364746,1.0,1.0,0.4834505021572113
1.0,0.4738999903202057,1.0,1.0,0.5,5,script_training,1.0,0.4793289303779602,1.0,1.0,0.49343207478523254
1.0,0.2948000133037567,1.0,1.0,0.5,3,sentence_production_complex,1.0,0.3068598806858063,1.0,1.0,0.49101993441581726
1.0,0.2948000133037567,1.0,1.0,0.5,0,SFA_naming,1.0,0.2954034209251404,1.0,1.0,0.49961593747138977
1.0,0.2948000133037567,1.0,1.0,0.5,1,phonological_cueing,1.0,0.30036675930023193,1.0,1.0,0.4971884787082672
1.0,0.2948000133037567,1.0,1.0,0.5,4,CILT_dialogue,1.0,0.30290281772613525,1.0,1.0,0.48787716031074524
1.0,0.2948000133037567,1.0,1.0,0.5,0,SFA_naming,1.0,0.29782381653785706,1.0,1.0,0.4917408227920532
1.0,0.24609999358654022,1.0,1.0,0.5,7,conversation_partner_training,1.0,0.250728964805603,1.0,1.0,0.4846045672893524
1.0,0.24609999358654022,1.0,1.0,0.5,2,sentence_production_svo,1.0,0.2588692307472229,1.0,1.0,0.4878389537334442
1.0,0.24609999358654022,1.0,1.0,0.5,3,sentence_production_complex,1.0,0.24927379190921783,1.0,1.0,0.49392083287239075
1.0,0.24609999358654022,1.0,1.0,0.5,4,CILT_dialogue,1.0,0.2528526484966278,1.0,1.0,0.4870205521583557
1.0,0.24609999358654022,1.0,1.0,0.5,4,CILT_dialogue,1.0,0.2578776180744171,1.0,1.0,0.4911906123161316
1.0,0.45489999651908875,1.0,1.0,0.5,0,SFA_naming,1.0,0.47149842977523804,1.0,1.0,0.5006762146949768
1.0,0.45489999651908875,1.0,1.0,0.5,1,phonological_cueing,1.0,0.45464372634887695,1.0,1.0,0.499277263879776
1.0,0.45489999651908875,1.0,1.0,0.5,10,word_picture_matching,0.9993438720703125,0.4544963240623474,1.0,0.9960851073265076,0.49291637539863586
1.0,0.45489999651908875,1.0,1.0,0.5,0,SFA_naming,1.0,0.4659251868724823,1.0,1.0,0.4969986081123352
1.0,0.45489999651908875,1.0,1.0,0.5,5,script_training,1.0,0.4735875427722931,1.0,1.0,0.49495622515678406
1.0,0.2732999920845032,1.0,1.0,0.5,5,script_training,1.0,0.27806714177131653,1.0,1.0,0.503923773765564
1.0,0.2732999920845032,1.0,1.0,0.5,3,sentence_production_complex,1.0,0.28360405564308167,1.0,1.0,0.4972992539405823
1.0,0.2732999920845032,1.0,1.0,0.5,4,CILT_dialogue,1.0,0.29296615719795227,1.0,1.0,0.49415063858032227
1.0,0.2732999920845032,1.0,1.0,0.5,9,writing_to_dictation,0.9982230067253113,0.27220556139945984,1.0,0.9992679953575134,0.49295052886009216
1.0,0.2732999920845032,1.0,1.0,0.5,10,word_picture_matching,0.9946403503417969,0.28011757135391235,1.0,1.0,0.49919837713241577
1.0,0.40230000019073486,1.0,1.0,0.5,2,sentence_production_svo,1.0,0.41561833024024963,1.0,1.0,0.48820266127586365
1.0,0.40230000019073486,1.0,1.0,0.5,3,sentence_production_complex,1.0,0.41144973039627075,1.0,1.0,0.4905085861682892
1.0,0.40230000019073486,1.0,1.0,0.5,2,sentence_production_svo,1.0,0.4139629304409027,1.0,1.0,0.4880405068397522
1.0,0.40230000019073486,1.0,1.0,0.5,5,script_training,1.0,0.41825181245803833,1.0,1.0,0.49728524684906006
1.0,0.40230000019073486,1.0,1.0,0.5,7,conversation_partner_training,1.0,0.4181057810783386,1.0,1.0,0.4902571737766266
1.0,0.2791000008583069,1.0,1.0,0.5,2,sentence_production_svo,1.0,0.2869110703468323,1.0,1.0,0.4941460192203522
1.0,0.2791000008583069,1.0,1.0,0.5,3,sentence_production_complex,1.0,0.29508185386657715,1.0,1.0,0.488093763589859
1.0,0.2791000008583069,1.0,1.0,0.5,11,free_conversation_prompting,1.0,0.28665050864219666,1.0,1.0,0.47929883003234863
1.0,0.2791000008583069,1.0,1.0,0.5,0,SFA_naming,1.0,0.2832995057106018,1.0,1.0,0.49823880195617676
1.0,0.2791000008583069,1.0,1.0,0.5,5,script_training,1.0,0.28583019971847534,1.0,1.0,0.48577579855918884
1.0,0.2874000072479248,1.0,1.0,0.5,7,conversation_partner_training,1.0,0.2935962378978729,1.0,1.0,0.4798373878002167
1.0,0.2874000072479248,1.0,1.0,0.5,1,phonological_cueing,1.0,0.2853330373764038,1.0,1.0,0.5046440958976746
1.0,0.2874000072479248,1.0,1.0,0.5,0,SFA_naming,1.0,0.2907937467098236,1.0,1.0,0.48804736137390137
1.0,0.2874000072479248,1.0,1.0,0.5,1,phonological_cueing,1.0,0.2868240475654602,1.0,1.0,0.4905841648578644
1.0,0.2874000072479248,1.0,1.0,0.5,11,free_conversation_prompting,1.0,0.30429670214653015,1.0,1.0,0.4887779653072357
1.0,0.20499999821186066,1.0,1.0,0.5,0,SFA_naming,1.0,0.2082398533821106,1.0,1.0,0.49527764320373535
1.0,0.20499999821186066,1.0,1.0,0.5,2,sentence_production_svo,1.0,0.20927748084068298,1.0,1.0,0.49504852294921875
1.0,0.20499999821186066,1.0,1.0,0.5,0,SFA_naming,1.0,0.21542862057685852,1.0,1.0,0.49260273575782776
1.0,0.20499999821186066,1.0,1.0,0.5,1,phonological_cueing,1.0,0.21162959933280945,1.0,1.0,0.4959200620651245
1.0,0.20499999821186066,1.0,1.0,0.5,6,story_retelling,1.0,0.21318456530570984,1.0,1.0,0.4916103482246399
1.0,0.2084999978542328,1.0,1.0,0.5,2,sentence_production_svo,1.0,0.21491119265556335,1.0,1.0,0.4928032159805298
1.0,0.2084999978542328,1.0,1.0,0.5,6,story_retelling,1.0,0.21481545269489288,1.0,1.0,0.48577776551246643
1.0,0.2084999978542328,1.0,1.0,0.5,6,story_retelling,1.0,0.21264968812465668,1.0,1.0,0.4925721287727356
1.0,0.2084999978542328,1.0,1.0,0.5,10,word_picture_matching,1.0,0.21228177845478058,1.0,1.0,0.4936095178127289
1.0,0.2084999978542328,1.0,1.0,0.5,0,SFA_naming,1.0,0.22397029399871826,1.0,1.0,0.5032104849815369
1.0,0.33550000190734863,1.0,1.0,0.5,10,word_picture_matching,1.0,0.3411944806575775,1.0,1.0,0.4955056607723236
1.0,0.33550000190734863,1.0,1.0,0.5,6,story_retelling,1.0,0.3388389050960541,1.0,1.0,0.4914436340332031
1.0,0.33550000190734863,1.0,1.0,0.5,1,phonological_cueing,0.9998129606246948,0.34207552671432495,1.0,0.9992543458938599,0.4937950372695923
1.0,0.33550000190734863,1.0,1.0,0.5,9,writing_to_dictation,1.0,0.33729174733161926,1.0,1.0,0.5030882954597473
1.0,0.33550000190734863,1.0,1.0,0.5,10,word_picture_matching,0.9971878528594971,0.33807677030563354,1.0,1.0,0.4879979193210602
1.0,0.3019999861717224,1.0,1.0,0.5,2,sentence_production_svo,1.0,0.3138694763183594,1.0,1.0,0.4847163259983063
1.0,0.3019999861717224,1.0,1.0,0.5,11,free_conversation_prompting,1.0,0.3099103271961212,1.0,1.0,0.48746824264526367
1.0,0.3019999861717224,1.0,1.0,0.5,4,CILT_dialogue,1.0,0.31525665521621704,1.0,1.0,0.486322283744812
1.0,0.3019999861717224,1.0,1.0,0.5,6,story_retelling,1.0,0.3156106173992157,1.0,1.0,0.4903841018676758
1.0,0.3019999861717224,1.0,1.0,0.5,11,free_conversation_prompting,1.0,0.3113510012626648,1.0,1.0,0.49153971672058105
1.0,0.2054000049829483,1.0,1.0,0.5,3,sentence_production_complex,1.0,0.2038699984550476,1.0,1.0,0.4851170778274536
1.0,0.2054000049829483,1.0,1.0,0.5,9,writing_to_dictation,1.0,0.2123764455318451,1.0,0.9982585310935974,0.4952845275402069
1.0,0.2054000049829483,1.0,1.0,0.5,3,sentence_production_complex,1.0,0.208061084151268,1.0,1.0,0.4985063672065735
1.0,0.2054000049829483,1.0,1.0,0.5,9,writing_to_dictation,1.0,0.2153668850660324,1.0,1.0,0.5042691230773926
1.0,0.2054000049829483,1.0,1.0,0.5,6,story_retelling,1.0,0.21000409126281738,1.0,1.0,0.4921509623527527
1.0,0.25920000672340393,1.0,1.0,0.5,2,sentence_production_svo,1.0,0.2613811492919922,1.0,1.0,0.49003398418426514
1.0,0.25920000672340393,1.0,1.0,0.5,4,CILT_dialogue,1.0,0.27220356464385986,1.0,1.0,0.4961012303829193
1.0,0.25920000672340393,1.0,1.0,0.5,3,sentence_production_complex,1.0,0.27038896083831787,1.0,1.0,0.48602986335754395
1.0,0.25920000672340393,1.0,1.0,0.5,0,SFA_naming,1.0,0.26888424158096313,1.0,1.0,0.49188488721847534
1.0,0.25920000672340393,1.0,1.0,0.5,0,SFA_naming,1.0,0.26805296540260315,1.0,1.0,0.4934822618961334
1.0,0.29100000858306885,1.0,1.0,0.5,3,sentence_production_complex,1.0,0.3072356879711151,1.0,1.0,0.4890801012516022
1.0,0.29100000858306885,1.0,1.0,0.5,0,SFA_naming,1.0,0.28951865434646606,1.0,1.0,0.5025502443313599
1.0,0.29100000858306885,1.0,1.0,0.5,1,phonological_cueing,1.0,0.28864148259162903,1.0,1.0,0.5016125440597534
1.0,0.29100000858306885,1.0,1.0,0.5,7,conversation_partner_training,1.0,0.30272674560546875,1.0,1.0,0.48529839515686035
1.0,0.29100000858306885,1.0,1.0,0.5,7,conversation_partner_training,1.0,0.3061675429344177,1.0,1.0,0.4960074722766876
1.0,0.311599999666214,1.0,1.0,0.5,8,reading_comprehension,1.0,0.3177104890346527,1.0,1.0,0.49545717239379883
1.0,0.311599999666214,1.0,1.0,0.5,3,sentence_production_complex,1.0,0.319032222032547,1.0,1.0,0.4981517195701599
1.0,0.311599999666214,1.0,1.0,0.5,10,word_picture_matching,1.0,0.3160334825515747,1.0,1.0,0.5040326118469238
1.0,0.311599999666214,1.0,1.0,0.5,6,story_retelling,1.0,0.3184635639190674,1.0,1.0,0.48573601245880127
1.0,0.311599999666214,1.0,1.0,0.5,1,phonological_cueing,1.0,0.3112686574459076,1.0,1.0,0.4983656704425812
1.0,0.34709998965263367,1.0,1.0,0.5,1,phonological_cueing,1.0,0.3589765727519989,1.0,1.0,0.4893186092376709
1.0,0.34709998965263367,1.0,1.0,0.5,7,conversation_partner_training,1.0,0.3606811463832855,1.0,1.0,0.49336230754852295
1.0,0.34709998965263367,1.0,1.0,0.5,1,phonological_cueing,1.0,0.34920433163642883,1.0,1.0,0.4892261326313019
1.0,0.34709998965263367,1.0,1.0,0.5,5,script_training,1.0,0.35696694254875183,1.0,1.0,0.49014151096343994
1.0,0.34709998965263367,1.0,1.0,0.5,11,free_conversation_prompting,1.0,0.37172678112983704,1.0,1.0,0.48792561888694763
1.0,0.32269999384880066,1.0,1.0,0.5,0,SFA_naming,1.0,0.32508647441864014,1.0,1.0,0.489718496799469
1.0,0.32269999384880066,1.0,1.0,0.5,0,SFA_naming,1.0,0.33010387420654297,1.0,1.0,0.49101075530052185
1.0,0.32269999384880066,1.0,1.0,0.5,11,free_conversation_prompting,1.0,0.3361663818359375,1.0,1.0,0.4855976402759552
1.0,0.32269999384880066,1.0,1.0,0.5,6,story_retelling,1.0,0.3353920876979828,1.0,1.0,0.4995889663696289
1.0,0.32269999384880066,1.0,1.0,0.5,1,phonological_cueing,1.0,0.3262222707271576,1.0,1.0,0.5011996030807495
1.0,0.23989999294281006,1.0,1.0,0.5,10,word_picture_matching,1.0,0.24244192242622375,1.0,1.0,0.497028112411499
1.0,0.23989999294281006,1.0,1.0,0.5,10,word_picture_matching,1.0,0.2458970844745636,1.0,1.0,0.4999411702156067
1.0,0.23989999294281006,1.0,1.0,0.5,5,script_training,1.0,0.25297725200653076,1.0,1.0,0.47953033447265625
1.0,0.23989999294281006,1.0,1.0,0.5,6,story_retelling,1.0,0.24535776674747467,1.0,1.0,0.49227941036224365
1.0,0.23989999294281006,1.0,1.0,0.5,3,sentence_production_complex,1.0,0.25487378239631653,1.0,1.0,0.49138322472572327
1.0,0.12970000505447388,1.0,1.0,0.5,0,SFA_naming,1.0,0.13562320172786713,1.0,1.0,0.5004869699478149
1.0,0.12970000505447388,1.0,1.0,0.5,6,story_retelling,1.0,0.13866454362869263,1.0,1.0,0.4897922873497009
1.0,0.12970000505447388,1.0,1.0,0.5,3,sentence_production_complex,1.0,0.13539685308933258,1.0,1.0,0.4935062825679779
1.0,0.12970000505447388,1.0,1.0,0.5,7,conversation_partner_training,1.0,0.14073579013347626,1.0,1.0,0.48643380403518677
1.0,0.12970000505447388,1.0,1.0,0.5,10,word_picture_matching,0.9996061325073242,0.12903639674186707,0.9926270246505737,1.0,0.5002034306526184
1.0,0.32739999890327454,1.0,1.0,0.5,0,SFA_naming,1.0,0.3261389136314392,1.0,1.0,0.4918026328086853
1.0,0.32739999890327454,1.0,1.0,0.5,6,story_retelling,1.0,0.34529316425323486,1.0,1.0,0.4955195486545563
1.0,0.32739999890327454,1.0,1.0,0.5,2,sentence_production_svo,1.0,0.3294481039047241,1.0,1.0,0.484417200088501
1.0,0.32739999890327454,1.0,1.0,0.5,10,word_picture_matching,1.0,0.3249189555644989,0.9990541338920593,0.9989217519760132,0.4966060519218445
1.0,0.32739999890327454,1.0,1.0,0.5,2,sentence_production_svo,0.9997832179069519,0.3376832902431488,1.0,1.0,0.4853683412075043
1.0,0.2833999991416931,1.0,1.0,0.5,6,story_retelling,1.0,0.29007062315940857,1.0,1.0,0.4934808313846588
1.0,0.2833999991416931,1.0,1.0,0.5,6,story_retelling,1.0,0.29730477929115295,1.0,1.0,0.48004940152168274
1.0,0.2833999991416931,1.0,1.0,0.5,4,CILT_dialogue,1.0,0.2991710603237152,1.0,1.0,0.48686957359313965
1.0,0.2833999991416931,1.0,1.0,0.5,7,conversation_partner_training,1.0,0.29552072286605835,1.0,1.0,0.49186086654663086
1.0,0.2833999991416931,1.0,1.0,0.5,7,conversation_partner_training,1.0,0.29271912574768066,1.0,1.0,0.4866172671318054
1.0,0.37610000371932983,1.0,1.0,0.5,6,story_retelling,1.0,0.3764480650424957,1.0,1.0,0.4899686574935913
1.0,0.37610000371932983,1.0,1.0,0.5,8,reading_comprehension,1.0,0.38523197174072266,1.0,0.9997013807296753,0.4952649176120758
1.0,0.37610000371932983,1.0,1.0,0.5,11,free_conversation_prompting,1.0,0.3964026868343353,1.0,1.0,0.48958253860473633
1.0,0.37610000371932983,1.0,1.0,0.5,4,CILT_dialogue,1.0,0.3761118948459625,1.0,1.0,0.4916909635066986
1.0,0.37610000371932983,1.0,1.0,0.5,5,script_training,1.0,0.3836667537689209,1.0,1.0,0.49367061257362366
1.0,0.24690000712871552,1.0,1.0,0.5,0,SFA_naming,1.0,0.24680134654045105,1.0,1.0,0.49727046489715576
1.0,0.24690000712871552,1.0,1.0,0.5,9,writing_to_dictation,1.0,0.2409498244524002,1.0,1.0,0.48618489503860474
1.0,0.24690000712871552,1.0,1.0,0.5,5,script_training,1.0,0.2515501081943512,1.0,1.0,0.5003492832183838
1.0,0.24690000712871552,1.0,1.0,0.5,4,CILT_dialogue,1.0,0.25502321124076843,1.0,1.0,0.48625385761260986
1.0,0.24690000712871552,1.0,1.0,0.5,1,phonological_cueing,1.0,0.25900840759277344,1.0,1.0,0.5013566017150879
1.0,0.17110000550746918,1.0,1.0,0.5,10,word_picture_matching,1.0,0.16795842349529266,0.9993366003036499,1.0,0.492839515209198
1.0,0.17110000550746918,1.0,1.0,0.5,4,CILT_dialogue,1.0,0.1804940402507782,1.0,1.0,0.49459031224250793
1.0,0.17110000550746918,1.0,1.0,0.5,7,conversation_partner_training,1.0,0.1784162074327469,1.0,1.0,0.4865413308143616
1.0,0.17110000550746918,1.0,1.0,0.5,1,phonological_cueing,1.0,0.178766131401062,1.0,1.0,0.4944819509983063
1.0,0.17110000550746918,1.0,1.0,0.5,11,free_conversation_prompting,1.0,0.17630064487457275,1.0,1.0,0.4844004213809967
1.0,0.32679998874664307,1.0,1.0,0.5,1,phonological_cueing,0.9976059198379517,0.32588887214660645,1.0,1.0,0.4847598671913147
1.0,0.32679998874664307,1.0,1.0,0.5,2,sentence_production_svo,1.0,0.33195024728775024,1.0,1.0,0.4874630868434906
1.0,0.32679998874664307,1.0,1.0,0.5,10,word_picture_matching,1.0,0.33166226744651794,1.0,1.0,0.4951734244823456
1.0,0.32679998874664307,1.0,1.0,0.5,11,free_conversation_prompting,1.0,0.3423423767089844,1.0,1.0,0.48469647765159607
1.0,0.32679998874664307,1.0,1.0,0.5,2,sentence_production_svo,1.0,0.33798959851264954,1.0,1.0,0.4895450174808502
1.0,0.18219999969005585,1.0,1.0,0.5,5,script_training,1.0,0.19313375651836395,1.0,1.0,0.49076804518699646
1.0,0.18219999969005585,1.0,1.0,0.5,8,reading_comprehension,1.0,0.19171346724033356,1.0,1.0,0.5022023916244507
1.0,0.18219999969005585,1.0,1.0,0.5,10,word_picture_matching,0.9948762059211731,0.17511215806007385,1.0,1.0,0.5010326504707336
1.0,0.18219999969005585,1.0,1.0,0.5,4,CILT_dialogue,1.0,0.19027119874954224,1.0,1.0,0.4947876036167145
1.0,0.18219999969005585,1.0,1.0,0.5,5,script_training,1.0,0.19680577516555786,1.0,1.0,0.48779967427253723
1.0,0.28850001096725464,1.0,1.0,0.5,8,reading_comprehension,1.0,0.296519011259079,1.0,0.9959151148796082,0.5056804418563843
1.0,0.28850001096725464,1.0,1.0,0.5,8,reading_comprehension,1.0,0.2941741347312927,1.0,0.9951427578926086,0.4913971722126007
1.0,0.28850001096725464,1.0,1.0,0.5,9,writing_to_dictation,1.0,0.29088500142097473,1.0,1.0,0.4967430531978607
1.0,0.28850001096725464,1.0,1.0,0.5,6,story_retelling,1.0,0.30851227045059204,1.0,1.0,0.4782828390598297
1.0,0.28850001096725464,1.0,1.0,0.5,1,phonological_cueing,1.0,0.2972590923309326,0.9976688623428345,1.0,0.4979444146156311
1.0,0.121799997985363,1.0,1.0,0.5,10,word_picture_matching,0.9963219165802002,0.12459232658147812,1.0,1.0,0.4910031259059906
1.0,0.121799997985363,1.0,1.0,0.5,10,word_picture_matching,0.9940492510795593,0.1257430911064148,1.0,1.0,0.5037621259689331
1.0,0.121799997985363,1.0,1.0,0.5,9,writing_to_dictation,1.0,0.1288580745458603,1.0,1.0,0.5008283257484436
1.0,0.121799997985363,1.0,1.0,0.5,1,phonological_cueing,1.0,0.12504012882709503,1.0,1.0,0.48905640840530396
1.0,0.121799997985363,1.0,1.0,0.5,2,sentence_production_svo,1.0,0.1273796409368515,1.0,1.0,0.4959433376789093
1.0,0.25099998712539673,1.0,1.0,0.5,8,reading_comprehension,1.0,0.2535012364387512,1.0,1.0,0.49491623044013977
1.0,0.25099998712539673,1.0,1.0,0.5,0,SFA_naming,1.0,0.2498372197151184,1.0,1.0,0.4855591356754303
1.0,0.25099998712539673,1.0,1.0,0.5,11,free_conversation_prompting,1.0,0.26513803005218506,1.0,1.0,0.4801846444606781
1.0,0.25099998712539673,1.0,1.0,0.5,4,CILT_dialogue,1.0,0.26599910855293274,1.0,1.0,0.48697176575660706
1.0,0.25099998712539673,1.0,1.0,0.5,7,conversation_partner_training,1.0,0.26663464307785034,1.0,1.0,0.49558672308921814
1.0,0.2125999927520752,1.0,1.0,0.5,10,word_picture_matching,1.0,0.20723523199558258,1.0,1.0,0.49665868282318115
1.0,0.2125999927520752,1.0,1.0,0.5,4,CILT_dialogue,1.0,0.2199748009443283,1.0,1.0,0.49790889024734497
1.0,0.2125999927520752,1.0,1.0,0.5,3,sentence_production_complex,1.0,0.2260189950466156,1.0,1.0,0.4851731061935425
1.0,0.2125999927520752,1.0,1.0,0.5,6,story_retelling,1.0,0.218184694647789,1.0,1.0,0.4977285861968994
1.0,0.2125999927520752,1.0,1.0,0.5,6,story_retelling,1.0,0.21619577705860138,1.0,1.0,0.493047833442688
1.0,0.25,1.0,1.0,0.5,4,CILT_dialogue,1.0,0.26379328966140747,1.0,1.0,0.49060919880867004
1.0,0.25,1.0,1.0,0.5,6,story_retelling,1.0,0.25101032853126526,1.0,1.0,0.4903002381324768
1.0,0.25,1.0,1.0,0.5,11,free_conversation_prompting,1.0,0.2635008692741394,1.0,1.0,0.4751604199409485
1.0,0.25,1.0,1.0,0.5,5,script_training,1.0,0.25780534744262695,1.0,1.0,0.48519665002822876
1.0,0.25,1.0,1.0,0.5,2,sentence_production_svo,1.0,0.2552527189254761,1.0,1.0,0.49669888615608215
1.0,0.2198999971151352,1.0,1.0,0.5,4,CILT_dialogue,1.0,0.22398656606674194,1.0,1.0,0.48897507786750793
1.0,0.2198999971151352,1.0,1.0,0.5,4,CILT_dialogue,1.0,0.2306928038597107,1.0,1.0,0.4896109998226166
1.0,0.2198999971151352,1.0,1.0,0.5,1,phonological_cueing,1.0,0.22718071937561035,1.0,1.0,0.5022916793823242
1.0,0.2198999971151352,1.0,1.0,0.5,1,phonological_cueing,1.0,0.22035306692123413,1.0,1.0,0.49525588750839233
1.0,0.2198999971151352,1.0,1.0,0.5,7,conversation_partner_training,1.0,0.22939693927764893,1.0,1.0,0.48963576555252075
1.0,0.3303000032901764,1.0,1.0,0.5,3,sentence_production_complex,1.0,0.3378400504589081,1.0,1.0,0.4820379614830017
1.0,0.3303000032901764,1.0,1.0,0.5,11,free_conversation_prompting,1.0,0.34529900550842285,1.0,1.0,0.4868469834327698
1.0,0.3303000032901764,1.0,1.0,0.5,2,sentence_production_svo,1.0,0.33323293924331665,1.0,1.0,0.48676082491874695
1.0,0.3303000032901764,1.0,1.0,0.5,1,phonological_cueing,1.0,0.333808034658432,1.0,1.0,0.5043991804122925
1.0,0.3303000032901764,1.0,1.0,0.5,8,reading_comprehension,1.0,0.3450547158718109,0.9980207085609436,1.0,0.5016560554504395
1.0,0.3871000111103058,1.0,1.0,0.5,10,word_picture_matching,1.0,0.39755505323410034,1.0,0.9980589747428894,0.5014350414276123
1.0,0.3871000111103058,1.0,1.0,0.5,3,sentence_production_complex,1.0,0.40060651302337646,1.0,1.0,0.482713907957077
1.0,0.3871000111103058,1.0,1.0,0.5,2,sentence_production_svo,1.0,0.38385817408561707,1.0,1.0,0.49356183409690857
1.0,0.3871000111103058,1.0,1.0,0.5,2,sentence_production_svo,1.0,0.39040735363960266,1.0,1.0,0.49520620703697205
1.0,0.3871000111103058,1.0,1.0,0.5,5,script_training,1.0,0.4054688811302185,1.0,1.0,0.49007612466812134
1.0,0.33799999952316284,1.0,1.0,0.5,5,script_training,1.0,0.35491329431533813,1.0,1.0,0.4978182315826416
1.0,0.33799999952316284,1.0,1.0,0.5,2,sentence_production_svo,1.0,0.3433086574077606,1.0,1.0,0.49042758345603943
1.0,0.33799999952316284,1.0,1.0,0.5,0,SFA_naming,1.0,0.3393126428127289,1.0,0.9958035349845886,0.48874714970588684
1.0,0.33799999952316284,1.0,1.0,0.5,5,script_training,1.0,0.3472732901573181,1.0,1.0,0.49788737297058105
1.0,0.33799999952316284,1.0,1.0,0.5,11,free_conversation_prompting,1.0,0.3567460775375366,1.0,1.0,0.4841473698616028
1.0,0.28200000524520874,1.0,1.0,0.5,7,conversation_partner_training,1.0,0.2907828092575073,1.0,1.0,0.4883922338485718
1.0,0.28200000524520874,1.0,1.0,0.5,5,script_training,1.0,0.2964051365852356,1.0,1.0,0.4973553717136383
1.0,0.28200000524520874,1.0,1.0,0.5,1,phonological_cueing,1.0,0.27960285544395447,1.0,1.0,0.4923534393310547
1.0,0.28200000524520874,1.0,1.0,0.5,2,sentence_production_svo,1.0,0.29006141424179077,1.0,1.0,0.5029152631759644
1.0,0.28200000524520874,1.0,1.0,0.5,3,sentence_production_complex,1.0,0.2927101254463196,1.0,1.0,0.4907722473144531
1.0,0.21250000596046448,1.0,1.0,0.5,8,reading_comprehension,1.0,0.21579448878765106,1.0,1.0,0.4973236620426178
1.0,0.21250000596046448,1.0,1.0,0.5,10,word_picture_matching,1.0,0.20740960538387299,1.0,1.0,0.5010939240455627
1.0,0.21250000596046448,1.0,1.0,0.5,10,word_picture_matching,1.0,0.21446546912193298,1.0,1.0,0.4946215748786926
1.0,0.21250000596046448,1.0,1.0,0.5,11,free_conversation_prompting,1.0,0.23283381760120392,1.0,1.0,0.48233968019485474
1.0,0.21250000596046448,1.0,1.0,0.5,11,free_conversation_prompting,1.0,0.21915121376514435,1.0,1.0,0.48894011974334717
1.0,0.34279999136924744,1.0,1.0,0.5,11,free_conversation_prompting,1.0,0.35173654556274414,1.0,1.0,0.4786601960659027
1.0,0.34279999136924744,1.0,1.0,0.5,0,SFA_naming,1.0,0.35120856761932373,1.0,1.0,0.49031075835227966
1.0,0.34279999136924744,1.0,1.0,0.5,1,phonological_cueing,1.0,0.3471188545227051,1.0,1.0,0.48796746134757996
1.0,0.34279999136924744,1.0,1.0,0.5,3,sentence_production_complex,1.0,0.3495328426361084,1.0,1.0,0.49250325560569763
1.0,0.34279999136924744,1.0,1.0,0.5,6,story_retelling,1.0,0.357345849275589,1.0,1.0,0.4807308316230774
1.0,0.2955999970436096,1.0,1.0,0.5,1,phonological_cueing,1.0,0.3065927028656006,1.0,1.0,0.49511685967445374
1.0,0.2955999970436096,1.0,1.0,0.5,10,word_picture_matching,1.0,0.29154452681541443,1.0,0.9976242184638977,0.4941704273223877
1.0,0.2955999970436096,1.0,1.0,0.5,6,story_retelling,1.0,0.3022174537181854,1.0,1.0,0.5027469396591187
1.0,0.2955999970436096,1.0,1.0,0.5,5,script_training,1.0,0.2979433536529541,0.998437225818634,1.0,0.4911341071128845
1.0,0.2955999970436096,1.0,1.0,0.5,1,phonological_cueing,1.0,0.3059110641479492,1.0,1.0,0.4978615641593933
1.0,0.26499998569488525,1.0,1.0,0.5,2,sentence_production_svo,0.998590350151062,0.265350341796875,1.0,1.0,0.4937268793582916
1.0,0.26499998569488525,1.0,1.0,0.5,1,phonological_cueing,1.0,0.2704634666442871,1.0,1.0,0.48785021901130676
1.0,0.26499998569488525,1.0,1.0,0.5,10,word_picture_matching,1.0,0.26926690340042114,1.0,1.0,0.5048615336418152
1.0,0.26499998569488525,1.0,1.0,0.5,6,story_retelling,1.0,0.27093812823295593,1.0,1.0,0.4965198338031769
1.0,0.26499998569488525,1.0,1.0,0.5,8,reading_comprehension,1.0,0.27275317907333374,1.0,1.0,0.49924635887145996
1.0,0.26840001344680786,1.0,1.0,0.5,3,sentence_production_complex,1.0,0.2725294232368469,1.0,1.0,0.4966617226600647
1.0,0.26840001344680786,1.0,1.0,0.5,4,CILT_dialogue,1.0,0.27441251277923584,1.0,1.0,0.4804287850856781
1.0,0.26840001344680786,1.0,1.0,0.5,4,CILT_dialogue,1.0,0.28550225496292114,1.0,1.0,0.4774799644947052
1.0,0.26840001344680786,1.0,1.0,0.5,8,reading_comprehension,1.0,0.2688268721103668,1.0,1.0,0.4911183714866638
1.0,0.26840001344680786,1.0,1.0,0.5,8,reading_comprehension,1.0,0.27710312604904175,1.0,1.0,0.4896622896194458
1.0,0.2786000072956085,1.0,1.0,0.5,2,sentence_production_svo,1.0,0.2871204614639282,1.0,1.0,0.4893653094768524
1.0,0.2786000072956085,1.0,1.0,0.5,11,free_conversation_prompting,1.0,0.2975479066371918,1.0,1.0,0.4922794699668884
1.0,0.2786000072956085,1.0,1.0,0.5,1,phonological_cueing,1.0,0.28304967284202576,1.0,1.0,0.49757063388824463
1.0,0.2786000072956085,1.0,1.0,0.5,10,word_picture_matching,1.0,0.2803679406642914,1.0,1.0,0.5102171897888184
1.0,0.2786000072956085,1.0,1.0,0.5,1,phonological_cueing,1.0,0.2774021327495575,1.0,1.0,0.49810928106307983
1.0,0.3637999892234802,1.0,1.0,0.5,2,sentence_production_svo,1.0,0.3761131167411804,1.0,1.0,0.49560245871543884
1.0,0.3637999892234802,1.0,1.0,0.5,10,word_picture_matching,1.0,0.3717072308063507,1.0,1.0,0.4890193045139313
1.0,0.3637999892234802,1.0,1.0,0.5,1,phonological_cueing,1.0,0.36349982023239136,1.0,1.0,0.4947645366191864
1.0,0.3637999892234802,1.0,1.0,0.5,4,CILT_dialogue,1.0,0.3725847005844116,1.0,1.0,0.48919928073883057
1.0,0.3637999892234802,1.0,1.0,0.5,4,CILT_dialogue,1.0,0.3692971467971802,1.0,1.0,0.4858543276786804
1.0,0.3257000148296356,1.0,1.0,0.5,2,sentence_production_svo,1.0,0.33072397112846375,1.0,1.0,0.48912516236305237
1.0,0.3257000148296356,1.0,1.0,0.5,7,conversation_partner_training,1.0,0.330855131149292,1.0,1.0,0.4860791563987732
1.0,0.3257000148296356,1.0,1.0,0.5,10,word_picture_matching,1.0,0.3259583115577698,1.0,1.0,0.49939653277397156
1.0,0.3257000148296356,1.0,1.0,0.5,10,word_picture_matching,1.0,0.32858940958976746,1.0,1.0,0.4960053861141205
1.0,0.3257000148296356,1.0,1.0,0.5,3,sentence_production_complex,1.0,0.3303132951259613,1.0,1.0,0.49452003836631775
1.0,0.2874000072479248,1.0,1.0,0.5,5,script_training,1.0,0.29543372988700867,1.0,1.0,0.4899991452693939
1.0,0.2874000072479248,1.0,1.0,0.5,2,sentence_production_svo,1.0,0.2981628477573395,1.0,1.0,0.4926951229572296
1.0,0.2874000072479248,1.0,1.0,0.5,2,sentence_production_svo,1.0,0.294294536113739,1.0,1.0,0.49602073431015015
1.0,0.2874000072479248,1.0,1.0,0.5,1,phonological_cueing,1.0,0.2854309380054474,1.0,1.0,0.508880078792572
1.0,0.2874000072479248,1.0,1.0,0.5,11,free_conversation_prompting,1.0,0.29864776134490967,1.0,1.0,0.4879799485206604
1.0,0.2590999901294708,1.0,1.0,0.5,10,word_picture_matching,1.0,0.25651708245277405,1.0,1.0,0.4933987259864807
1.0,0.2590999901294708,1.0,1.0,0.5,9,writing_to_dictation,1.0,0.2630470097064972,1.0,1.0,0.4909530282020569
1.0,0.2590999901294708,1.0,1.0,0.5,5,script_training,1.0,0.2642594575881958,1.0,1.0,0.4885576367378235
1.0,0.2590999901294708,1.0,1.0,0.5,5,script_training,1.0,0.2641069293022156,1.0,1.0,0.4973164200782776
1.0,0.2590999901294708,1.0,1.0,0.5,5,script_training,1.0,0.2645716965198517,1.0,1.0,0.49401289224624634
1.0,0.38830000162124634,1.0,1.0,0.5,5,script_training,1.0,0.39166757464408875,1.0,1.0,0.4913656711578369
1.0,0.38830000162124634,1.0,1.0,0.5,4,CILT_dialogue,1.0,0.39667412638664246,1.0,1.0,0.48992693424224854
1.0,0.38830000162124634,1.0,1.0,0.5,1,phonological_cueing,1.0,0.3918122947216034,1.0,1.0,0.49554333090782166
1.0,0.38830000162124634,1.0,1.0,0.5,1,phonological_cueing,1.0,0.39357835054397583,1.0,1.0,0.5055983066558838
1.0,0.38830000162124634,1.0,1.0,0.5,11,free_conversation_prompting,1.0,0.40225929021835327,1.0,1.0,0.4875746965408325
1.0,0.36230000853538513,1.0,1.0,0.5,5,script_training,1.0,0.3760903477668762,1.0,1.0,0.48941293358802795
1.0,0.36230000853538513,1.0,1.0,0.5,11,free_conversation_prompting,1.0,0.38539278507232666,1.0,1.0,0.4942421615123749
1.0,0.36230000853538513,1.0,1.0,0.5,1,phonological_cueing,1.0,0.3664986193180084,1.0,1.0,0.48842060565948486
1.0,0.36230000853538513,1.0,1.0,0.5,6,story_retelling,1.0,0.3679634630680084,1.0,1.0,0.49036240577697754
1.0,0.36230000853538513,1.0,1.0,0.5,2,sentence_production_svo,1.0,0.36900031566619873,1.0,1.0,0.4989509880542755
1.0,0.2628999948501587,1.0,1.0,0.5,2,sentence_production_svo,1.0,0.2641635537147522,1.0,1.0,0.49685463309288025
1.0,0.2628999948501587,1.0,1.0,0.5,0,SFA_naming,1.0,0.26676833629608154,1.0,1.0,0.4967389702796936
1.0,0.2628999948501587,1.0,1.0,0.5,1,phonological_cueing,1.0,0.2748027741909027,1.0,1.0,0.49327006936073303
1.0,0.2628999948501587,1.0,1.0,0.5,11,free_conversation_prompting,1.0,0.2697005867958069,1.0,1.0,0.4944797158241272
1.0,0.2628999948501587,1.0,1.0,0.5,3,sentence_production_complex,1.0,0.2647014260292053,1.0,1.0,0.48983412981033325
1.0,0.22599999606609344,1.0,1.0,0.5,6,story_retelling,1.0,0.23438534140586853,1.0,1.0,0.48932191729545593
1.0,0.22599999606609344,1.0,1.0,0.5,5,script_training,1.0,0.23797497153282166,1.0,1.0,0.49287542700767517
1.0,0.22599999606609344,1.0,1.0,0.5,4,CILT_dialogue,1.0,0.23200535774230957,1.0,1.0,0.5031391978263855
1.0,0.22599999606609344,1.0,1.0,0.5,5,script_training,1.0,0.2359740436077118,1.0,1.0,0.48684942722320557
1.0,0.22599999606609344,1.0,1.0,0.5,2,sentence_production_svo,1.0,0.23404623568058014,1.0,1.0,0.4823210835456848
1.0,0.33070001006126404,1.0,1.0,0.5,11,free_conversation_prompting,1.0,0.33636248111724854,1.0,1.0,0.48521551489830017
1.0,0.33070001006126404,1.0,1.0,0.5,10,word_picture_matching,1.0,0.33553239703178406,1.0,1.0,0.502319872379303
1.0,0.33070001006126404,1.0,1.0,0.5,8,reading_comprehension,1.0,0.33486419916152954,1.0,1.0,0.49898964166641235
1.0,0.33070001006126404,1.0,1.0,0.5,5,script_training,1.0,0.3370189070701599,1.0,1.0,0.4925534725189209
1.0,0.33070001006126404,1.0,1.0,0.5,1,phonological_cueing,0.9917773604393005,0.3303600549697876,1.0,1.0,0.4947880804538727
1.0,0.35899999737739563,1.0,1.0,0.5,11,free_conversation_prompting,1.0,0.3724801242351532,1.0,1.0,0.48511695861816406
1.0,0.35899999737739563,1.0,1.0,0.5,3,sentence_production_complex,1.0,0.3626560568809509,1.0,1.0,0.4909600615501404
1.0,0.35899999737739563,1.0,1.0,0.5,0,SFA_naming,1.0,0.3563428819179535,1.0,1.0,0.48801296949386597
1.0,0.35899999737739563,1.0,1.0,0.5,3,sentence_production_complex,1.0,0.3692256808280945,1.0,1.0,0.4868578314781189
1.0,0.35899999737739563,1.0,1.0,0.5,9,writing_to_dictation,1.0,0.3610334098339081,1.0,1.0,0.5001059770584106
1.0,0.28850001096725464,1.0,1.0,0.5,6,story_retelling,1.0,0.29904600977897644,1.0,1.0,0.4819466173648834
1.0,0.28850001096725464,1.0,1.0,0.5,8,reading_comprehension,1.0,0.2943950891494751,1.0,1.0,0.4933668076992035
1.0,0.28850001096725464,1.0,1.0,0.5,9,writing_to_dictation,1.0,0.28040313720703125,1.0,0.9987468719482422,0.5039340853691101
1.0,0.28850001096725464,1.0,1.0,0.5,2,sentence_production_svo,1.0,0.29998672008514404,1.0,1.0,0.49045172333717346
1.0,0.28850001096725464,1.0,1.0,0.5,11,free_conversation_prompting,1.0,0.29576048254966736,1.0,1.0,0.4841729700565338
1.0,0.3743000030517578,1.0,1.0,0.5,4,CILT_dialogue,1.0,0.3834911286830902,1.0,1.0,0.4908110797405243
1.0,0.3743000030517578,1.0,1.0,0.5,7,conversation_partner_training,1.0,0.3853808045387268,1.0,1.0,0.4961548447608948
1.0,0.3743000030517578,1.0,1.0,0.5,0,SFA_naming,1.0,0.3758743703365326,1.0,1.0,0.49960625171661377
1.0,0.3743000030517578,1.0,1.0,0.5,11,free_conversation_prompting,1.0,0.3918766975402832,1.0,1.0,0.4848896563053131
1.0,0.3743000030517578,1.0,1.0,0.5,3,sentence_production_complex,1.0,0.37736812233924866,1.0,1.0,0.48552316427230835
1.0,0.49059998989105225,1.0,1.0,0.5,0,SFA_naming,1.0,0.49534258246421814,1.0,1.0,0.49702754616737366
1.0,0.49059998989105225,1.0,1.0,0.5,5,script_training,1.0,0.5054803490638733,1.0,1.0,0.49559903144836426
1.0,0.49059998989105225,1.0,1.0,0.5,1,phonological_cueing,1.0,0.4940889775753021,1.0,1.0,0.491425484418869
1.0,0.49059998989105225,1.0,1.0,0.5,1,phonological_cueing,0.9991681575775146,0.4916227459907532,1.0,1.0,0.49964866042137146
1.0,0.49059998989105225,1.0,1.0,0.5,6,story_retelling,1.0,0.4991384744644165,1.0,1.0,0.4957253932952881
1.0,0.2134999930858612,1.0,1.0,0.5,4,CILT_dialogue,1.0,0.21388785541057587,1.0,1.0,0.4865381717681885
1.0,0.2134999930858612,1.0,1.0,0.5,11,free_conversation_prompting,1.0,0.2265593409538269,1.0,1.0,0.4876071512699127
1.0,0.2134999930858612,1.0,1.0,0.5,3,sentence_production_complex,1.0,0.2135850191116333,1.0,1.0,0.4867044687271118
1.0,0.2134999930858612,1.0,1.0,0.5,7,conversation_partner_training,1.0,0.2250128537416458,1.0,1.0,0.48692190647125244
1.0,0.2134999930858612,1.0,1.0,0.5,5,script_training,1.0,0.22147102653980255,1.0,1.0,0.4888557493686676
1.0,0.2946000099182129,1.0,1.0,0.5,7,conversation_partner_training,1.0,0.29839643836021423,1.0,1.0,0.49311891198158264
1.0,0.2946000099182129,1.0,1.0,0.5,6,story_retelling,1.0,0.29973000288009644,1.0,1.0,0.4921710193157196
1.0,0.2946000099182129,1.0,1.0,0.5,5,script_training,1.0,0.30275285243988037,1.0,1.0,0.4973330497741699
1.0,0.2946000099182129,1.0,1.0,0.5,11,free_conversation_prompting,1.0,0.31443530321121216,1.0,1.0,0.4877578616142273
1.0,0.2946000099182129,1.0,1.0,0.5,3,sentence_production_complex,1.0,0.30788925290107727,1.0,1.0,0.49961525201797485
1.0,0.4404999911785126,1.0,1.0,0.5,1,phonological_cueing,1.0,0.43866148591041565,1.0,1.0,0.48447877168655396
1.0,0.4404999911785126,1.0,1.0,0.5,7,conversation_partner_training,1.0,0.4546809792518616,1.0,1.0,0.4965403974056244
1.0,0.4404999911785126,1.0,1.0,0.5,10,word_picture_matching,1.0,0.4484804570674896,1.0,0.993989884853363,0.49967119097709656
1.0,0.4404999911785126,1.0,1.0,0.5,0,SFA_naming,1.0,0.44653427600860596,1.0,1.0,0.4902837574481964
1.0,0.4404999911785126,1.0,1.0,0.5,4,CILT_dialogue,0.9976267218589783,0.45010581612586975,1.0,1.0,0.4857705235481262
1.0,0.29269999265670776,1.0,1.0,0.5,10,word_picture_matching,0.9994078278541565,0.2982458770275116,1.0,1.0,0.4952660799026489
1.0,0.29269999265670776,1.0,1.0,0.5,8,reading_comprehension,1.0,0.28774142265319824,1.0,1.0,0.5008036494255066
1.0,0.29269999265670776,1.0,1.0,0.5,11,free_conversation_prompting,1.0,0.3002564311027527,1.0,1.0,0.48530566692352295
1.0,0.29269999265670776,1.0,1.0,0.5,5,script_training,1.0,0.3101765215396881,1.0,1.0,0.48835644125938416
1.0,0.29269999265670776,1.0,1.0,0.5,7,conversation_partner_training,1.0,0.3070756793022156,1.0,1.0,0.48445188999176025
1.0,0.3443000018596649,1.0,1.0,0.5,3,sentence_production_complex,1.0,0.3587217926979065,1.0,1.0,0.4785304665565491
1.0,0.3443000018596649,1.0,1.0,0.5,11,free_conversation_prompting,1.0,0.3617750406265259,1.0,1.0,0.4910508096218109
1.0,0.3443000018596649,1.0,1.0,0.5,4,CILT_dialogue,1.0,0.35802775621414185,1.0,1.0,0.4952582120895386
1.0,0.3443000018596649,1.0,1.0,0.5,8,reading_comprehension,1.0,0.3529224693775177,1.0,1.0,0.4904337525367737
1.0,0.3443000018596649,1.0,1.0,0.5,4,CILT_dialogue,1.0,0.34851449728012085,1.0,1.0,0.4888650178909302
1.0,0.23520000278949738,1.0,1.0,0.5,6,story_retelling,1.0,0.2507185637950897,1.0,1.0,0.48884281516075134
1.0,0.23520000278949738,1.0,1.0,0.5,7,conversation_partner_training,1.0,0.24788770079612732,1.0,1.0,0.48408281803131104
1.0,0.23520000278949738,1.0,1.0,0.5,5,script_training,1.0,0.25186169147491455,1.0,1.0,0.48067668080329895
1.0,0.23520000278949738,1.0,1.0,0.5,10,word_picture_matching,1.0,0.23671379685401917,1.0,1.0,0.49773114919662476
1.0,0.23520000278949738,1.0,1.0,0.5,4,CILT_dialogue,1.0,0.24734652042388916,1.0,1.0,0.49535977840423584
1.0,0.15000000596046448,1.0,1.0,0.5,7,conversation_partner_training,1.0,0.15869326889514923,1.0,1.0,0.48758500814437866
1.0,0.15000000596046448,1.0,1.0,0.5,3,sentence_production_complex,1.0,0.16109886765480042,1.0,1.0,0.49203377962112427
1.0,0.15000000596046448,1.0,1.0,0.5,4,CILT_dialogue,1.0,0.1699957400560379,1.0,1.0,0.4912700355052948
1.0,0.15000000596046448,1.0,1.0,0.5,4,CILT_dialogue,1.0,0.1554936021566391,1.0,1.0,0.4828007221221924
1.0,0.15000000596046448,1.0,1.0,0.5,1,phonological_cueing,1.0,0.1444631963968277,1.0,1.0,0.48796167969703674
1.0,0.4878000020980835,1.0,1.0,0.5,1,phonological_cueing,0.9940382838249207,0.48862966895103455,1.0,0.9987414479255676,0.49443474411964417
1.0,0.4878000020980835,1.0,1.0,0.5,7,conversation_partner_training,1.0,0.49880263209342957,1.0,1.0,0.48945167660713196
1.0,0.4878000020980835,1.0,1.0,0.5,7,conversation_partner_training,1.0,0.495412677526474,1.0,1.0,0.4812301695346832
1.0,0.4878000020980835,1.0,1.0,0.5,7,conversation_partner_training,1.0,0.49641337990760803,1.0,1.0,0.48581141233444214
1.0,0.4878000020980835,1.0,1.0,0.5,0,SFA_naming,1.0,0.4979062080383301,1.0,1.0,0.49883657693862915
1.0,0.33640000224113464,1.0,1.0,0.5,3,sentence_production_complex,1.0,0.3467008173465729,1.0,1.0,0.4934520423412323
1.0,0.33640000224113464,1.0,1.0,0.5,2,sentence_production_svo,1.0,0.3422510325908661,1.0,1.0,0.4887395203113556
1.0,0.33640000224113464,1.0,1.0,0.5,9,writing_to_dictation,1.0,0.3425794839859009,1.0,1.0,0.4909251630306244
1.0,0.33640000224113464,1.0,1.0,0.5,10,word_picture_matching,1.0,0.338166207075119,1.0,1.0,0.4955790042877197
1.0,0.33640000224113464,1.0,1.0,0.5,2,sentence_production_svo,1.0,0.34051185846328735,1.0,1.0,0.47964513301849365
1.0,0.2085999995470047,1.0,1.0,0.5,7,conversation_partner_training,1.0,0.22026698291301727,1.0,1.0,0.4985545575618744
1.0,0.2085999995470047,1.0,1.0,0.5,1,phonological_cueing,1.0,0.21725092828273773,1.0,1.0,0.4922800660133362
1.0,0.2085999995470047,1.0,1.0,0.5,3,sentence_production_complex,1.0,0.21759024262428284,1.0,1.0,0.49371337890625
1.0,0.2085999995470047,1.0,1.0,0.5,1,phonological_cueing,1.0,0.20994845032691956,1.0,1.0,0.5013105869293213
1.0,0.2085999995470047,1.0,1.0,0.5,3,sentence_production_complex,1.0,0.21742978692054749,1.0,1.0,0.49034246802330017
1.0,0.21439999341964722,1.0,1.0,0.5,7,conversation_partner_training,1.0,0.2222621887922287,1.0,1.0,0.4915732145309448
1.0,0.21439999341964722,1.0,1.0,0.5,11,free_conversation_prompting,1.0,0.23256385326385498,1.0,1.0,0.4842487573623657
1.0,0.21439999341964722,1.0,1.0,0.5,2,sentence_production_svo,1.0,0.22146783769130707,1.0,1.0,0.48990219831466675
1.0,0.21439999341964722,1.0,1.0,0.5,5,script_training,1.0,0.22052834928035736,1.0,1.0,0.4875759482383728
1.0,0.21439999341964722,1.0,1.0,0.5,7,conversation_partner_training,1.0,0.22852900624275208,1.0,1.0,0.49596118927001953
1.0,0.3393999934196472,1.0,1.0,0.5,11,free_conversation_prompting,1.0,0.36097073554992676,1.0,1.0,0.4887911081314087
1.0,0.3393999934196472,1.0,1.0,0.5,6,story_retelling,1.0,0.35003945231437683,1.0,1.0,0.4862184524536133
1.0,0.3393999934196472,1.0,1.0,0.5,2,sentence_production_svo,1.0,0.3555758595466614,1.0,1.0,0.489341139793396
1.0,0.3393999934196472,1.0,1.0,0.5,6,story_retelling,1.0,0.34189409017562866,1.0,1.0,0.4864046573638916
1.0,0.3393999934196472,1.0,1.0,0.5,3,sentence_production_complex,1.0,0.35262155532836914,1.0,1.0,0.4867348372936249
1.0,0.313400000333786,1.0,1.0,0.5,11,free_conversation_prompting,1.0,0.3284958004951477,1.0,1.0,0.4883103668689728
1.0,0.313400000333786,1.0,1.0,0.5,4,CILT_dialogue,1.0,0.3273075222969055,1.0,1.0,0.4857955276966095
1.0,0.313400000333786,1.0,1.0,0.5,7,conversation_partner_training,1.0,0.32626840472221375,1.0,1.0,0.4805460572242737
1.0,0.313400000333786,1.0,1.0,0.5,0,SFA_naming,1.0,0.32342594861984253,1.0,1.0,0.495002806186676
1.0,0.313400000333786,1.0,1.0,0.5,4,CILT_dialogue,1.0,0.31808263063430786,1.0,1.0,0.4906883239746094
1.0,0.18809999525547028,1.0,1.0,0.5,10,word_picture_matching,1.0,0.1807662844657898,1.0,1.0,0.4986547827720642
1.0,0.18809999525547028,1.0,1.0,0.5,6,story_retelling,1.0,0.19700391590595245,1.0,1.0,0.49640703201293945
1.0,0.18809999525547028,1.0,1.0,0.5,4,CILT_dialogue,1.0,0.19232973456382751,1.0,1.0,0.4931868016719818
1.0,0.18809999525547028,1.0,1.0,0.5,11,free_conversation_prompting,1.0,0.20026160776615143,1.0,1.0,0.48384225368499756
1.0,0.18809999525547028,1.0,1.0,0.5,10,word_picture_matching,1.0,0.19033662974834442,1.0,1.0,0.49304884672164917
1.0,0.2775999903678894,1.0,1.0,0.5,3,sentence_production_complex,1.0,0.28928500413894653,1.0,1.0,0.49478626251220703
1.0,0.2775999903678894,1.0,1.0,0.5,5,script_training,1.0,0.28128233551979065,1.0,1.0,0.49044346809387207
1.0,0.2775999903678894,1.0,1.0,0.5,5,script_training,1.0,0.29037705063819885,1.0,1.0,0.49134591221809387
1.0,0.2775999903678894,1.0,1.0,0.5,6,story_retelling,1.0,0.28763940930366516,1.0,1.0,0.4970936179161072
1.0,0.2775999903678894,1.0,1.0,0.5,3,sentence_production_complex,1.0,0.2719258666038513,1.0,1.0,0.4891514182090759
1.0,0.16300000250339508,1.0,1.0,0.5,2,sentence_production_svo,1.0,0.16141465306282043,1.0,1.0,0.48762422800064087
1.0,0.16300000250339508,1.0,1.0,0.5,11,free_conversation_prompting,1.0,0.16843447089195251,1.0,1.0,0.48562973737716675
1.0,0.16300000250339508,1.0,1.0,0.5,11,free_conversation_prompting,1.0,0.18438774347305298,1.0,1.0,0.4801959991455078
1.0,0.16300000250339508,1.0,1.0,0.5,10,word_picture_matching,1.0,0.1651129126548767,0.9941741824150085,1.0,0.49844059348106384
1.0,0.16300000250339508,1.0,1.0,0.5,11,free_conversation_prompting,1.0,0.17659783363342285,1.0,1.0,0.4879801869392395
1.0,0.33410000801086426,1.0,1.0,0.5,8,reading_comprehension,1.0,0.33979445695877075,1.0,1.0,0.4950001537799835
1.0,0.33410000801086426,1.0,1.0,0.5,8,reading_comprehension,1.0,0.339537650346756,1.0,1.0,0.49071401357650757
1.0,0.33410000801086426,1.0,1.0,0.5,8,reading_comprehension,1.0,0.33799290657043457,1.0,1.0,0.498906672000885
1.0,0.33410000801086426,1.0,1.0,0.5,5,script_training,1.0,0.34050026535987854,1.0,1.0,0.49071887135505676
1.0,0.33410000801086426,1.0,1.0,0.5,5,script_training,1.0,0.3469928205013275,1.0,1.0,0.4919321537017822
1.0,0.32749998569488525,1.0,1.0,0.5,2,sentence_production_svo,1.0,0.32844290137290955,1.0,1.0,0.48838213086128235
1.0,0.32749998569488525,1.0,1.0,0.5,7,conversation_partner_training,1.0,0.3435019552707672,1.0,1.0,0.4946068823337555
1.0,0.32749998569488525,1.0,1.0,0.5,3,sentence_production_complex,1.0,0.3439679741859436,1.0,1.0,0.49473708868026733
1.0,0.32749998569488525,1.0,1.0,0.5,2,sentence_production_svo,1.0,0.3434016704559326,1.0,0.9994412660598755,0.49058109521865845
1.0,0.32749998569488525,1.0,1.0,0.5,6,story_retelling,1.0,0.333751380443573,1.0,1.0,0.4905432462692261
1.0,0.27889999747276306,1.0,1.0,0.5,4,CILT_dialogue,1.0,0.28937825560569763,1.0,1.0,0.4895748198032379
1.0,0.27889999747276306,1.0,1.0,0.5,2,sentence_production_svo,1.0,0.2819521725177765,1.0,1.0,0.49128028750419617
1.0,0.27889999747276306,1.0,1.0,0.5,9,writing_to_dictation,1.0,0.28813105821609497,0.9978205561637878,1.0,0.48965686559677124
1.0,0.27889999747276306,1.0,1.0,0.5,10,word_picture_matching,1.0,0.27762213349342346,0.9981516599655151,1.0,0.494052916765213
1.0,0.27889999747276306,1.0,1.0,0.5,1,phonological_cueing,1.0,0.2800173759460449,1.0,1.0,0.4893433749675751
1.0,0.28189998865127563,1.0,1.0,0.5,0,SFA_naming,1.0,0.2963210344314575,1.0,1.0,0.4912703037261963
1.0,0.28189998865127563,1.0,1.0,0.5,3,sentence_production_complex,1.0,0.28904733061790466,1.0,1.0,0.4948524534702301
1.0,0.28189998865127563,1.0,1.0,0.5,9,writing_to_dictation,1.0,0.2770105302333832,1.0,1.0,0.4838288724422455
1.0,0.28189998865127563,1.0,1.0,0.5,10,word_picture_matching,1.0,0.2843136489391327,0.995363712310791,1.0,0.48845741152763367
1.0,0.28189998865127563,1.0,1.0,0.5,1,phonological_cueing,1.0,0.27892351150512695,1.0,1.0,0.4950716495513916
1.0,0.25699999928474426,1.0,1.0,0.5,9,writing_to_dictation,1.0,0.2635686993598938,1.0,1.0,0.4934264123439789
1.0,0.25699999928474426,1.0,1.0,0.5,1,phonological_cueing,1.0,0.25491923093795776,1.0,1.0,0.4915643334388733
1.0,0.25699999928474426,1.0,1.0,0.5,4,CILT_dialogue,1.0,0.26123353838920593,1.0,1.0,0.484214186668396
1.0,0.25699999928474426,1.0,1.0,0.5,11,free_conversation_prompting,1.0,0.2679084241390228,1.0,1.0,0.48653295636177063
1.0,0.25699999928474426,1.0,1.0,0.5,2,sentence_production_svo,1.0,0.2689014673233032,1.0,1.0,0.49943676590919495
1.0,0.35030001401901245,1.0,1.0,0.5,1,phonological_cueing,0.998269259929657,0.34673866629600525,1.0,1.0,0.4930908679962158
1.0,0.35030001401901245,1.0,1.0,0.5,4,CILT_dialogue,1.0,0.3684539198875427,1.0,1.0,0.496966153383255
1.0,0.35030001401901245,1.0,1.0,0.5,6,story_retelling,1.0,0.35627496242523193,1.0,1.0,0.49054890871047974
1.0,0.35030001401901245,1.0,1.0,0.5,11,free_conversation_prompting,1.0,0.36404508352279663,1.0,1.0,0.4890183210372925
1.0,0.35030001401901245,1.0,1.0,0.5,11,free_conversation_prompting,1.0,0.3632953464984894,1.0,1.0,0.4870333969593048
1.0,0.427700012922287,1.0,1.0,0.5,0,SFA_naming,1.0,0.4272027909755707,1.0,1.0,0.4840957820415497
1.0,0.427700012922287,1.0,1.0,0.5,1,phonological_cueing,1.0,0.43736764788627625,1.0,1.0,0.49072757363319397
1.0,0.427700012922287,1.0,1.0,0.5,9,writing_to_dictation,0.9969798922538757,0.43259918689727783,1.0,1.0,0.4965749979019165
1.0,0.427700012922287,1.0,1.0,0.5,2,sentence_production_svo,1.0,0.4318182170391083,1.0,1.0,0.4905858635902405
1.0,0.427700012922287,1.0,1.0,0.5,10,word_picture_matching,1.0,0.4275420606136322,1.0,1.0,0.4923027455806732
1.0,0.27059999108314514,1.0,1.0,0.5,7,conversation_partner_training,1.0,0.28001031279563904,1.0,1.0,0.48590123653411865
1.0,0.27059999108314514,1.0,1.0,0.5,1,phonological_cueing,1.0,0.2787545323371887,1.0,1.0,0.49273136258125305
1.0,0.27059999108314514,1.0,1.0,0.5,10,word_picture_matching,1.0,0.27269142866134644,1.0,0.9968361258506775,0.49804580211639404
1.0,0.27059999108314514,1.0,1.0,0.5,1,phonological_cueing,1.0,0.2630663216114044,1.0,1.0,0.5003225803375244
1.0,0.27059999108314514,1.0,1.0,0.5,4,CILT_dialogue,1.0,0.28124481439590454,1.0,1.0,0.48725491762161255
1.0,0.26420000195503235,1.0,1.0,0.5,6,story_retelling,1.0,0.27807992696762085,1.0,1.0,0.48753198981285095
1.0,0.26420000195503235,1.0,1.0,0.5,5,script_training,1.0,0.2759617269039154,1.0,1.0,0.48641377687454224
1.0,0.26420000195503235,1.0,1.0,0.5,7,conversation_partner_training,1.0,0.27605509757995605,1.0,1.0,0.4880702793598175
1.0,0.26420000195503235,1.0,1.0,0.5,7,conversation_partner_training,1.0,0.27619844675064087,1.0,1.0,0.4925159215927124
1.0,0.26420000195503235,1.0,1.0,0.5,11,free_conversation_prompting,1.0,0.28422385454177856,1.0,1.0,0.48632127046585083
1.0,0.26570001244544983,1.0,1.0,0.5,11,free_conversation_prompting,1.0,0.27676472067832947,1.0,1.0,0.4764285385608673
1.0,0.26570001244544983,1.0,1.0,0.5,5,script_training,1.0,0.269286572933197,1.0,1.0,0.49365147948265076
1.0,0.26570001244544983,1.0,1.0,0.5,1,phonological_cueing,1.0,0.27144408226013184,1.0,1.0,0.497639536857605
1.0,0.26570001244544983,1.0,1.0,0.5,8,reading_comprehension,1.0,0.27332213521003723,1.0,1.0,0.4878162741661072
1.0,0.26570001244544983,1.0,1.0,0.5,11,free_conversation_prompting,1.0,0.28631940484046936,1.0,1.0,0.49222901463508606
1.0,0.1931000053882599,1.0,1.0,0.5,3,sentence_production_complex,1.0,0.20027877390384674,1.0,1.0,0.48843011260032654
1.0,0.1931000053882599,1.0,1.0,0.5,5,script_training,1.0,0.20165757834911346,1.0,1.0,0.4842471480369568
1.0,0.1931000053882599,1.0,1.0,0.5,4,CILT_dialogue,1.0,0.1989547312259674,1.0,1.0,0.4895344376564026
1.0,0.1931000053882599,1.0,1.0,0.5,0,SFA_naming,1.0,0.1978832483291626,1.0,1.0,0.4929414689540863
1.0,0.1931000053882599,1.0,1.0,0.5,7,conversation_partner_training,1.0,0.21116144955158234,1.0,1.0,0.48282235860824585
1.0,0.13729999959468842,1.0,1.0,0.5,3,sentence_production_complex,1.0,0.14779342710971832,1.0,1.0,0.4951760768890381
1.0,0.13729999959468842,1.0,1.0,0.5,9,writing_to_dictation,1.0,0.14177778363227844,1.0,1.0,0.49546441435813904
1.0,0.13729999959468842,1.0,1.0,0.5,10,word_picture_matching,1.0,0.13227245211601257,1.0,0.9996016025543213,0.4912611246109009
1.0,0.13729999959468842,1.0,1.0,0.5,10,word_picture_matching,1.0,0.14433179795742035,1.0,1.0,0.4881942868232727
1.0,0.13729999959468842,1.0,1.0,0.5,4,CILT_dialogue,1.0,0.14969274401664734,1.0,1.0,0.4833988547325134
1.0,0.14010000228881836,1.0,1.0,0.5,3,sentence_production_complex,1.0,0.14641334116458893,1.0,1.0,0.49948251247406006
1.0,0.14010000228881836,1.0,1.0,0.5,8,reading_comprehension,1.0,0.1434345543384552,1.0,1.0,0.5018277168273926
1.0,0.14010000228881836,1.0,1.0,0.5,9,writing_to_dictation,0.9992602467536926,0.14614395797252655,1.0,1.0,0.4886549711227417
1.0,0.14010000228881836,1.0,1.0,0.5,5,script_training,1.0,0.15328337252140045,1.0,1.0,0.4897884428501129
1.0,0.14010000228881836,1.0,1.0,0.5,10,word_picture_matching,0.9986085891723633,0.14359581470489502,1.0,0.999830424785614,0.49690285325050354
1.0,0.2159000039100647,1.0,1.0,0.5,1,phonological_cueing,1.0,0.22488705813884735,1.0,1.0,0.49552154541015625
1.0,0.2159000039100647,1.0,1.0,0.5,10,word_picture_matching,1.0,0.21407300233840942,1.0,1.0,0.5045225024223328
1.0,0.2159000039100647,1.0,1.0,0.5,1,phonological_cueing,1.0,0.22213518619537354,1.0,1.0,0.5016153454780579
1.0,0.2159000039100647,1.0,1.0,0.5,1,phonological_cueing,0.9992619156837463,0.22516120970249176,0.9995925426483154,1.0,0.4994083642959595
1.0,0.2159000039100647,1.0,1.0,0.5,5,script_training,1.0,0.21613463759422302,1.0,1.0,0.4853881895542145
1.0,0.19419999420642853,1.0,1.0,0.5,0,SFA_naming,1.0,0.20215611159801483,1.0,1.0,0.4949173927307129
1.0,0.19419999420642853,1.0,1.0,0.5,0,SFA_naming,1.0,0.1981537938117981,1.0,1.0,0.49154138565063477
1.0,0.19419999420642853,1.0,1.0,0.5,0,SFA_naming,1.0,0.1956365406513214,1.0,1.0,0.500000536441803
1.0,0.19419999420642853,1.0,1.0,0.5,4,CILT_dialogue,1.0,0.20203973352909088,1.0,1.0,0.4878673553466797
1.0,0.19419999420642853,1.0,1.0,0.5,9,writing_to_dictation,1.0,0.19563764333724976,1.0,1.0,0.4981802701950073
1.0,0.15299999713897705,1.0,1.0,0.5,0,SFA_naming,1.0,0.15550044178962708,1.0,1.0,0.4945235848426819
1.0,0.15299999713897705,1.0,1.0,0.5,7,conversation_partner_training,1.0,0.1685110628604889,1.0,1.0,0.4861695468425751
1.0,0.15299999713897705,1.0,1.0,0.5,10,word_picture_matching,0.9961076974868774,0.14924360811710358,1.0,1.0,0.4926559329032898
1.0,0.15299999713897705,1.0,1.0,0.5,1,phonological_cueing,1.0,0.15673118829727173,1.0,1.0,0.5015800595283508
1.0,0.15299999713897705,1.0,1.0,0.5,1,phonological_cueing,0.9991735219955444,0.15681324899196625,1.0,1.0,0.49184393882751465
1.0,0.27320000529289246,1.0,1.0,0.5,10,word_picture_matching,1.0,0.27321553230285645,1.0,1.0,0.49936091899871826
1.0,0.27320000529289246,1.0,1.0,0.5,10,word_picture_matching,1.0,0.2789781391620636,1.0,1.0,0.4936457574367523
1.0,0.27320000529289246,1.0,1.0,0.5,5,script_training,1.0,0.2750975787639618,1.0,1.0,0.48420023918151855
1.0,0.27320000529289246,1.0,1.0,0.5,10,word_picture_matching,1.0,0.28140562772750854,0.9983537793159485,1.0,0.49224457144737244
1.0,0.27320000529289246,1.0,1.0,0.5,1,phonological_cueing,0.9987287521362305,0.27918893098831177,1.0,1.0,0.5075234174728394
1.0,0.2711000144481659,1.0,1.0,0.5,4,CILT_dialogue,1.0,0.2767190933227539,1.0,1.0,0.4890800416469574
1.0,0.2711000144481659,1.0,1.0,0.5,8,reading_comprehension,1.0,0.2751080393791199,1.0,1.0,0.49364420771598816
1.0,0.2711000144481659,1.0,1.0,0.5,2,sentence_production_svo,1.0,0.2774108052253723,1.0,1.0,0.4931499660015106
1.0,0.2711000144481659,1.0,1.0,0.5,8,reading_comprehension,1.0,0.2812598645687103,1.0,1.0,0.4904315173625946
1.0,0.2711000144481659,1.0,1.0,0.5,5,script_training,1.0,0.2809149920940399,1.0,1.0,0.4857001006603241
1.0,0.30160000920295715,1.0,1.0,0.5,8,reading_comprehension,1.0,0.3047574758529663,1.0,1.0,0.49055659770965576
1.0,0.30160000920295715,1.0,1.0,0.5,5,script_training,1.0,0.29667961597442627,1.0,1.0,0.4989967942237854
1.0,0.30160000920295715,1.0,1.0,0.5,4,CILT_dialogue,1.0,0.31426191329956055,1.0,1.0,0.48730218410491943
1.0,0.30160000920295715,1.0,1.0,0.5,2,sentence_production_svo,1.0,0.305571049451828,1.0,1.0,0.4945206642150879
1.0,0.30160000920295715,1.0,1.0,0.5,2,sentence_production_svo,1.0,0.31433364748954773,1.0,1.0,0.49290594458580017
1.0,0.6000000238418579,1.0,1.0,0.5,8,reading_comprehension,1.0,0.6000511050224304,1.0,0.9991737604141235,0.497109591960907
1.0,0.6000000238418579,1.0,1.0,0.5,1,phonological_cueing,1.0,0.6017061471939087,1.0,1.0,0.4871727526187897
1.0,0.6000000238418579,1.0,1.0,0.5,0,SFA_naming,1.0,0.6096928715705872,1.0,1.0,0.49498653411865234
1.0,0.6000000238418579,1.0,1.0,0.5,1,phonological_cueing,1.0,0.605713963508606,1.0,1.0,0.5010563135147095
1.0,0.6000000238418579,1.0,1.0,0.5,1,phonological_cueing,1.0,0.6062754988670349,1.0,1.0,0.4855623245239258
1.0,0.37119999527931213,1.0,1.0,0.5,10,word_picture_matching,0.995466411113739,0.37416571378707886,1.0,1.0,0.4997114837169647
1.0,0.37119999527931213,1.0,1.0,0.5,4,CILT_dialogue,1.0,0.37888938188552856,1.0,1.0,0.49171629548072815
1.0,0.37119999527931213,1.0,1.0,0.5,11,free_conversation_prompting,1.0,0.38676542043685913,1.0,1.0,0.4892747104167938
1.0,0.37119999527931213,1.0,1.0,0.5,1,phonological_cueing,1.0,0.374907910823822,1.0,1.0,0.4940454363822937
1.0,0.37119999527931213,1.0,1.0,0.5,7,conversation_partner_training,1.0,0.3821117877960205,1.0,1.0,0.47662556171417236
1.0,0.296999990940094,1.0,1.0,0.5,4,CILT_dialogue,1.0,0.3017403483390808,1.0,1.0,0.4973995089530945
1.0,0.296999990940094,1.0,1.0,0.5,4,CILT_dialogue,1.0,0.3070303797721863,1.0,1.0,0.49183201789855957
1.0,0.296999990940094,1.0,1.0,0.5,10,word_picture_matching,0.9974637627601624,0.29711195826530457,1.0,1.0,0.4900723099708557
1.0,0.296999990940094,1.0,1.0,0.5,11,free_conversation_prompting,1.0,0.31697341799736023,1.0,1.0,0.4909532368183136
1.0,0.296999990940094,1.0,1.0,0.5,10,word_picture_matching,0.9993047714233398,0.2971861958503723,1.0,1.0,0.4953446686267853
1.0,0.3440999984741211,1.0,1.0,0.5,2,sentence_production_svo,1.0,0.35103535652160645,1.0,1.0,0.4948328137397766
1.0,0.3440999984741211,1.0,1.0,0.5,2,sentence_production_svo,1.0,0.352985680103302,1.0,1.0,0.4827248752117157
1.0,0.3440999984741211,1.0,1.0,0.5,7,conversation_partner_training,1.0,0.34086817502975464,1.0,1.0,0.4874292314052582
1.0,0.3440999984741211,1.0,1.0,0.5,3,sentence_production_complex,1.0,0.3374383747577667,1.0,1.0,0.4915331304073334
1.0,0.3440999984741211,1.0,1.0,0.5,8,reading_comprehension,1.0,0.3500578999519348,1.0,0.9979436993598938,0.49971824884414673
1.0,0.35269999504089355,1.0,1.0,0.5,6,story_retelling,1.0,0.3621034622192383,1.0,1.0,0.4911964237689972
1.0,0.35269999504089355,1.0,1.0,0.5,6,story_retelling,1.0,0.3598901927471161,1.0,1.0,0.4974071681499481
1.0,0.35269999504089355,1.0,1.0,0.5,10,word_picture_matching,1.0,0.3583977222442627,1.0,1.0,0.4976615011692047
1.0,0.35269999504089355,1.0,1.0,0.5,7,conversation_partner_training,1.0,0.3645044267177582,1.0,1.0,0.4908568859100342
1.0,0.35269999504089355,1.0,1.0,0.5,0,SFA_naming,1.0,0.358426958322525,1.0,1.0,0.4919518530368805
1.0,0.31529998779296875,1.0,1.0,0.5,0,SFA_naming,1.0,0.3169950544834137,1.0,1.0,0.4945032000541687
1.0,0.31529998779296875,1.0,1.0,0.5,6,story_retelling,1.0,0.3193952441215515,1.0,1.0,0.4880010485649109
1.0,0.31529998779296875,1.0,1.0,0.5,5,script_training,1.0,0.3278452157974243,1.0,1.0,0.48724815249443054
1.0,0.31529998779296875,1.0,1.0,0.5,2,sentence_production_svo,1.0,0.3257606327533722,1.0,1.0,0.4879303276538849
1.0,0.31529998779296875,1.0,1.0,0.5,4,CILT_dialogue,1.0,0.319128155708313,1.0,1.0,0.4853496551513672
1.0,0.24570000171661377,1.0,1.0,0.5,8,reading_comprehension,1.0,0.25841575860977173,1.0,1.0,0.4957602322101593
1.0,0.24570000171661377,1.0,1.0,0.5,10,word_picture_matching,1.0,0.25581708550453186,1.0,1.0,0.5014075636863708
1.0,0.24570000171661377,1.0,1.0,0.5,6,story_retelling,1.0,0.25617715716362,1.0,1.0,0.4874253273010254
1.0,0.24570000171661377,1.0,1.0,0.5,4,CILT_dialogue,1.0,0.24807117879390717,1.0,1.0,0.4896083176136017
1.0,0.24570000171661377,1.0,1.0,0.5,2,sentence_production_svo,1.0,0.24514511227607727,1.0,1.0,0.4930180013179779
1.0,0.3384000062942505,1.0,1.0,0.5,5,script_training,1.0,0.3499729037284851,1.0,1.0,0.49165308475494385
1.0,0.3384000062942505,1.0,1.0,0.5,3,sentence_production_complex,1.0,0.3501317799091339,1.0,1.0,0.4934588074684143
1.0,0.3384000062942505,1.0,1.0,0.5,6,story_retelling,1.0,0.3393995463848114,1.0,1.0,0.4943504333496094
1.0,0.3384000062942505,1.0,1.0,0.5,7,conversation_partner_training,1.0,0.34923964738845825,1.0,1.0,0.482827752828598
1.0,0.3384000062942505,1.0,1.0,0.5,0,SFA_naming,1.0,0.35241395235061646,1.0,1.0,0.49452099204063416
1.0,0.3458999991416931,1.0,1.0,0.5,0,SFA_naming,1.0,0.3560613691806793,1.0,1.0,0.48964378237724304
1.0,0.3458999991416931,1.0,1.0,0.5,2,sentence_production_svo,1.0,0.35496020317077637,1.0,1.0,0.49892458319664
1.0,0.3458999991416931,1.0,1.0,0.5,10,word_picture_matching,1.0,0.34370455145835876,1.0,1.0,0.5069218873977661
1.0,0.3458999991416931,1.0,1.0,0.5,7,conversation_partner_training,1.0,0.35377469658851624,1.0,1.0,0.4893585443496704
1.0,0.3458999991416931,1.0,1.0,0.5,1,phonological_cueing,1.0,0.3533247709274292,1.0,1.0,0.4944304823875427
1.0,0.30379998683929443,1.0,1.0,0.5,10,word_picture_matching,1.0,0.29829105734825134,1.0,1.0,0.4921470582485199
1.0,0.30379998683929443,1.0,1.0,0.5,5,script_training,1.0,0.31164705753326416,1.0,1.0,0.4822317361831665
1.0,0.30379998683929443,1.0,1.0,0.5,5,script_training,1.0,0.30882689356803894,1.0,1.0,0.49673640727996826
1.0,0.30379998683929443,1.0,1.0,0.5,11,free_conversation_prompting,1.0,0.3132549524307251,1.0,1.0,0.4866601824760437
1.0,0.30379998683929443,1.0,1.0,0.5,0,SFA_naming,1.0,0.30073514580726624,1.0,1.0,0.49618345499038696
1.0,0.34689998626708984,1.0,1.0,0.5,2,sentence_production_svo,1.0,0.350952684879303,1.0,1.0,0.4859071373939514
1.0,0.34689998626708984,1.0,1.0,0.5,6,story_retelling,1.0,0.36217790842056274,1.0,1.0,0.4902861416339874
1.0,0.34689998626708984,1.0,1.0,0.5,2,sentence_production_svo,1.0,0.3496224284172058,1.0,1.0,0.4936552047729492
1.0,0.34689998626708984,1.0,1.0,0.5,7,conversation_partner_training,1.0,0.36113661527633667,1.0,1.0,0.48658105731010437
1.0,0.34689998626708984,1.0,1.0,0.5,2,sentence_production_svo,1.0,0.3488985300064087,1.0,1.0,0.49770262837409973
1.0,0.32359999418258667,1.0,1.0,0.5,1,phonological_cueing,1.0,0.32841867208480835,1.0,1.0,0.49714648723602295
1.0,0.32359999418258667,1.0,1.0,0.5,2,sentence_production_svo,1.0,0.3283446729183197,1.0,1.0,0.4953598976135254
1.0,0.32359999418258667,1.0,1.0,0.5,4,CILT_dialogue,1.0,0.32420575618743896,1.0,1.0,0.49245235323905945
1.0,0.32359999418258667,1.0,1.0,0.5,1,phonological_cueing,0.9996293783187866,0.3262345790863037,1.0,1.0,0.4853115975856781
1.0,0.32359999418258667,1.0,1.0,0.5,1,phonological_cueing,0.9997491836547852,0.3216424882411957,1.0,1.0,0.4855946898460388
1.0,0.36230000853538513,1.0,1.0,0.5,10,word_picture_matching,1.0,0.36331096291542053,0.9997397661209106,1.0,0.5059850811958313
1.0,0.36230000853538513,1.0,1.0,0.5,3,sentence_production_complex,1.0,0.36291399598121643,1.0,1.0,0.4918641746044159
1.0,0.36230000853538513,1.0,1.0,0.5,3,sentence_production_complex,1.0,0.3742287755012512,1.0,1.0,0.4881758689880371
1.0,0.36230000853538513,1.0,1.0,0.5,0,SFA_naming,1.0,0.36638933420181274,1.0,1.0,0.49131160974502563
1.0,0.36230000853538513,1.0,1.0,0.5,3,sentence_production_complex,1.0,0.3679148852825165,1.0,1.0,0.4937324821949005
1.0,0.3894999921321869,1.0,1.0,0.5,2,sentence_production_svo,1.0,0.39234405755996704,1.0,1.0,0.48069775104522705
1.0,0.3894999921321869,1.0,1.0,0.5,6,story_retelling,1.0,0.39342308044433594,1.0,1.0,0.49540185928344727
1.0,0.3894999921321869,1.0,1.0,0.5,2,sentence_production_svo,1.0,0.39913368225097656,1.0,1.0,0.4933314323425293
1.0,0.3894999921321869,1.0,1.0,0.5,10,word_picture_matching,0.9978758692741394,0.3908657729625702,1.0,1.0,0.49157875776290894
1.0,0.3894999921321869,1.0,1.0,0.5,11,free_conversation_prompting,1.0,0.40237537026405334,1.0,1.0,0.48179832100868225
1.0,0.4580000042915344,1.0,1.0,0.5,1,phonological_cueing,0.9978159070014954,0.4572593569755554,1.0,1.0,0.5052410960197449
1.0,0.4580000042915344,1.0,1.0,0.5,1,phonological_cueing,1.0,0.46820974349975586,1.0,1.0,0.49313709139823914
1.0,0.4580000042915344,1.0,1.0,0.5,1,phonological_cueing,1.0,0.45809295773506165,1.0,1.0,0.4949585795402527
1.0,0.4580000042915344,1.0,1.0,0.5,6,story_retelling,1.0,0.4714597165584564,1.0,1.0,0.49419718980789185
1.0,0.4580000042915344,1.0,1.0,0.5,1,phonological_cueing,1.0,0.45834773778915405,1.0,0.998874843120575,0.495919793844223
1.0,0.45829999446868896,1.0,1.0,0.5,10,word_picture_matching,1.0,0.45973891019821167,1.0,1.0,0.4982137084007263
1.0,0.45829999446868896,1.0,1.0,0.5,8,reading_comprehension,1.0,0.4618799388408661,1.0,1.0,0.5052415132522583
1.0,0.45829999446868896,1.0,1.0,0.5,10,word_picture_matching,1.0,0.4657011032104492,1.0,1.0,0.4995790421962738
1.0,0.45829999446868896,1.0,1.0,0.5,5,script_training,1.0,0.46708807349205017,1.0,1.0,0.49266931414604187
1.0,0.45829999446868896,1.0,1.0,0.5,11,free_conversation_prompting,1.0,0.4709649085998535,1.0,1.0,0.48285335302352905
1.0,0.36809998750686646,1.0,1.0,0.5,0,SFA_naming,1.0,0.37673720717430115,1.0,1.0,0.4881269335746765
1.0,0.36809998750686646,1.0,1.0,0.5,4,CILT_dialogue,1.0,0.37490174174308777,1.0,1.0,0.4956369996070862
1.0,0.36809998750686646,1.0,1.0,0.5,3,sentence_production_complex,1.0,0.3806108832359314,1.0,1.0,0.49504944682121277
1.0,0.36809998750686646,1.0,1.0,0.5,11,free_conversation_prompting,1.0,0.3709460198879242,1.0,1.0,0.4871417284011841
1.0,0.36809998750686646,1.0,1.0,0.5,6,story_retelling,1.0,0.3733005225658417,1.0,1.0,0.48719242215156555
1.0,0.2669000029563904,1.0,1.0,0.5,9,writing_to_dictation,1.0,0.26877227425575256,1.0,1.0,0.4978916645050049
1.0,0.2669000029563904,1.0,1.0,0.5,1,phonological_cueing,1.0,0.26443198323249817,1.0,1.0,0.5072563290596008
1.0,0.2669000029563904,1.0,1.0,0.5,11,free_conversation_prompting,1.0,0.2816303074359894,1.0,1.0,0.48403871059417725
1.0,0.2669000029563904,1.0,1.0,0.5,5,script_training,1.0,0.27470260858535767,1.0,1.0,0.499227911233902
1.0,0.2669000029563904,1.0,1.0,0.5,5,script_training,1.0,0.26523858308792114,1.0,1.0,0.4921477437019348
1.0,0.36959999799728394,1.0,1.0,0.5,11,free_conversation_prompting,1.0,0.37625253200531006,1.0,1.0,0.4755330979824066
1.0,0.36959999799728394,1.0,1.0,0.5,4,CILT_dialogue,1.0,0.3760423958301544,1.0,1.0,0.48978057503700256
1.0,0.36959999799728394,1.0,1.0,0.5,4,CILT_dialogue,1.0,0.3775569200515747,1.0,1.0,0.4864118993282318
1.0,0.36959999799728394,1.0,1.0,0.5,6,story_retelling,1.0,0.38070181012153625,1.0,1.0,0.48875513672828674
1.0,0.36959999799728394,1.0,1.0,0.5,1,phonological_cueing,1.0,0.3763731122016907,1.0,1.0,0.4919697344303131
1.0,0.23240000009536743,1.0,1.0,0.5,3,sentence_production_complex,1.0,0.2420029193162918,1.0,1.0,0.4998576045036316
1.0,0.23240000009536743,1.0,1.0,0.5,2,sentence_production_svo,1.0,0.2435467392206192,1.0,1.0,0.4983677864074707
1.0,0.23240000009536743,1.0,1.0,0.5,1,phonological_cueing,1.0,0.239247664809227,1.0,1.0,0.4921157956123352
1.0,0.23240000009536743,1.0,1.0,0.5,10,word_picture_matching,1.0,0.22883105278015137,1.0,1.0,0.4946046471595764
1.0,0.23240000009536743,1.0,1.0,0.5,6,story_retelling,1.0,0.24707740545272827,1.0,1.0,0.49257180094718933
1.0,0.28519999980926514,1.0,1.0,0.5,3,sentence_production_complex,1.0,0.28995370864868164,1.0,1.0,0.49657079577445984
1.0,0.28519999980926514,1.0,1.0,0.5,4,CILT_dialogue,1.0,0.29192695021629333,1.0,1.0,0.4907332956790924
1.0,0.28519999980926514,1.0,1.0,0.5,4,CILT_dialogue,1.0,0.30088821053504944,1.0,1.0,0.4840487241744995
1.0,0.28519999980926514,1.0,1.0,0.5,6,story_retelling,1.0,0.29979923367500305,1.0,1.0,0.4852387607097626
1.0,0.28519999980926514,1.0,1.0,0.5,11,free_conversation_prompting,1.0,0.2967003285884857,1.0,1.0,0.48587533831596375
1.0,0.25209999084472656,1.0,1.0,0.5,11,free_conversation_prompting,1.0,0.2726636230945587,1.0,1.0,0.4821256697177887
1.0,0.25209999084472656,1.0,1.0,0.5,4,CILT_dialogue,1.0,0.2584194839000702,1.0,1.0,0.4883148670196533
1.0,0.25209999084472656,1.0,1.0,0.5,3,sentence_production_complex,1.0,0.26067018508911133,1.0,1.0,0.4808094799518585
1.0,0.25209999084472656,1.0,1.0,0.5,4,CILT_dialogue,1.0,0.2598573863506317,1.0,1.0,0.4946664571762085
1.0,0.25209999084472656,1.0,1.0,0.5,6,story_retelling,1.0,0.25339943170547485,1.0,1.0,0.49239495396614075
1.0,0.24230000376701355,1.0,1.0,0.5,5,script_training,1.0,0.24672073125839233,1.0,1.0,0.4873203635215759
1.0,0.24230000376701355,1.0,1.0,0.5,7,conversation_partner_training,1.0,0.25844183564186096,1.0,1.0,0.49253764748573303
1.0,0.24230000376701355,1.0,1.0,0.5,6,story_retelling,1.0,0.24792711436748505,1.0,1.0,0.4858570694923401
1.0,0.24230000376701355,1.0,1.0,0.5,3,sentence_production_complex,1.0,0.2590219974517822,1.0,1.0,0.4800063371658325
1.0,0.24230000376701355,1.0,1.0,0.5,3,sentence_production_complex,1.0,0.2551349103450775,1.0,1.0,0.4935646653175354
1.0,0.32100000977516174,1.0,1.0,0.5,4,CILT_dialogue,1.0,0.32571911811828613,1.0,1.0,0.4890863299369812
1.0,0.32100000977516174,1.0,1.0,0.5,1,phonological_cueing,1.0,0.324675977230072,0.9985445141792297,1.0,0.49359166622161865
1.0,0.32100000977516174,1.0,1.0,0.5,1,phonological_cueing,1.0,0.32997146248817444,1.0,1.0,0.49661481380462646
1.0,0.32100000977516174,1.0,1.0,0.5,7,conversation_partner_training,1.0,0.32786497473716736,1.0,1.0,0.4954324960708618
1.0,0.32100000977516174,1.0,1.0,0.5,4,CILT_dialogue,1.0,0.33242741227149963,1.0,1.0,0.4959862530231476
1.0,0.3034999966621399,1.0,1.0,0.5,2,sentence_production_svo,1.0,0.3125837445259094,1.0,1.0,0.49053001403808594
1.0,0.3034999966621399,1.0,1.0,0.5,6,story_retelling,1.0,0.32103821635246277,1.0,1.0,0.4921758770942688
1.0,0.3034999966621399,1.0,1.0,0.5,8,reading_comprehension,1.0,0.3020878732204437,1.0,1.0,0.4905073940753937
1.0,0.3034999966621399,1.0,1.0,0.5,2,sentence_production_svo,1.0,0.3089201748371124,1.0,1.0,0.4933023154735565
1.0,0.3034999966621399,1.0,1.0,0.5,10,word_picture_matching,1.0,0.30337804555892944,1.0,0.9976810812950134,0.5003020167350769
1.0,0.40369999408721924,1.0,1.0,0.5,11,free_conversation_prompting,1.0,0.41874802112579346,1.0,1.0,0.4900304675102234
1.0,0.40369999408721924,1.0,1.0,0.5,6,story_retelling,1.0,0.4084983468055725,1.0,1.0,0.4890872538089752
1.0,0.40369999408721924,1.0,1.0,0.5,7,conversation_partner_training,1.0,0.4100903868675232,1.0,1.0,0.48807430267333984
1.0,0.40369999408721924,1.0,1.0,0.5,0,SFA_naming,1.0,0.40834033489227295,1.0,1.0,0.4959059953689575
1.0,0.40369999408721924,1.0,1.0,0.5,11,free_conversation_prompting,1.0,0.4094759523868561,1.0,1.0,0.49018409848213196
1.0,0.4153999984264374,1.0,1.0,0.5,4,CILT_dialogue,1.0,0.416391521692276,1.0,1.0,0.4984215199947357
1.0,0.4153999984264374,1.0,1.0,0.5,11,free_conversation_prompting,1.0,0.430456280708313,1.0,1.0,0.4874531626701355
1.0,0.4153999984264374,1.0,1.0,0.5,6,story_retelling,1.0,0.4208795130252838,1.0,1.0,0.49553796648979187
1.0,0.4153999984264374,1.0,1.0,0.5,0,SFA_naming,1.0,0.41897863149642944,1.0,1.0,0.4994705617427826
1.0,0.4153999984264374,1.0,1.0,0.5,0,SFA_naming,1.0,0.42341411113739014,1.0,1.0,0.48766952753067017
1.0,0.21089999377727509,1.0,1.0,0.5,7,conversation_partner_training,1.0,0.23029083013534546,1.0,1.0,0.4857453405857086
1.0,0.21089999377727509,1.0,1.0,0.5,6,story_retelling,1.0,0.2231052964925766,1.0,1.0,0.49119850993156433
1.0,0.21089999377727509,1.0,1.0,0.5,0,SFA_naming,1.0,0.21405674517154694,1.0,1.0,0.491476833820343
1.0,0.21089999377727509,1.0,1.0,0.5,8,reading_comprehension,1.0,0.21062131226062775,1.0,1.0,0.48912057280540466
1.0,0.21089999377727509,1.0,1.0,0.5,10,word_picture_matching,1.0,0.21887481212615967,1.0,1.0,0.49571624398231506
1.0,0.2766999900341034,1.0,1.0,0.5,5,script_training,1.0,0.28552111983299255,1.0,1.0,0.4931226968765259
1.0,0.2766999900341034,1.0,1.0,0.5,5,script_training,1.0,0.28868380188941956,1.0,1.0,0.48903098702430725
1.0,0.2766999900341034,1.0,1.0,0.5,0,SFA_naming,1.0,0.29099908471107483,1.0,1.0,0.49053362011909485
1.0,0.2766999900341034,1.0,1.0,0.5,9,writing_to_dictation,0.9981599450111389,0.27541106939315796,1.0,1.0,0.4943099617958069
1.0,0.2766999900341034,1.0,1.0,0.5,3,sentence_production_complex,1.0,0.2888324558734894,1.0,1.0,0.49369606375694275
1.0,0.2985999882221222,1.0,1.0,0.5,10,word_picture_matching,1.0,0.30176863074302673,1.0,1.0,0.49245068430900574
1.0,0.2985999882221222,1.0,1.0,0.5,4,CILT_dialogue,1.0,0.3088662028312683,1.0,1.0,0.49055907130241394
1.0,0.2985999882221222,1.0,1.0,0.5,6,story_retelling,1.0,0.30720826983451843,1.0,1.0,0.4890427887439728
1.0,0.2985999882221222,1.0,1.0,0.5,2,sentence_production_svo,1.0,0.307473748922348,1.0,1.0,0.4861516058444977
1.0,0.2985999882221222,1.0,1.0,0.5,1,phonological_cueing,1.0,0.30379873514175415,1.0,1.0,0.4961450695991516
1.0,0.4487000107765198,1.0,1.0,0.5,9,writing_to_dictation,0.9965047240257263,0.4504148066043854,1.0,1.0,0.5009127259254456
1.0,0.4487000107765198,1.0,1.0,0.5,5,script_training,1.0,0.45233067870140076,1.0,1.0,0.4955723285675049
1.0,0.4487000107765198,1.0,1.0,0.5,5,script_training,1.0,0.45276278257369995,1.0,1.0,0.4936602711677551
1.0,0.4487000107765198,1.0,1.0,0.5,11,free_conversation_prompting,1.0,0.45801034569740295,1.0,1.0,0.47757911682128906
1.0,0.4487000107765198,1.0,1.0,0.5,11,free_conversation_prompting,1.0,0.45694848895072937,1.0,1.0,0.49251237511634827
1.0,0.2946000099182129,1.0,1.0,0.5,10,word_picture_matching,0.9987714290618896,0.29941487312316895,0.9990583062171936,1.0,0.4966993033885956
1.0,0.2946000099182129,1.0,1.0,0.5,2,sentence_production_svo,1.0,0.2971063554286957,1.0,1.0,0.4915657937526703
1.0,0.2946000099182129,1.0,1.0,0.5,6,story_retelling,1.0,0.3063300848007202,1.0,1.0,0.5023677349090576
1.0,0.2946000099182129,1.0,1.0,0.5,10,word_picture_matching,1.0,0.2983078360557556,1.0,1.0,0.4993780553340912
1.0,0.2946000099182129,1.0,1.0,0.5,4,CILT_dialogue,1.0,0.3061107099056244,1.0,1.0,0.48564907908439636
1.0,0.36730000376701355,1.0,1.0,0.5,1,phonological_cueing,1.0,0.37356439232826233,1.0,1.0,0.4943050742149353
1.0,0.36730000376701355,1.0,1.0,0.5,9,writing_to_dictation,1.0,0.3643221855163574,1.0,1.0,0.50516676902771
1.0,0.36730000376701355,1.0,1.0,0.5,5,script_training,1.0,0.37605002522468567,1.0,1.0,0.4913387596607208
1.0,0.36730000376701355,1.0,1.0,0.5,6,story_retelling,1.0,0.38022270798683167,1.0,1.0,0.492499440908432
1.0,0.36730000376701355,1.0,1.0,0.5,11,free_conversation_prompting,1.0,0.3695477247238159,1.0,1.0,0.48774757981300354
1.0,0.5625,1.0,1.0,0.5,6,story_retelling,1.0,0.5771076679229736,1.0,1.0,0.4969708323478699
1.0,0.5625,1.0,1.0,0.5,4,CILT_dialogue,1.0,0.5742895007133484,1.0,1.0,0.4944334030151367
1.0,0.5625,1.0,1.0,0.5,4,CILT_dialogue,1.0,0.5804262757301331,1.0,1.0,0.4821557104587555
1.0,0.5625,1.0,1.0,0.5,4,CILT_dialogue,1.0,0.5695452690124512,1.0,1.0,0.49122220277786255
1.0,0.5625,1.0,1.0,0.5,1,phonological_cueing,1.0,0.5736719369888306,0.9932766556739807,1.0,0.493103563785553
1.0,0.28519999980926514,1.0,1.0,0.5,9,writing_to_dictation,1.0,0.29118824005126953,1.0,1.0,0.4954468309879303
1.0,0.28519999980926514,1.0,1.0,0.5,10,word_picture_matching,0.9984723925590515,0.28204241394996643,0.9957907199859619,1.0,0.4946717321872711
1.0,0.28519999980926514,1.0,1.0,0.5,3,sentence_production_complex,1.0,0.29702723026275635,1.0,1.0,0.49378538131713867
1.0,0.28519999980926514,1.0,1.0,0.5,3,sentence_production_complex,1.0,0.2947273552417755,1.0,1.0,0.49536919593811035
1.0,0.28519999980926514,1.0,1.0,0.5,10,word_picture_matching,1.0,0.2911296486854553,1.0,0.9967128038406372,0.49683472514152527
1.0,0.3693000078201294,1.0,1.0,0.5,0,SFA_naming,1.0,0.37375903129577637,1.0,1.0,0.4954361021518707
1.0,0.3693000078201294,1.0,1.0,0.5,5,script_training,1.0,0.3739703595638275,1.0,1.0,0.4818458557128906
1.0,0.3693000078201294,1.0,1.0,0.5,5,script_training,1.0,0.3781725764274597,1.0,1.0,0.48533686995506287
1.0,0.3693000078201294,1.0,1.0,0.5,7,conversation_partner_training,1.0,0.395681768655777,1.0,1.0,0.4901253879070282
1.0,0.3693000078201294,1.0,1.0,0.5,1,phonological_cueing,1.0,0.37638935446739197,1.0,1.0,0.4963814914226532
1.0,0.3357999920845032,1.0,1.0,0.5,7,conversation_partner_training,1.0,0.34755057096481323,1.0,1.0,0.4924395978450775
1.0,0.3357999920845032,1.0,1.0,0.5,4,CILT_dialogue,1.0,0.3430224359035492,1.0,1.0,0.4885845184326172
1.0,0.3357999920845032,1.0,1.0,0.5,6,story_retelling,1.0,0.3440636396408081,1.0,1.0,0.49350789189338684
1.0,0.3357999920845032,1.0,1.0,0.5,0,SFA_naming,1.0,0.3379209637641907,1.0,1.0,0.4980790615081787
1.0,0.3357999920845032,1.0,1.0,0.5,5,script_training,1.0,0.3338387608528137,1.0,1.0,0.4911751449108124
1.0,0.24799999594688416,1.0,1.0,0.5,5,script_training,1.0,0.2640126943588257,1.0,1.0,0.48331233859062195
1.0,0.24799999594688416,1.0,1.0,0.5,2,sentence_production_svo,1.0,0.2489245980978012,1.0,1.0,0.4907064139842987
1.0,0.24799999594688416,1.0,1.0,0.5,1,phonological_cueing,1.0,0.2584530711174011,1.0,1.0,0.49277907609939575
1.0,0.24799999594688416,1.0,1.0,0.5,2,sentence_production_svo,1.0,0.24720396101474762,1.0,1.0,0.49716728925704956
1.0,0.24799999594688416,1.0,1.0,0.5,3,sentence_production_complex,1.0,0.2498752772808075,1.0,1.0,0.48683151602745056
1.0,0.2872999906539917,1.0,1.0,0.5,1,phonological_cueing,1.0,0.29087913036346436,1.0,1.0,0.5004147291183472
1.0,0.2872999906539917,1.0,1.0,0.5,11,free_conversation_prompting,1.0,0.2987067997455597,1.0,1.0,0.4834924638271332
1.0,0.2872999906539917,1.0,1.0,0.5,4,CILT_dialogue,1.0,0.30004769563674927,1.0,1.0,0.48581066727638245
1.0,0.2872999906539917,1.0,1.0,0.5,9,writing_to_dictation,1.0,0.29087746143341064,1.0,1.0,0.49473512172698975
1.0,0.2872999906539917,1.0,1.0,0.5,11,free_conversation_prompting,1.0,0.29328733682632446,1.0,1.0,0.48489996790885925
1.0,0.4577000141143799,1.0,1.0,0.5,0,SFA_naming,1.0,0.46279504895210266,1.0,1.0,0.49919986724853516
1.0,0.4577000141143799,1.0,1.0,0.5,7,conversation_partner_training,1.0,0.46667492389678955,1.0,1.0,0.4837118685245514
1.0,0.4577000141143799,1.0,1.0,0.5,10,word_picture_matching,1.0,0.45414456725120544,0.9978054761886597,1.0,0.5006463527679443
1.0,0.4577000141143799,1.0,1.0,0.5,6,story_retelling,1.0,0.46856629848480225,1.0,1.0,0.4949624836444855
1.0,0.4577000141143799,1.0,1.0,0.5,4,CILT_dialogue,1.0,0.4731060266494751,1.0,1.0,0.4966522753238678
1.0,0.2632000148296356,1.0,1.0,0.5,4,CILT_dialogue,1.0,0.27753061056137085,1.0,1.0,0.49183836579322815
1.0,0.2632000148296356,1.0,1.0,0.5,0,SFA_naming,1.0,0.2630051076412201,1.0,1.0,0.4946855306625366
1.0,0.2632000148296356,1.0,1.0,0.5,5,script_training,1.0,0.2668617367744446,1.0,1.0,0.48187196254730225
1.0,0.2632000148296356,1.0,1.0,0.5,11,free_conversation_prompting,1.0,0.265555739402771,1.0,1.0,0.48982852697372437
1.0,0.2632000148296356,1.0,1.0,0.5,11,free_conversation_prompting,1.0,0.2800512909889221,1.0,1.0,0.4881571829319
1.0,0.3221000134944916,1.0,1.0,0.5,0,SFA_naming,1.0,0.321498841047287,1.0,1.0,0.4918244481086731
1.0,0.3221000134944916,1.0,1.0,0.5,7,conversation_partner_training,1.0,0.33647605776786804,1.0,1.0,0.49815624952316284
1.0,0.3221000134944916,1.0,1.0,0.5,3,sentence_production_complex,1.0,0.32214051485061646,1.0,1.0,0.4912530481815338
1.0,0.3221000134944916,1.0,1.0,0.5,10,word_picture_matching,1.0,0.31142038106918335,1.0,1.0,0.5002109408378601
1.0,0.3221000134944916,1.0,1.0,0.5,0,SFA_naming,1.0,0.33459705114364624,1.0,1.0,0.48918503522872925
1.0,0.31360000371932983,1.0,1.0,0.5,11,free_conversation_prompting,1.0,0.3324836790561676,1.0,1.0,0.4910038113594055
1.0,0.31360000371932983,1.0,1.0,0.5,10,word_picture_matching,1.0,0.31366339325904846,1.0,0.9988752007484436,0.4869880974292755
1.0,0.31360000371932983,1.0,1.0,0.5,1,phonological_cueing,1.0,0.3136197626590729,1.0,1.0,0.49391019344329834
1.0,0.31360000371932983,1.0,1.0,0.5,0,SFA_naming,1.0,0.32585325837135315,1.0,1.0,0.48775458335876465
1.0,0.31360000371932983,1.0,1.0,0.5,10,word_picture_matching,1.0,0.31997570395469666,1.0,1.0,0.49964940547943115
1.0,0.31040000915527344,1.0,1.0,0.5,1,phonological_cueing,1.0,0.3197250962257385,1.0,1.0,0.49009326100349426
1.0,0.31040000915527344,1.0,1.0,0.5,5,script_training,1.0,0.3270095884799957,1.0,1.0,0.492209255695343
1.0,0.31040000915527344,1.0,1.0,0.5,11,free_conversation_prompting,1.0,0.3300045430660248,1.0,1.0,0.4839216470718384
1.0,0.31040000915527344,1.0,1.0,0.5,6,story_retelling,1.0,0.32342252135276794,1.0,1.0,0.4890778362751007
1.0,0.31040000915527344,1.0,1.0,0.5,4,CILT_dialogue,1.0,0.3228599429130554,1.0,1.0,0.4874939024448395
1.0,0.296099990606308,1.0,1.0,0.5,4,CILT_dialogue,1.0,0.2983686923980713,1.0,1.0,0.4896641671657562
1.0,0.296099990606308,1.0,1.0,0.5,0,SFA_naming,1.0,0.3025955557823181,1.0,1.0,0.49029669165611267
1.0,0.296099990606308,1.0,1.0,0.5,11,free_conversation_prompting,1.0,0.3117290437221527,1.0,1.0,0.48987096548080444
1.0,0.296099990606308,1.0,1.0,0.5,3,sentence_production_complex,1.0,0.29928305745124817,1.0,1.0,0.4899810254573822
1.0,0.296099990606308,1.0,1.0,0.5,2,sentence_production_svo,1.0,0.30702733993530273,1.0,1.0,0.4832563102245331
1.0,0.27379998564720154,1.0,1.0,0.5,3,sentence_production_complex,1.0,0.28462687134742737,1.0,1.0,0.4938086271286011
1.0,0.27379998564720154,1.0,1.0,0.5,11,free_conversation_prompting,1.0,0.28282487392425537,1.0,1.0,0.479541540145874
1.0,0.27379998564720154,1.0,1.0,0.5,1,phonological_cueing,1.0,0.2711649537086487,1.0,1.0,0.4926615059375763
1.0,0.27379998564720154,1.0,1.0,0.5,10,word_picture_matching,0.9993553161621094,0.2803725302219391,1.0,0.997324526309967,0.49297237396240234
1.0,0.27379998564720154,1.0,1.0,0.5,7,conversation_partner_training,1.0,0.29198983311653137,1.0,1.0,0.49047213792800903
1.0,0.3398999869823456,1.0,1.0,0.5,10,word_picture_matching,0.9949756264686584,0.3442714512348175,1.0,1.0,0.49322429299354553
1.0,0.3398999869823456,1.0,1.0,0.5,11,free_conversation_prompting,1.0,0.3611692786216736,1.0,1.0,0.4912378191947937
1.0,0.3398999869823456,1.0,1.0,0.5,10,word_picture_matching,1.0,0.33551740646362305,1.0,1.0,0.5047913193702698
1.0,0.3398999869823456,1.0,1.0,0.5,11,free_conversation_prompting,1.0,0.35785943269729614,1.0,1.0,0.49059465527534485
1.0,0.3398999869823456,1.0,1.0,0.5,1,phonological_cueing,1.0,0.33603987097740173,0.9994513988494873,1.0,0.49944230914115906
1.0,0.3278000056743622,1.0,1.0,0.5,9,writing_to_dictation,1.0,0.3342127203941345,1.0,1.0,0.49170348048210144
1.0,0.3278000056743622,1.0,1.0,0.5,6,story_retelling,1.0,0.3393642008304596,1.0,1.0,0.4892940819263458
1.0,0.3278000056743622,1.0,1.0,0.5,5,script_training,1.0,0.33282530307769775,1.0,1.0,0.4908614456653595
1.0,0.3278000056743622,1.0,1.0,0.5,10,word_picture_matching,1.0,0.3385929763317108,1.0,1.0,0.4988677203655243
1.0,0.3278000056743622,1.0,1.0,0.5,11,free_conversation_prompting,1.0,0.34257397055625916,1.0,1.0,0.49926504492759705
1.0,0.4341999888420105,1.0,1.0,0.5,7,conversation_partner_training,1.0,0.45085111260414124,1.0,1.0,0.48762044310569763
1.0,0.4341999888420105,1.0,1.0,0.5,5,script_training,1.0,0.4466122090816498,1.0,1.0,0.4991830289363861
1.0,0.4341999888420105,1.0,1.0,0.5,5,script_training,1.0,0.4462302029132843,1.0,1.0,0.4935162663459778
1.0,0.4341999888420105,1.0,1.0,0.5,4,CILT_dialogue,1.0,0.44368594884872437,1.0,1.0,0.4891541004180908
1.0,0.4341999888420105,1.0,1.0,0.5,3,sentence_production_complex,1.0,0.4375413954257965,1.0,1.0,0.49034830927848816
1.0,0.3407999873161316,1.0,1.0,0.5,4,CILT_dialogue,1.0,0.3637579679489136,1.0,1.0,0.490640789270401
1.0,0.3407999873161316,1.0,1.0,0.5,0,SFA_naming,1.0,0.3435874581336975,1.0,1.0,0.48758190870285034
1.0,0.3407999873161316,1.0,1.0,0.5,0,SFA_naming,1.0,0.34176376461982727,1.0,1.0,0.49307766556739807
1.0,0.3407999873161316,1.0,1.0,0.5,9,writing_to_dictation,0.9982292652130127,0.3383803963661194,1.0,1.0,0.5043703317642212
1.0,0.3407999873161316,1.0,1.0,0.5,4,CILT_dialogue,1.0,0.3533605635166168,1.0,1.0,0.4880369305610657
1.0,0.2741999924182892,1.0,1.0,0.5,11,free_conversation_prompting,1.0,0.2934812903404236,1.0,1.0,0.48599210381507874
1.0,0.2741999924182892,1.0,1.0,0.5,6,story_retelling,1.0,0.2757931053638458,1.0,1.0,0.4955047070980072
1.0,0.2741999924182892,1.0,1.0,0.5,0,SFA_naming,1.0,0.28744402527809143,0.9989892244338989,1.0,0.4954357147216797
1.0,0.2741999924182892,1.0,1.0,0.5,1,phonological_cueing,1.0,0.2784452438354492,1.0,1.0,0.49462875723838806
1.0,0.2741999924182892,1.0,1.0,0.5,2,sentence_production_svo,1.0,0.2850828170776367,1.0,1.0,0.4846325218677521
1.0,0.39070001244544983,1.0,1.0,0.5,11,free_conversation_prompting,1.0,0.4041098356246948,1.0,1.0,0.4881258010864258
1.0,0.39070001244544983,1.0,1.0,0.5,2,sentence_production_svo,1.0,0.3979840576648712,1.0,1.0,0.4858821630477905
1.0,0.39070001244544983,1.0,1.0,0.5,5,script_training,1.0,0.40310508012771606,1.0,1.0,0.4915655255317688
1.0,0.39070001244544983,1.0,1.0,0.5,11,free_conversation_prompting,1.0,0.4061082899570465,1.0,1.0,0.4898541271686554
1.0,0.39070001244544983,1.0,1.0,0.5,11,free_conversation_prompting,1.0,0.40208950638771057,1.0,1.0,0.47971636056900024
1.0,0.22120000422000885,1.0,1.0,0.5,2,sentence_production_svo,1.0,0.22903311252593994,1.0,1.0,0.4902997314929962
1.0,0.22120000422000885,1.0,1.0,0.5,0,SFA_naming,0.9966976642608643,0.22863011062145233,1.0,1.0,0.49141639471054077
1.0,0.22120000422000885,1.0,1.0,0.5,1,phonological_cueing,1.0,0.21982131898403168,1.0,1.0,0.4914669096469879
1.0,0.22120000422000885,1.0,1.0,0.5,0,SFA_naming,1.0,0.2166210561990738,0.9985047578811646,1.0,0.4975593388080597
1.0,0.22120000422000885,1.0,1.0,0.5,2,sentence_production_svo,1.0,0.22101449966430664,1.0,1.0,0.4992673099040985
1.0,0.375900000333786,1.0,1.0,0.5,6,story_retelling,1.0,0.38363462686538696,1.0,1.0,0.500392496585846
1.0,0.375900000333786,1.0,1.0,0.5,11,free_conversation_prompting,1.0,0.3861716389656067,1.0,1.0,0.4749227464199066
1.0,0.375900000333786,1.0,1.0,0.5,5,script_training,1.0,0.38737162947654724,1.0,1.0,0.4893079400062561
1.0,0.375900000333786,1.0,1.0,0.5,6,story_retelling,1.0,0.37988126277923584,1.0,1.0,0.49007830023765564
1.0,0.375900000333786,1.0,1.0,0.5,2,sentence_production_svo,1.0,0.3884580731391907,1.0,1.0,0.4823683202266693
1.0,0.46709999442100525,1.0,1.0,0.5,9,writing_to_dictation,1.0,0.4695870280265808,1.0,1.0,0.4986855685710907
1.0,0.46709999442100525,1.0,1.0,0.5,6,story_retelling,1.0,0.4754466414451599,1.0,1.0,0.4868542551994324
1.0,0.46709999442100525,1.0,1.0,0.5,10,word_picture_matching,1.0,0.4691762924194336,1.0,1.0,0.493111789226532
1.0,0.46709999442100525,1.0,1.0,0.5,11,free_conversation_prompting,1.0,0.4863220751285553,1.0,1.0,0.48795369267463684
1.0,0.46709999442100525,1.0,1.0,0.5,3,sentence_production_complex,1.0,0.4744611382484436,1.0,1.0,0.4958956837654114
1.0,0.33059999346733093,1.0,1.0,0.5,0,SFA_naming,1.0,0.33552348613739014,1.0,1.0,0.5050374269485474
1.0,0.33059999346733093,1.0,1.0,0.5,2,sentence_production_svo,1.0,0.33954375982284546,1.0,1.0,0.49166634678840637
1.0,0.33059999346733093,1.0,1.0,0.5,4,CILT_dialogue,1.0,0.3342249095439911,1.0,1.0,0.4973706007003784
1.0,0.33059999346733093,1.0,1.0,0.5,11,free_conversation_prompting,1.0,0.34182804822921753,1.0,1.0,0.4867425262928009
1.0,0.33059999346733093,1.0,1.0,0.5,4,CILT_dialogue,1.0,0.3405139148235321,1.0,1.0,0.4920195937156677
1.0,0.49140000343322754,1.0,1.0,0.5,8,reading_comprehension,0.9994209408760071,0.49805063009262085,1.0,1.0,0.49780768156051636
1.0,0.49140000343322754,1.0,1.0,0.5,5,script_training,1.0,0.503034234046936,1.0,1.0,0.4859870374202728
1.0,0.49140000343322754,1.0,1.0,0.5,2,sentence_production_svo,1.0,0.49741366505622864,1.0,1.0,0.4966457784175873
1.0,0.49140000343322754,1.0,1.0,0.5,3,sentence_production_complex,1.0,0.4951342046260834,1.0,1.0,0.4934871196746826
1.0,0.49140000343322754,1.0,1.0,0.5,7,conversation_partner_training,1.0,0.5027225017547607,1.0,1.0,0.4863213002681732
1.0,0.34860000014305115,1.0,1.0,0.5,7,conversation_partner_training,1.0,0.36739397048950195,1.0,1.0,0.4915634095668793
1.0,0.34860000014305115,1.0,1.0,0.5,4,CILT_dialogue,1.0,0.3550747334957123,1.0,1.0,0.48706039786338806
1.0,0.34860000014305115,1.0,1.0,0.5,2,sentence_production_svo,1.0,0.3532187342643738,1.0,1.0,0.489982545375824
1.0,0.34860000014305115,1.0,1.0,0.5,7,conversation_partner_training,1.0,0.36319857835769653,1.0,1.0,0.4979824423789978
1.0,0.34860000014305115,1.0,1.0,0.5,1,phonological_cueing,1.0,0.3548957407474518,1.0,1.0,0.49131596088409424
1.0,0.4406999945640564,1.0,1.0,0.5,11,free_conversation_prompting,1.0,0.4584903120994568,1.0,1.0,0.4834153652191162
1.0,0.4406999945640564,1.0,1.0,0.5,2,sentence_production_svo,1.0,0.4490389823913574,1.0,1.0,0.49274787306785583
1.0,0.4406999945640564,1.0,1.0,0.5,1,phonological_cueing,1.0,0.45048490166664124,1.0,0.9989749789237976,0.4920016825199127
1.0,0.4406999945640564,1.0,1.0,0.5,5,script_training,1.0,0.4470331370830536,1.0,1.0,0.4915299117565155
1.0,0.4406999945640564,1.0,1.0,0.5,5,script_training,1.0,0.45668748021125793,1.0,1.0,0.49049457907676697
1.0,0.5644999742507935,1.0,1.0,0.5,5,script_training,1.0,0.5812814831733704,1.0,1.0,0.4917507469654083
1.0,0.5644999742507935,1.0,1.0,0.5,4,CILT_dialogue,1.0,0.5701624751091003,1.0,1.0,0.49171146750450134
1.0,0.5644999742507935,1.0,1.0,0.5,11,free_conversation_prompting,1.0,0.5642644762992859,1.0,1.0,0.479164719581604
1.0,0.5644999742507935,1.0,1.0,0.5,5,script_training,1.0,0.5787160396575928,1.0,1.0,0.48799648880958557
1.0,0.5644999742507935,1.0,1.0,0.5,5,script_training,1.0,0.5710030794143677,1.0,1.0,0.4787867069244385
1.0,0.4821000099182129,1.0,1.0,0.5,4,CILT_dialogue,1.0,0.5033717155456543,1.0,1.0,0.4890495240688324
1.0,0.4821000099182129,1.0,1.0,0.5,0,SFA_naming,1.0,0.4871184229850769,1.0,1.0,0.5028097033500671
1.0,0.4821000099182129,1.0,1.0,0.5,6,story_retelling,1.0,0.48918718099594116,1.0,1.0,0.48849305510520935
1.0,0.4821000099182129,1.0,1.0,0.5,2,sentence_production_svo,1.0,0.49507129192352295,1.0,1.0,0.49449747800827026
1.0,0.4821000099182129,1.0,1.0,0.5,7,conversation_partner_training,1.0,0.49085545539855957,1.0,1.0,0.4863113760948181
1.0,0.800000011920929,1.0,1.0,0.5,0,SFA_naming,1.0,0.8114299774169922,1.0,1.0,0.4885616600513458
1.0,0.800000011920929,1.0,1.0,0.5,11,free_conversation_prompting,1.0,0.8056742548942566,1.0,1.0,0.48163607716560364
1.0,0.800000011920929,1.0,1.0,0.5,5,script_training,1.0,0.7898423075675964,1.0,1.0,0.49415159225463867
1.0,0.800000011920929,1.0,1.0,0.5,10,word_picture_matching,1.0,0.8055751919746399,0.9991635680198669,0.998379647731781,0.4861430823802948
1.0,0.800000011920929,1.0,1.0,0.5,5,script_training,1.0,0.8086684942245483,1.0,1.0,0.4951159358024597
1.0,0.4925000071525574,1.0,1.0,0.5,0,SFA_naming,1.0,0.504479169845581,1.0,1.0,0.4926553964614868
1.0,0.4925000071525574,1.0,1.0,0.5,10,word_picture_matching,1.0,0.4973315894603729,1.0,0.99967360496521,0.4941617548465729
1.0,0.4925000071525574,1.0,1.0,0.5,7,conversation_partner_training,1.0,0.5067554116249084,1.0,1.0,0.4849945902824402
1.0,0.4925000071525574,1.0,1.0,0.5,9,writing_to_dictation,1.0,0.49066832661628723,1.0,1.0,0.49079376459121704
1.0,0.4925000071525574,1.0,1.0,0.5,4,CILT_dialogue,1.0,0.5026655793190002,1.0,1.0,0.48745012283325195
1.0,0.14980000257492065,1.0,1.0,0.5,7,conversation_partner_training,1.0,0.15911805629730225,1.0,1.0,0.4951721727848053
1.0,0.14980000257492065,1.0,1.0,0.5,10,word_picture_matching,1.0,0.14876075088977814,1.0,0.9974289536476135,0.49089106917381287
1.0,0.14980000257492065,1.0,1.0,0.5,6,story_retelling,1.0,0.16157810389995575,1.0,1.0,0.491910845041275
1.0,0.14980000257492065,1.0,1.0,0.5,3,sentence_production_complex,1.0,0.16057096421718597,1.0,1.0,0.5003810524940491
1.0,0.14980000257492065,1.0,1.0,0.5,7,conversation_partner_training,1.0,0.1611824929714203,1.0,1.0,0.48573440313339233
1.0,0.1915999948978424,1.0,1.0,0.5,7,conversation_partner_training,1.0,0.20387506484985352,1.0,1.0,0.47630101442337036
1.0,0.1915999948978424,1.0,1.0,0.5,11,free_conversation_prompting,1.0,0.194554403424263,1.0,1.0,0.4917739927768707
1.0,0.1915999948978424,1.0,1.0,0.5,4,CILT_dialogue,1.0,0.20136024057865143,1.0,1.0,0.49679669737815857
1.0,0.1915999948978424,1.0,1.0,0.5,4,CILT_dialogue,1.0,0.20421284437179565,1.0,1.0,0.4891645610332489
1.0,0.1915999948978424,1.0,1.0,0.5,9,writing_to_dictation,1.0,0.19765256345272064,1.0,1.0,0.4995896816253662
1.0,0.23440000414848328,1.0,1.0,0.5,5,script_training,1.0,0.24398183822631836,1.0,1.0,0.4896962642669678
1.0,0.23440000414848328,1.0,1.0,0.5,8,reading_comprehension,1.0,0.2529873847961426,1.0,1.0,0.49028387665748596
1.0,0.23440000414848328,1.0,1.0,0.5,5,script_training,1.0,0.2470165193080902,1.0,1.0,0.486982136964798
1.0,0.23440000414848328,1.0,1.0,0.5,2,sentence_production_svo,1.0,0.24333399534225464,1.0,1.0,0.49246808886528015
1.0,0.23440000414848328,1.0,1.0,0.5,8,reading_comprehension,1.0,0.23100048303604126,1.0,1.0,0.4921591877937317
1.0,0.22589999437332153,1.0,1.0,0.5,1,phonological_cueing,1.0,0.23626574873924255,1.0,1.0,0.4891950488090515
1.0,0.22589999437332153,1.0,1.0,0.5,2,sentence_production_svo,1.0,0.2344936728477478,1.0,1.0,0.48942849040031433
1.0,0.22589999437332153,1.0,1.0,0.5,6,story_retelling,1.0,0.23288509249687195,1.0,1.0,0.492305189371109
1.0,0.22589999437332153,1.0,1.0,0.5,8,reading_comprehension,1.0,0.22983825206756592,1.0,1.0,0.5002624988555908
1.0,0.22589999437332153,1.0,1.0,0.5,10,word_picture_matching,1.0,0.21528011560440063,1.0,1.0,0.49807220697402954
1.0,0.2535000145435333,1.0,1.0,0.5,2,sentence_production_svo,1.0,0.26476237177848816,1.0,1.0,0.4974973797798157
1.0,0.2535000145435333,1.0,1.0,0.5,1,phonological_cueing,1.0,0.25651830434799194,1.0,1.0,0.4927474856376648
1.0,0.2535000145435333,1.0,1.0,0.5,11,free_conversation_prompting,1.0,0.27291181683540344,1.0,1.0,0.4920473098754883
1.0,0.2535000145435333,1.0,1.0,0.5,1,phonological_cueing,1.0,0.25709372758865356,1.0,1.0,0.49903830885887146
1.0,0.2535000145435333,1.0,1.0,0.5,2,sentence_production_svo,1.0,0.2550120949745178,1.0,1.0,0.49247369170188904
1.0,0.4072999954223633,1.0,1.0,0.5,3,sentence_production_complex,1.0,0.42833468317985535,1.0,1.0,0.4982653856277466
1.0,0.4072999954223633,1.0,1.0,0.5,5,script_training,1.0,0.41637054085731506,1.0,1.0,0.5035663843154907
1.0,0.4072999954223633,1.0,1.0,0.5,10,word_picture_matching,0.9980814456939697,0.4162939190864563,1.0,1.0,0.49377453327178955
1.0,0.4072999954223633,1.0,1.0,0.5,8,reading_comprehension,1.0,0.41485080122947693,1.0,1.0,0.49942225217819214
1.0,0.4072999954223633,1.0,1.0,0.5,7,conversation_partner_training,1.0,0.4218181073665619,1.0,1.0,0.49075841903686523
1.0,0.3506999909877777,1.0,1.0,0.5,1,phonological_cueing,1.0,0.3551018238067627,1.0,1.0,0.49968281388282776
1.0,0.3506999909877777,1.0,1.0,0.5,3,sentence_production_complex,1.0,0.3547855317592621,1.0,1.0,0.4837406277656555
1.0,0.3506999909877777,1.0,1.0,0.5,5,script_training,1.0,0.36550888419151306,1.0,1.0,0.49368464946746826
1.0,0.3506999909877777,1.0,1.0,0.5,1,phonological_cueing,1.0,0.36222535371780396,1.0,1.0,0.5113459229469299
1.0,0.3506999909877777,1.0,1.0,0.5,3,sentence_production_complex,1.0,0.3589021861553192,1.0,1.0,0.4948178231716156
1.0,0.36739999055862427,1.0,1.0,0.5,3,sentence_production_complex,1.0,0.37139827013015747,1.0,1.0,0.4952752888202667
1.0,0.36739999055862427,1.0,1.0,0.5,1,phonological_cueing,1.0,0.37803399562835693,1.0,1.0,0.49867159128189087
1.0,0.36739999055862427,1.0,1.0,0.5,6,story_retelling,1.0,0.3692934811115265,1.0,1.0,0.49619385600090027
1.0,0.36739999055862427,1.0,1.0,0.5,7,conversation_partner_training,1.0,0.3781968355178833,1.0,1.0,0.4901248514652252
1.0,0.36739999055862427,1.0,1.0,0.5,0,SFA_naming,1.0,0.37875792384147644,1.0,1.0,0.49814730882644653
1.0,0.43709999322891235,1.0,1.0,0.5,5,script_training,1.0,0.4433772563934326,1.0,1.0,0.494780570268631
1.0,0.43709999322891235,1.0,1.0,0.5,9,writing_to_dictation,1.0,0.4361826777458191,1.0,1.0,0.49917125701904297
1.0,0.43709999322891235,1.0,1.0,0.5,8,reading_comprehension,0.9986081719398499,0.4435943067073822,1.0,1.0,0.492658406496048
1.0,0.43709999322891235,1.0,1.0,0.5,9,writing_to_dictation,0.999494194984436,0.43996670842170715,1.0,1.0,0.4944722354412079
1.0,0.43709999322891235,1.0,1.0,0.5,4,CILT_dialogue,1.0,0.4412854313850403,1.0,1.0,0.4870382249355316
1.0,0.3343999981880188,1.0,1.0,0.5,10,word_picture_matching,0.9992594718933105,0.34092235565185547,1.0,0.9978665113449097,0.5023399591445923
1.0,0.3343999981880188,1.0,1.0,0.5,2,sentence_production_svo,1.0,0.3415597677230835,1.0,1.0,0.4908483326435089
1.0,0.3343999981880188,1.0,1.0,0.5,3,sentence_production_complex,1.0,0.3513185977935791,1.0,1.0,0.493232399225235
1.0,0.3343999981880188,1.0,1.0,0.5,1,phonological_cueing,1.0,0.3334926664829254,0.9978868961334229,1.0,0.4928909242153168
1.0,0.3343999981880188,1.0,1.0,0.5,5,script_training,1.0,0.3500981330871582,1.0,1.0,0.49374857544898987
1.0,0.272599995136261,1.0,1.0,0.5,4,CILT_dialogue,1.0,0.29160135984420776,1.0,1.0,0.48652055859565735
1.0,0.272599995136261,1.0,1.0,0.5,2,sentence_production_svo,1.0,0.27909913659095764,1.0,1.0,0.49372947216033936
1.0,0.272599995136261,1.0,1.0,0.5,8,reading_comprehension,1.0,0.27920302748680115,1.0,1.0,0.4941457509994507
1.0,0.272599995136261,1.0,1.0,0.5,3,sentence_production_complex,1.0,0.2796770930290222,1.0,1.0,0.4809560775756836
1.0,0.272599995136261,1.0,1.0,0.5,3,sentence_production_complex,1.0,0.2862243354320526,1.0,1.0,0.4960247278213501
1.0,0.2879999876022339,1.0,1.0,0.5,1,phonological_cueing,1.0,0.2929935157299042,0.9988934397697449,1.0,0.48851677775382996
1.0,0.2879999876022339,1.0,1.0,0.5,4,CILT_dialogue,1.0,0.29538801312446594,1.0,1.0,0.47761911153793335
1.0,0.2879999876022339,1.0,1.0,0.5,3,sentence_production_complex,1.0,0.29503804445266724,1.0,1.0,0.4955490529537201
1.0,0.2879999876022339,1.0,1.0,0.5,4,CILT_dialogue,1.0,0.3004162609577179,1.0,1.0,0.49249565601348877
1.0,0.2879999876022339,1.0,1.0,0.5,2,sentence_production_svo,1.0,0.28512680530548096,1.0,1.0,0.49843642115592957
1.0,0.2903999984264374,1.0,1.0,0.5,8,reading_comprehension,1.0,0.29348570108413696,1.0,1.0,0.5016205310821533
1.0,0.2903999984264374,1.0,1.0,0.5,11,free_conversation_prompting,1.0,0.3149930536746979,1.0,1.0,0.49129629135131836
1.0,0.2903999984264374,1.0,1.0,0.5,5,script_training,1.0,0.3030300438404083,1.0,1.0,0.4870927929878235
1.0,0.2903999984264374,1.0,1.0,0.5,7,conversation_partner_training,1.0,0.30595695972442627,1.0,1.0,0.4975641071796417
1.0,0.2903999984264374,1.0,1.0,0.5,10,word_picture_matching,1.0,0.2889567017555237,1.0,1.0,0.4977318346500397
1.0,0.35910001397132874,1.0,1.0,0.5,11,free_conversation_prompting,1.0,0.36818525195121765,1.0,1.0,0.48250213265419006
1.0,0.35910001397132874,1.0,1.0,0.5,6,story_retelling,1.0,0.3670996427536011,1.0,1.0,0.49231046438217163
1.0,0.35910001397132874,1.0,1.0,0.5,10,word_picture_matching,1.0,0.355390727519989,1.0,1.0,0.48780614137649536
1.0,0.35910001397132874,1.0,1.0,0.5,10,word_picture_matching,1.0,0.3627563714981079,1.0,1.0,0.4993625581264496
1.0,0.35910001397132874,1.0,1.0,0.5,9,writing_to_dictation,0.9986461997032166,0.35952797532081604,1.0,1.0,0.4912346601486206
1.0,0.3273000121116638,1.0,1.0,0.5,5,script_training,1.0,0.33573782444000244,1.0,1.0,0.4917029142379761
1.0,0.3273000121116638,1.0,1.0,0.5,0,SFA_naming,1.0,0.33257365226745605,1.0,1.0,0.4938758611679077
1.0,0.3273000121116638,1.0,1.0,0.5,0,SFA_naming,1.0,0.32876938581466675,1.0,1.0,0.49273812770843506
1.0,0.3273000121116638,1.0,1.0,0.5,5,script_training,1.0,0.33478841185569763,1.0,1.0,0.4842698276042938
1.0,0.3273000121116638,1.0,1.0,0.5,5,script_training,1.0,0.3378474712371826,1.0,1.0,0.4991329312324524
1.0,0.2856000065803528,1.0,1.0,0.5,4,CILT_dialogue,1.0,0.2965576648712158,1.0,1.0,0.49676957726478577
1.0,0.2856000065803528,1.0,1.0,0.5,6,story_retelling,1.0,0.29301631450653076,1.0,1.0,0.48645690083503723
1.0,0.2856000065803528,1.0,1.0,0.5,6,story_retelling,1.0,0.29646191000938416,1.0,1.0,0.49481281638145447
1.0,0.2856000065803528,1.0,1.0,0.5,10,word_picture_matching,1.0,0.2842112183570862,1.0,1.0,0.49682295322418213
1.0,0.2856000065803528,1.0,1.0,0.5,1,phonological_cueing,1.0,0.29253700375556946,1.0,1.0,0.4949035942554474
1.0,0.3806000053882599,1.0,1.0,0.5,2,sentence_production_svo,1.0,0.3847167491912842,1.0,1.0,0.4938528835773468
1.0,0.3806000053882599,1.0,1.0,0.5,9,writing_to_dictation,1.0,0.3813297748565674,1.0,1.0,0.4943329989910126
1.0,0.3806000053882599,1.0,1.0,0.5,10,word_picture_matching,1.0,0.3784795105457306,1.0,1.0,0.49804189801216125
1.0,0.3806000053882599,1.0,1.0,0.5,11,free_conversation_prompting,1.0,0.4008595645427704,1.0,1.0,0.4845874011516571
1.0,0.3806000053882599,1.0,1.0,0.5,10,word_picture_matching,1.0,0.390448659658432,1.0,1.0,0.49257129430770874
1.0,0.37299999594688416,1.0,1.0,0.5,10,word_picture_matching,1.0,0.37817612290382385,0.9956689476966858,1.0,0.503455400466919
1.0,0.37299999594688416,1.0,1.0,0.5,3,sentence_production_complex,1.0,0.37443456053733826,1.0,1.0,0.4980180561542511
1.0,0.37299999594688416,1.0,1.0,0.5,4,CILT_dialogue,1.0,0.37703776359558105,1.0,1.0,0.49498796463012695
1.0,0.37299999594688416,1.0,1.0,0.5,2,sentence_production_svo,1.0,0.3761642873287201,1.0,1.0,0.49313026666641235
1.0,0.37299999594688416,1.0,1.0,0.5,6,story_retelling,1.0,0.38102734088897705,1.0,1.0,0.493936687707901
1.0,0.41670000553131104,1.0,1.0,0.5,11,free_conversation_prompting,1.0,0.4331725537776947,1.0,1.0,0.4867660403251648
1.0,0.41670000553131104,1.0,1.0,0.5,3,sentence_production_complex,1.0,0.4290664792060852,1.0,1.0,0.4893891215324402
1.0,0.41670000553131104,1.0,1.0,0.5,6,story_retelling,1.0,0.4240175187587738,1.0,1.0,0.4910973608493805
1.0,0.41670000553131104,1.0,1.0,0.5,3,sentence_production_complex,1.0,0.4308522343635559,1.0,1.0,0.4901769161224365
1.0,0.41670000553131104,1.0,1.0,0.5,1,phonological_cueing,1.0,0.42006614804267883,0.9969539642333984,1.0,0.49445316195487976
1.0,0.325300008058548,1.0,1.0,0.5,2,sentence_production_svo,1.0,0.3294426500797272,1.0,1.0,0.5014169216156006
1.0,0.325300008058548,1.0,1.0,0.5,0,SFA_naming,0.9983787536621094,0.32825878262519836,1.0,1.0,0.49049025774002075
1.0,0.325300008058548,1.0,1.0,0.5,11,free_conversation_prompting,1.0,0.33637866377830505,1.0,1.0,0.48504742980003357
1.0,0.325300008058548,1.0,1.0,0.5,4,CILT_dialogue,1.0,0.33716514706611633,1.0,1.0,0.479598730802536
1.0,0.325300008058548,1.0,1.0,0.5,10,word_picture_matching,1.0,0.32169702649116516,0.9984321594238281,1.0,0.4964306354522705
1.0,0.24500000476837158,1.0,1.0,0.5,7,conversation_partner_training,1.0,0.25363481044769287,1.0,1.0,0.4830983579158783
1.0,0.24500000476837158,1.0,1.0,0.5,2,sentence_production_svo,1.0,0.25566861033439636,1.0,1.0,0.4854510426521301
1.0,0.24500000476837158,1.0,1.0,0.5,1,phonological_cueing,1.0,0.2593402862548828,1.0,1.0,0.4959351122379303
1.0,0.24500000476837158,1.0,1.0,0.5,9,writing_to_dictation,1.0,0.24642394483089447,1.0,1.0,0.4959650933742523
1.0,0.24500000476837158,1.0,1.0,0.5,2,sentence_production_svo,1.0,0.25516456365585327,1.0,1.0,0.4987456202507019
1.0,0.37299999594688416,1.0,1.0,0.5,11,free_conversation_prompting,1.0,0.3935666084289551,1.0,1.0,0.4771285653114319
1.0,0.37299999594688416,1.0,1.0,0.5,1,phonological_cueing,1.0,0.38120800256729126,0.9945164918899536,1.0,0.48755544424057007
1.0,0.37299999594688416,1.0,1.0,0.5,7,conversation_partner_training,1.0,0.39738380908966064,1.0,1.0,0.487463116645813
1.0,0.37299999594688416,1.0,1.0,0.5,9,writing_to_dictation,1.0,0.38092106580734253,1.0,0.9983795881271362,0.49749502539634705
1.0,0.37299999594688416,1.0,1.0,0.5,2,sentence_production_svo,1.0,0.38321584463119507,1.0,1.0,0.4888976812362671
1.0,0.3425999879837036,1.0,1.0,0.5,3,sentence_production_complex,1.0,0.3491102159023285,1.0,1.0,0.4928295314311981
1.0,0.3425999879837036,1.0,1.0,0.5,11,free_conversation_prompting,1.0,0.3535342216491699,1.0,1.0,0.4892582595348358
1.0,0.3425999879837036,1.0,1.0,0.5,2,sentence_production_svo,1.0,0.3411824405193329,1.0,1.0,0.4947950839996338
1.0,0.3425999879837036,1.0,1.0,0.5,4,CILT_dialogue,1.0,0.3519502580165863,1.0,1.0,0.4863187372684479
1.0,0.3425999879837036,1.0,1.0,0.5,4,CILT_dialogue,1.0,0.35775548219680786,1.0,1.0,0.48170772194862366
1.0,0.3190000057220459,1.0,1.0,0.5,2,sentence_production_svo,1.0,0.32759279012680054,1.0,1.0,0.5041305422782898
1.0,0.3190000057220459,1.0,1.0,0.5,9,writing_to_dictation,1.0,0.3281579911708832,1.0,1.0,0.4999355375766754
1.0,0.3190000057220459,1.0,1.0,0.5,8,reading_comprehension,1.0,0.32451850175857544,1.0,1.0,0.49804046750068665
1.0,0.3190000057220459,1.0,1.0,0.5,4,CILT_dialogue,1.0,0.3300769329071045,1.0,1.0,0.49479591846466064
1.0,0.3190000057220459,1.0,1.0,0.5,10,word_picture_matching,1.0,0.31497111916542053,1.0,1.0,0.5052396655082703
1.0,0.28519999980926514,1.0,1.0,0.5,2,sentence_production_svo,1.0,0.2945605516433716,1.0,1.0,0.4888606369495392
1.0,0.28519999980926514,1.0,1.0,0.5,0,SFA_naming,1.0,0.28754568099975586,1.0,1.0,0.49438294768333435
1.0,0.28519999980926514,1.0,1.0,0.5,6,story_retelling,1.0,0.301918625831604,1.0,1.0,0.49140802025794983
1.0,0.28519999980926514,1.0,1.0,0.5,11,free_conversation_prompting,1.0,0.29267647862434387,1.0,1.0,0.48371198773384094
1.0,0.28519999980926514,1.0,1.0,0.5,0,SFA_naming,1.0,0.28809356689453125,1.0,1.0,0.49383869767189026
1.0,0.27239999175071716,1.0,1.0,0.5,2,sentence_production_svo,1.0,0.27537766098976135,1.0,1.0,0.48785948753356934
1.0,0.27239999175071716,1.0,1.0,0.5,5,script_training,1.0,0.27467256784439087,1.0,1.0,0.4935448169708252
1.0,0.27239999175071716,1.0,1.0,0.5,9,writing_to_dictation,1.0,0.28018802404403687,1.0,1.0,0.49600714445114136
1.0,0.27239999175071716,1.0,1.0,0.5,0,SFA_naming,1.0,0.28227898478507996,1.0,1.0,0.4970351457595825
1.0,0.27239999175071716,1.0,1.0,0.5,4,CILT_dialogue,1.0,0.28302812576293945,1.0,1.0,0.48923811316490173
1.0,0.3993000090122223,1.0,1.0,0.5,8,reading_comprehension,1.0,0.41000255942344666,1.0,1.0,0.4887562394142151
1.0,0.3993000090122223,1.0,1.0,0.5,4,CILT_dialogue,1.0,0.39702868461608887,1.0,1.0,0.48958972096443176
1.0,0.3993000090122223,1.0,1.0,0.5,2,sentence_production_svo,1.0,0.4093431234359741,1.0,1.0,0.4905954599380493
1.0,0.3993000090122223,1.0,1.0,0.5,2,sentence_production_svo,1.0,0.4061290919780731,1.0,1.0,0.49231892824172974
1.0,0.3993000090122223,1.0,1.0,0.5,4,CILT_dialogue,1.0,0.41366127133369446,1.0,1.0,0.49369189143180847
1.0,0.34279999136924744,1.0,1.0,0.5,5,script_training,1.0,0.355010449886322,1.0,1.0,0.4982971251010895
1.0,0.34279999136924744,1.0,1.0,0.5,10,word_picture_matching,1.0,0.34754112362861633,1.0,1.0,0.4948628842830658
1.0,0.34279999136924744,1.0,1.0,0.5,7,conversation_partner_training,1.0,0.3559836745262146,1.0,1.0,0.48622727394104004
1.0,0.34279999136924744,1.0,1.0,0.5,7,conversation_partner_training,1.0,0.3547120690345764,1.0,1.0,0.4799518585205078
1.0,0.34279999136924744,1.0,1.0,0.5,11,free_conversation_prompting,1.0,0.3597785234451294,1.0,1.0,0.48460203409194946
1.0,0.351500004529953,1.0,1.0,0.5,4,CILT_dialogue,1.0,0.36867132782936096,1.0,1.0,0.49506616592407227
1.0,0.351500004529953,1.0,1.0,0.5,4,CILT_dialogue,1.0,0.37247592210769653,1.0,1.0,0.4859587848186493
1.0,0.351500004529953,1.0,1.0,0.5,11,free_conversation_prompting,1.0,0.36602333188056946,1.0,1.0,0.4878012537956238
1.0,0.351500004529953,1.0,1.0,0.5,2,sentence_production_svo,1.0,0.3589767515659332,1.0,1.0,0.49408820271492004
1.0,0.351500004529953,1.0,1.0,0.5,8,reading_comprehension,1.0,0.3502828776836395,1.0,0.9987273216247559,0.4887832999229431
1.0,0.2741999924182892,1.0,1.0,0.5,8,reading_comprehension,0.9955460429191589,0.28263846039772034,0.9952447414398193,1.0,0.491919606924057
1.0,0.2741999924182892,1.0,1.0,0.5,1,phonological_cueing,1.0,0.27939480543136597,1.0,0.999073326587677,0.502731442451477
1.0,0.2741999924182892,1.0,1.0,0.5,5,script_training,1.0,0.27669790387153625,1.0,1.0,0.495626837015152
1.0,0.2741999924182892,1.0,1.0,0.5,2,sentence_production_svo,1.0,0.2862336039543152,1.0,1.0,0.48209476470947266
1.0,0.2741999924182892,1.0,1.0,0.5,2,sentence_production_svo,1.0,0.2803368866443634,1.0,1.0,0.4900440573692322
1.0,0.35760000348091125,1.0,1.0,0.5,5,script_training,1.0,0.3667832314968109,1.0,1.0,0.5035615563392639
1.0,0.35760000348091125,1.0,1.0,0.5,3,sentence_production_complex,1.0,0.36702418327331543,1.0,1.0,0.4917941987514496
1.0,0.35760000348091125,1.0,1.0,0.5,9,writing_to_dictation,0.9971717000007629,0.35974520444869995,1.0,1.0,0.49457138776779175
1.0,0.35760000348091125,1.0,1.0,0.5,10,word_picture_matching,0.9991844892501831,0.3515664041042328,1.0,1.0,0.5090718269348145
1.0,0.35760000348091125,1.0,1.0,0.5,9,writing_to_dictation,1.0,0.360248863697052,1.0,1.0,0.4963356852531433
1.0,0.26820001006126404,1.0,1.0,0.5,2,sentence_production_svo,1.0,0.2729589641094208,1.0,1.0,0.4923023581504822
1.0,0.26820001006126404,1.0,1.0,0.5,3,sentence_production_complex,1.0,0.2779679298400879,1.0,1.0,0.4885687828063965
1.0,0.26820001006126404,1.0,1.0,0.5,2,sentence_production_svo,1.0,0.27162936329841614,1.0,1.0,0.4983177185058594
1.0,0.26820001006126404,1.0,1.0,0.5,1,phonological_cueing,1.0,0.2713793218135834,1.0,1.0,0.5013567805290222
1.0,0.26820001006126404,1.0,1.0,0.5,11,free_conversation_prompting,1.0,0.2843709886074066,1.0,1.0,0.48209717869758606
1.0,0.2721000015735626,1.0,1.0,0.5,4,CILT_dialogue,1.0,0.2849896550178528,1.0,1.0,0.48586082458496094
1.0,0.2721000015735626,1.0,1.0,0.5,2,sentence_production_svo,1.0,0.2849227488040924,1.0,1.0,0.49156761169433594
1.0,0.2721000015735626,1.0,1.0,0.5,10,word_picture_matching,1.0,0.28205597400665283,1.0,1.0,0.4996757507324219
1.0,0.2721000015735626,1.0,1.0,0.5,4,CILT_dialogue,1.0,0.28638604283332825,1.0,1.0,0.48327207565307617
1.0,0.2721000015735626,1.0,1.0,0.5,0,SFA_naming,1.0,0.2779882848262787,1.0,1.0,0.4988286793231964
1.0,0.3052000105381012,1.0,1.0,0.5,1,phonological_cueing,1.0,0.3017195761203766,1.0,0.999775230884552,0.49475327134132385
1.0,0.3052000105381012,1.0,1.0,0.5,7,conversation_partner_training,1.0,0.3161658048629761,1.0,1.0,0.4852214455604553
1.0,0.3052000105381012,1.0,1.0,0.5,9,writing_to_dictation,0.9968366026878357,0.31533703207969666,1.0,1.0,0.49340003728866577
1.0,0.3052000105381012,1.0,1.0,0.5,2,sentence_production_svo,1.0,0.3132026195526123,1.0,1.0,0.4975191056728363
1.0,0.3052000105381012,1.0,1.0,0.5,11,free_conversation_prompting,1.0,0.31412017345428467,1.0,1.0,0.48579975962638855
1.0,0.19200000166893005,1.0,1.0,0.5,10,word_picture_matching,1.0,0.20011597871780396,1.0,1.0,0.5029135346412659
1.0,0.19200000166893005,1.0,1.0,0.5,10,word_picture_matching,1.0,0.20636531710624695,1.0,1.0,0.49501118063926697
1.0,0.19200000166893005,1.0,1.0,0.5,2,sentence_production_svo,1.0,0.1965649276971817,1.0,1.0,0.49308857321739197
1.0,0.19200000166893005,1.0,1.0,0.5,0,SFA_naming,0.9991235136985779,0.1971152424812317,0.9992507100105286,1.0,0.4829064607620239
1.0,0.19200000166893005,1.0,1.0,0.5,10,word_picture_matching,1.0,0.19726064801216125,1.0,1.0,0.49598267674446106
1.0,0.310699999332428,1.0,1.0,0.5,3,sentence_production_complex,1.0,0.32944807410240173,1.0,1.0,0.4876202940940857
1.0,0.310699999332428,1.0,1.0,0.5,6,story_retelling,1.0,0.3211728632450104,1.0,1.0,0.4982118010520935
1.0,0.310699999332428,1.0,1.0,0.5,8,reading_comprehension,1.0,0.3164491057395935,1.0,1.0,0.4958004355430603
1.0,0.310699999332428,1.0,1.0,0.5,1,phonological_cueing,1.0,0.3106020987033844,1.0,1.0,0.4985709488391876
1.0,0.310699999332428,1.0,1.0,0.5,9,writing_to_dictation,0.9957743883132935,0.3040655553340912,1.0,1.0,0.5007196068763733
1.0,0.21369999647140503,1.0,1.0,0.5,11,free_conversation_prompting,1.0,0.22669319808483124,1.0,1.0,0.49451735615730286
1.0,0.21369999647140503,1.0,1.0,0.5,8,reading_comprehension,1.0,0.22019319236278534,1.0,1.0,0.4933086037635803
1.0,0.21369999647140503,1.0,1.0,0.5,4,CILT_dialogue,1.0,0.2256292998790741,1.0,1.0,0.48836857080459595
1.0,0.21369999647140503,1.0,1.0,0.5,10,word_picture_matching,1.0,0.21889686584472656,0.9958078861236572,0.9980403184890747,0.5064407587051392
1.0,0.21369999647140503,1.0,1.0,0.5,5,script_training,1.0,0.2195984125137329,1.0,1.0,0.4940180480480194
1.0,0.35510000586509705,1.0,1.0,0.5,8,reading_comprehension,1.0,0.3561094105243683,0.9987215995788574,1.0,0.4941272437572479
1.0,0.35510000586509705,1.0,1.0,0.5,10,word_picture_matching,0.9978192448616028,0.363006591796875,1.0,1.0,0.5005897879600525
1.0,0.35510000586509705,1.0,1.0,0.5,8,reading_comprehension,1.0,0.35913145542144775,1.0,1.0,0.4939832389354706
1.0,0.35510000586509705,1.0,1.0,0.5,3,sentence_production_complex,1.0,0.36088427901268005,1.0,1.0,0.48957359790802
1.0,0.35510000586509705,1.0,1.0,0.5,1,phonological_cueing,0.9965578317642212,0.3590395450592041,1.0,0.9968803524971008,0.5021270513534546
1.0,0.5370000004768372,1.0,1.0,0.5,2,sentence_production_svo,1.0,0.552319347858429,1.0,1.0,0.4963167607784271
1.0,0.5370000004768372,1.0,1.0,0.5,5,script_training,1.0,0.5408570170402527,1.0,1.0,0.48455485701560974
1.0,0.5370000004768372,1.0,1.0,0.5,5,script_training,1.0,0.5418590307235718,1.0,1.0,0.4873060882091522
1.0,0.5370000004768372,1.0,1.0,0.5,6,story_retelling,1.0,0.5473716259002686,1.0,1.0,0.48853421211242676
1.0,0.5370000004768372,1.0,1.0,0.5,4,CILT_dialogue,1.0,0.5465149879455566,1.0,1.0,0.4944145679473877
1.0,0.3190000057220459,1.0,1.0,0.5,9,writing_to_dictation,1.0,0.32464808225631714,1.0,1.0,0.49197331070899963
1.0,0.3190000057220459,1.0,1.0,0.5,11,free_conversation_prompting,1.0,0.3331073224544525,1.0,1.0,0.47996363043785095
1.0,0.3190000057220459,1.0,1.0,0.5,2,sentence_production_svo,1.0,0.3246178925037384,1.0,1.0,0.49319976568222046
1.0,0.3190000057220459,1.0,1.0,0.5,8,reading_comprehension,1.0,0.3200264275074005,1.0,1.0,0.4998758137226105
1.0,0.3190000057220459,1.0,1.0,0.5,7,conversation_partner_training,1.0,0.334211528301239,1.0,1.0,0.48233580589294434
1.0,0.3831000030040741,1.0,1.0,0.5,5,script_training,1.0,0.39564749598503113,1.0,1.0,0.49199584126472473
1.0,0.3831000030040741,1.0,1.0,0.5,2,sentence_production_svo,1.0,0.3896992802619934,1.0,1.0,0.48867303133010864
1.0,0.3831000030040741,1.0,1.0,0.5,9,writing_to_dictation,1.0,0.3884768784046173,1.0,0.9999399185180664,0.4882677495479584
1.0,0.3831000030040741,1.0,1.0,0.5,11,free_conversation_prompting,1.0,0.3970072865486145,1.0,1.0,0.4799254536628723
1.0,0.3831000030040741,1.0,1.0,0.5,7,conversation_partner_training,1.0,0.3947465121746063,1.0,1.0,0.4907208979129791
1.0,0.375,1.0,1.0,0.5,11,free_conversation_prompting,1.0,0.38094964623451233,1.0,1.0,0.4868098199367523
1.0,0.375,1.0,1.0,0.5,11,free_conversation_prompting,1.0,0.3863300383090973,1.0,1.0,0.48632892966270447
1.0,0.375,1.0,1.0,0.5,3,sentence_production_complex,1.0,0.3895103335380554,1.0,1.0,0.48923420906066895
1.0,0.375,1.0,1.0,0.5,7,conversation_partner_training,1.0,0.39783594012260437,1.0,1.0,0.48486894369125366
1.0,0.375,1.0,1.0,0.5,5,script_training,1.0,0.37697672843933105,1.0,1.0,0.49115216732025146
1.0,0.36570000648498535,1.0,1.0,0.5,11,free_conversation_prompting,1.0,0.37689700722694397,1.0,1.0,0.4888403117656708
1.0,0.36570000648498535,1.0,1.0,0.5,1,phonological_cueing,0.9987247586250305,0.36990389227867126,1.0,1.0,0.4932710826396942
1.0,0.36570000648498535,1.0,1.0,0.5,4,CILT_dialogue,1.0,0.36505821347236633,1.0,1.0,0.49036985635757446
1.0,0.36570000648498535,1.0,1.0,0.5,10,word_picture_matching,1.0,0.37180694937705994,1.0,1.0,0.5003305077552795
1.0,0.36570000648498535,1.0,1.0,0.5,3,sentence_production_complex,1.0,0.37499743700027466,1.0,1.0,0.48966366052627563
1.0,0.2298000007867813,1.0,1.0,0.5,9,writing_to_dictation,1.0,0.2500699758529663,1.0,1.0,0.49550768733024597
1.0,0.2298000007867813,1.0,1.0,0.5,4,CILT_dialogue,1.0,0.23737023770809174,1.0,1.0,0.482164591550827
1.0,0.2298000007867813,1.0,1.0,0.5,11,free_conversation_prompting,1.0,0.24037034809589386,1.0,1.0,0.47752007842063904
1.0,0.2298000007867813,1.0,1.0,0.5,10,word_picture_matching,1.0,0.23559896647930145,1.0,1.0,0.4968625605106354
1.0,0.2298000007867813,1.0,1.0,0.5,3,sentence_production_complex,1.0,0.233815997838974,1.0,1.0,0.4941256046295166
1.0,0.4399999976158142,1.0,1.0,0.5,8,reading_comprehension,1.0,0.44467008113861084,1.0,1.0,0.4995483458042145
1.0,0.4399999976158142,1.0,1.0,0.5,3,sentence_production_complex,1.0,0.442356139421463,1.0,1.0,0.4838082790374756
1.0,0.4399999976158142,1.0,1.0,0.5,6,story_retelling,1.0,0.4512479305267334,1.0,1.0,0.49570992588996887
1.0,0.4399999976158142,1.0,1.0,0.5,7,conversation_partner_training,1.0,0.45121103525161743,1.0,1.0,0.48378294706344604
1.0,0.4399999976158142,1.0,1.0,0.5,10,word_picture_matching,1.0,0.44052696228027344,1.0,1.0,0.49883028864860535
1.0,0.4081999957561493,1.0,1.0,0.5,0,SFA_naming,1.0,0.41666561365127563,1.0,1.0,0.4965563714504242
1.0,0.4081999957561493,1.0,1.0,0.5,2,sentence_production_svo,1.0,0.4209645986557007,1.0,1.0,0.4855441451072693
1.0,0.4081999957561493,1.0,1.0,0.5,7,conversation_partner_training,1.0,0.4191513657569885,1.0,1.0,0.4852064251899719
1.0,0.4081999957561493,1.0,1.0,0.5,6,story_retelling,1.0,0.41394734382629395,1.0,1.0,0.49291130900382996
1.0,0.4081999957561493,1.0,1.0,0.5,5,script_training,1.0,0.417371928691864,1.0,1.0,0.48905134201049805
1.0,0.2515999972820282,1.0,1.0,0.5,0,SFA_naming,1.0,0.2548040747642517,1.0,1.0,0.49109071493148804
1.0,0.2515999972820282,1.0,1.0,0.5,3,sentence_production_complex,1.0,0.2673831582069397,1.0,1.0,0.49864959716796875
1.0,0.2515999972820282,1.0,1.0,0.5,10,word_picture_matching,1.0,0.2598709464073181,1.0,1.0,0.49890321493148804
1.0,0.2515999972820282,1.0,1.0,0.5,0,SFA_naming,1.0,0.26627451181411743,1.0,1.0,0.4982130229473114
1.0,0.2515999972820282,1.0,1.0,0.5,4,CILT_dialogue,1.0,0.25703710317611694,1.0,1.0,0.4849928617477417
1.0,0.3003999888896942,1.0,1.0,0.5,11,free_conversation_prompting,1.0,0.3093906342983246,1.0,1.0,0.4904608726501465
1.0,0.3003999888896942,1.0,1.0,0.5,0,SFA_naming,1.0,0.3037261664867401,1.0,1.0,0.48709675669670105
1.0,0.3003999888896942,1.0,1.0,0.5,8,reading_comprehension,1.0,0.30872219800949097,1.0,1.0,0.490123987197876
1.0,0.3003999888896942,1.0,1.0,0.5,2,sentence_production_svo,1.0,0.30609801411628723,1.0,1.0,0.49637898802757263
1.0,0.3003999888896942,1.0,1.0,0.5,10,word_picture_matching,0.9992668628692627,0.3015042245388031,0.9985119104385376,1.0,0.4985383152961731
1.0,0.2590999901294708,1.0,1.0,0.5,8,reading_comprehension,1.0,0.2647649049758911,1.0,1.0,0.49193572998046875
1.0,0.2590999901294708,1.0,1.0,0.5,10,word_picture_matching,1.0,0.2670612335205078,1.0,0.9978368878364563,0.5009925365447998
1.0,0.2590999901294708,1.0,1.0,0.5,2,sentence_production_svo,1.0,0.259432315826416,1.0,1.0,0.4931218922138214
1.0,0.2590999901294708,1.0,1.0,0.5,5,script_training,1.0,0.27309590578079224,1.0,1.0,0.4968830943107605
1.0,0.2590999901294708,1.0,1.0,0.5,9,writing_to_dictation,1.0,0.2644660472869873,0.9995960593223572,1.0,0.4969714879989624
1.0,0.3513999879360199,1.0,1.0,0.5,2,sentence_production_svo,1.0,0.3561030626296997,1.0,1.0,0.48884087800979614
1.0,0.3513999879360199,1.0,1.0,0.5,2,sentence_production_svo,1.0,0.36213573813438416,1.0,1.0,0.4987202286720276
1.0,0.3513999879360199,1.0,1.0,0.5,0,SFA_naming,1.0,0.36464279890060425,1.0,1.0,0.5011507868766785
1.0,0.3513999879360199,1.0,1.0,0.5,11,free_conversation_prompting,1.0,0.3596647083759308,1.0,1.0,0.4901990592479706
1.0,0.3513999879360199,1.0,1.0,0.5,7,conversation_partner_training,1.0,0.3564003109931946,1.0,1.0,0.48369988799095154
1.0,0.19249999523162842,1.0,1.0,0.5,6,story_retelling,1.0,0.20884741842746735,1.0,1.0,0.4892839789390564
1.0,0.19249999523162842,1.0,1.0,0.5,8,reading_comprehension,1.0,0.1959725320339203,1.0,1.0,0.49499309062957764
1.0,0.19249999523162842,1.0,1.0,0.5,5,script_training,1.0,0.2045503556728363,1.0,1.0,0.49009037017822266
1.0,0.19249999523162842,1.0,1.0,0.5,5,script_training,1.0,0.20092591643333435,1.0,1.0,0.49206820130348206
1.0,0.19249999523162842,1.0,1.0,0.5,4,CILT_dialogue,1.0,0.19846120476722717,1.0,1.0,0.488453209400177
1.0,0.3043000102043152,1.0,1.0,0.5,7,conversation_partner_training,1.0,0.3137734532356262,1.0,1.0,0.48404115438461304
1.0,0.3043000102043152,1.0,1.0,0.5,2,sentence_production_svo,1.0,0.31149008870124817,1.0,1.0,0.4942520260810852
1.0,0.3043000102043152,1.0,1.0,0.5,10,word_picture_matching,1.0,0.3065374791622162,1.0,1.0,0.4989015460014343
1.0,0.3043000102043152,1.0,1.0,0.5,9,writing_to_dictation,1.0,0.3176918923854828,1.0,1.0,0.49752143025398254
1.0,0.3043000102043152,1.0,1.0,0.5,3,sentence_production_complex,1.0,0.31458011269569397,1.0,1.0,0.4915483295917511
1.0,0.2176000028848648,1.0,1.0,0.5,6,story_retelling,1.0,0.22178976237773895,1.0,1.0,0.4931564927101135
1.0,0.2176000028848648,1.0,1.0,0.5,1,phonological_cueing,1.0,0.22021563351154327,1.0,1.0,0.5009034872055054
1.0,0.2176000028848648,1.0,1.0,0.5,11,free_conversation_prompting,1.0,0.23209738731384277,1.0,1.0,0.49143314361572266
1.0,0.2176000028848648,1.0,1.0,0.5,10,word_picture_matching,1.0,0.2117406725883484,1.0,1.0,0.4889823794364929
1.0,0.2176000028848648,1.0,1.0,0.5,11,free_conversation_prompting,1.0,0.22628462314605713,1.0,1.0,0.4820997714996338
1.0,0.5016000270843506,1.0,1.0,0.5,3,sentence_production_complex,1.0,0.5120639204978943,1.0,1.0,0.4949803054332733
1.0,0.5016000270843506,1.0,1.0,0.5,1,phonological_cueing,1.0,0.5036219358444214,0.9989920258522034,1.0,0.49919357895851135
1.0,0.5016000270843506,1.0,1.0,0.5,2,sentence_production_svo,1.0,0.4992581307888031,1.0,1.0,0.48777127265930176
1.0,0.5016000270843506,1.0,1.0,0.5,0,SFA_naming,1.0,0.5127590298652649,1.0,1.0,0.5001563429832458
1.0,0.5016000270843506,1.0,1.0,0.5,1,phonological_cueing,1.0,0.5075080990791321,1.0,1.0,0.49077108502388
1.0,0.3089999854564667,1.0,1.0,0.5,0,SFA_naming,1.0,0.3119105100631714,1.0,1.0,0.5015462636947632
1.0,0.3089999854564667,1.0,1.0,0.5,11,free_conversation_prompting,1.0,0.3214661478996277,1.0,1.0,0.4919024109840393
1.0,0.3089999854564667,1.0,1.0,0.5,0,SFA_naming,1.0,0.3218943178653717,0.9955702424049377,1.0,0.4914601147174835
1.0,0.3089999854564667,1.0,1.0,0.5,1,phonological_cueing,1.0,0.31174561381340027,1.0,1.0,0.5004289150238037
1.0,0.3089999854564667,1.0,1.0,0.5,10,word_picture_matching,0.9997231960296631,0.3163059949874878,0.9991726875305176,1.0,0.5041144490242004
1.0,0.24609999358654022,1.0,1.0,0.5,6,story_retelling,1.0,0.2530354857444763,1.0,1.0,0.49343615770339966
1.0,0.24609999358654022,1.0,1.0,0.5,9,writing_to_dictation,1.0,0.26390326023101807,1.0,1.0,0.5034335851669312
1.0,0.24609999358654022,1.0,1.0,0.5,6,story_retelling,1.0,0.2509714961051941,1.0,1.0,0.4856785535812378
1.0,0.24609999358654022,1.0,1.0,0.5,10,word_picture_matching,1.0,0.2424786537885666,1.0,1.0,0.4955781102180481
1.0,0.24609999358654022,1.0,1.0,0.5,7,conversation_partner_training,1.0,0.25323784351348877,1.0,1.0,0.48527824878692627
1.0,0.1964000016450882,1.0,1.0,0.5,5,script_training,1.0,0.20055587589740753,1.0,1.0,0.4906744360923767
1.0,0.1964000016450882,1.0,1.0,0.5,7,conversation_partner_training,1.0,0.21418428421020508,1.0,1.0,0.48460227251052856
1.0,0.1964000016450882,1.0,1.0,0.5,4,CILT_dialogue,1.0,0.21062886714935303,1.0,1.0,0.48259061574935913
1.0,0.1964000016450882,1.0,1.0,0.5,3,sentence_production_complex,1.0,0.20383763313293457,1.0,1.0,0.49325329065322876
1.0,0.1964000016450882,1.0,1.0,0.5,5,script_training,1.0,0.20572111010551453,1.0,1.0,0.495187908411026
1.0,0.263700008392334,1.0,1.0,0.5,1,phonological_cueing,1.0,0.26758188009262085,1.0,1.0,0.5044847130775452
1.0,0.263700008392334,1.0,1.0,0.5,9,writing_to_dictation,1.0,0.2633727490901947,1.0,1.0,0.4938144385814667
1.0,0.263700008392334,1.0,1.0,0.5,2,sentence_production_svo,1.0,0.2784787118434906,1.0,1.0,0.4978720247745514
1.0,0.263700008392334,1.0,1.0,0.5,1,phonological_cueing,1.0,0.26445817947387695,1.0,1.0,0.4982345700263977
1.0,0.263700008392334,1.0,1.0,0.5,2,sentence_production_svo,1.0,0.2681235373020172,1.0,1.0,0.4970341622829437
1.0,0.274399995803833,1.0,1.0,0.5,10,word_picture_matching,0.9999547600746155,0.2770094871520996,1.0,1.0,0.49578237533569336
1.0,0.274399995803833,1.0,1.0,0.5,3,sentence_production_complex,1.0,0.27743086218833923,1.0,1.0,0.4864109754562378
1.0,0.274399995803833,1.0,1.0,0.5,7,conversation_partner_training,1.0,0.2752680480480194,1.0,1.0,0.48375794291496277
1.0,0.274399995803833,1.0,1.0,0.5,10,word_picture_matching,1.0,0.2774132788181305,1.0,0.9994596242904663,0.5048997402191162
1.0,0.274399995803833,1.0,1.0,0.5,0,SFA_naming,1.0,0.2793962359428406,1.0,1.0,0.4888271987438202
1.0,0.2565000057220459,1.0,1.0,0.5,8,reading_comprehension,1.0,0.2680044174194336,1.0,1.0,0.49292993545532227
1.0,0.2565000057220459,1.0,1.0,0.5,3,sentence_production_complex,1.0,0.2682630121707916,1.0,1.0,0.4904681444168091
1.0,0.2565000057220459,1.0,1.0,0.5,2,sentence_production_svo,1.0,0.2641282081604004,1.0,1.0,0.4982840418815613
1.0,0.2565000057220459,1.0,1.0,0.5,7,conversation_partner_training,1.0,0.26839515566825867,1.0,1.0,0.4874611496925354
1.0,0.2565000057220459,1.0,1.0,0.5,11,free_conversation_prompting,1.0,0.2746568024158478,1.0,1.0,0.49195772409439087
1.0,0.30880001187324524,1.0,1.0,0.5,3,sentence_production_complex,1.0,0.31879502534866333,1.0,1.0,0.48510125279426575
1.0,0.30880001187324524,1.0,1.0,0.5,6,story_retelling,1.0,0.3199056386947632,1.0,1.0,0.49035927653312683
1.0,0.30880001187324524,1.0,1.0,0.5,3,sentence_production_complex,1.0,0.3195759356021881,1.0,1.0,0.49550333619117737
1.0,0.30880001187324524,1.0,1.0,0.5,6,story_retelling,1.0,0.31758996844291687,1.0,1.0,0.48845452070236206
1.0,0.30880001187324524,1.0,1.0,0.5,6,story_retelling,1.0,0.3114261329174042,1.0,1.0,0.48986557126045227
1.0,0.2621000111103058,1.0,1.0,0.5,6,story_retelling,1.0,0.2634935975074768,1.0,1.0,0.49316123127937317
1.0,0.2621000111103058,1.0,1.0,0.5,6,story_retelling,1.0,0.27491843700408936,1.0,1.0,0.4956759214401245
1.0,0.2621000111103058,1.0,1.0,0.5,1,phonological_cueing,1.0,0.2591250240802765,1.0,1.0,0.48662251234054565
1.0,0.2621000111103058,1.0,1.0,0.5,7,conversation_partner_training,1.0,0.2703413963317871,1.0,1.0,0.4867977797985077
1.0,0.2621000111103058,1.0,1.0,0.5,7,conversation_partner_training,1.0,0.27529826760292053,1.0,1.0,0.4838465750217438
1.0,0.19179999828338623,1.0,1.0,0.5,7,conversation_partner_training,1.0,0.20357730984687805,1.0,1.0,0.4832492172718048
1.0,0.19179999828338623,1.0,1.0,0.5,0,SFA_naming,1.0,0.20305460691452026,1.0,1.0,0.4894290566444397
1.0,0.19179999828338623,1.0,1.0,0.5,4,CILT_dialogue,1.0,0.20743338763713837,1.0,1.0,0.4909200668334961
1.0,0.19179999828338623,1.0,1.0,0.5,4,CILT_dialogue,1.0,0.19982825219631195,1.0,1.0,0.4857141375541687
1.0,0.19179999828338623,1.0,1.0,0.5,0,SFA_naming,1.0,0.19762462377548218,1.0,1.0,0.49190783500671387
1.0,0.28290000557899475,1.0,1.0,0.5,2,sentence_production_svo,1.0,0.2930988073348999,1.0,1.0,0.48748812079429626
1.0,0.28290000557899475,1.0,1.0,0.5,4,CILT_dialogue,1.0,0.28278136253356934,1.0,1.0,0.49671638011932373
1.0,0.28290000557899475,1.0,1.0,0.5,8,reading_comprehension,1.0,0.2910962700843811,1.0,1.0,0.49522653222084045
1.0,0.28290000557899475,1.0,1.0,0.5,2,sentence_production_svo,1.0,0.2909466028213501,1.0,1.0,0.4884434640407562
1.0,0.28290000557899475,1.0,1.0,0.5,10,word_picture_matching,1.0,0.2826189696788788,1.0,1.0,0.49215957522392273
1.0,0.3296000063419342,1.0,1.0,0.5,6,story_retelling,1.0,0.3382154405117035,1.0,1.0,0.4869489073753357
1.0,0.3296000063419342,1.0,1.0,0.5,8,reading_comprehension,1.0,0.3232542872428894,1.0,1.0,0.49601539969444275
1.0,0.3296000063419342,1.0,1.0,0.5,5,script_training,1.0,0.33803480863571167,1.0,1.0,0.48630863428115845
1.0,0.3296000063419342,1.0,1.0,0.5,5,script_training,1.0,0.3455926775932312,1.0,1.0,0.4985848665237427
1.0,0.3296000063419342,1.0,1.0,0.5,6,story_retelling,1.0,0.3318827748298645,1.0,1.0,0.4947345554828644
1.0,0.32659998536109924,1.0,1.0,0.5,11,free_conversation_prompting,1.0,0.33948060870170593,1.0,1.0,0.4850308299064636
1.0,0.32659998536109924,1.0,1.0,0.5,5,script_training,1.0,0.33246198296546936,1.0,1.0,0.4935656189918518
1.0,0.32659998536109924,1.0,1.0,0.5,5,script_training,1.0,0.34458935260772705,1.0,1.0,0.49152806401252747
1.0,0.32659998536109924,1.0,1.0,0.5,6,story_retelling,1.0,0.33361735939979553,1.0,1.0,0.49446797370910645
1.0,0.32659998536109924,1.0,1.0,0.5,8,reading_comprehension,1.0,0.3308005928993225,1.0,1.0,0.4882638156414032
1.0,0.24969999492168427,1.0,1.0,0.5,0,SFA_naming,1.0,0.25367075204849243,1.0,1.0,0.4997408390045166
1.0,0.24969999492168427,1.0,1.0,0.5,5,script_training,1.0,0.25745871663093567,1.0,1.0,0.49454593658447266
1.0,0.24969999492168427,1.0,1.0,0.5,5,script_training,1.0,0.2615240812301636,1.0,1.0,0.48606187105178833
1.0,0.24969999492168427,1.0,1.0,0.5,11,free_conversation_prompting,1.0,0.2674540877342224,1.0,1.0,0.4827251732349396
1.0,0.24969999492168427,1.0,1.0,0.5,5,script_training,1.0,0.25560230016708374,1.0,1.0,0.49822577834129333
1.0,0.28690001368522644,1.0,1.0,0.5,5,script_training,1.0,0.2914641499519348,1.0,1.0,0.49192678928375244
1.0,0.28690001368522644,1.0,1.0,0.5,11,free_conversation_prompting,1.0,0.3118477761745453,1.0,1.0,0.48415637016296387
1.0,0.28690001368522644,1.0,1.0,0.5,4,CILT_dialogue,0.998403012752533,0.2986540198326111,1.0,1.0,0.4913812279701233
1.0,0.28690001368522644,1.0,1.0,0.5,1,phonological_cueing,1.0,0.29435014724731445,1.0,1.0,0.4952223598957062
1.0,0.28690001368522644,1.0,1.0,0.5,2,sentence_production_svo,1.0,0.29707303643226624,1.0,1.0,0.49790510535240173
1.0,0.36010000109672546,1.0,1.0,0.5,1,phonological_cueing,1.0,0.36085981130599976,1.0,1.0,0.50165855884552
1.0,0.36010000109672546,1.0,1.0,0.5,0,SFA_naming,1.0,0.3695540130138397,1.0,1.0,0.49264267086982727
1.0,0.36010000109672546,1.0,1.0,0.5,4,CILT_dialogue,1.0,0.37808048725128174,1.0,1.0,0.49071967601776123
1.0,0.36010000109672546,1.0,1.0,0.5,8,reading_comprehension,1.0,0.370648056268692,1.0,1.0,0.48465976119041443
1.0,0.36010000109672546,1.0,1.0,0.5,8,reading_comprehension,1.0,0.36349132657051086,1.0,1.0,0.4947475492954254
1.0,0.3971000015735626,1.0,1.0,0.5,0,SFA_naming,0.9986040592193604,0.39633533358573914,1.0,1.0,0.4879108667373657
1.0,0.3971000015735626,1.0,1.0,0.5,6,story_retelling,1.0,0.4141194224357605,1.0,1.0,0.49113523960113525
1.0,0.3971000015735626,1.0,1.0,0.5,1,phonological_cueing,1.0,0.3915124833583832,1.0,1.0,0.4922693073749542
1.0,0.3971000015735626,1.0,1.0,0.5,11,free_conversation_prompting,1.0,0.40742433071136475,1.0,1.0,0.4837009012699127
1.0,0.3971000015735626,1.0,1.0,0.5,1,phonological_cueing,1.0,0.41075393557548523,1.0,1.0,0.49781906604766846
1.0,0.40310001373291016,1.0,1.0,0.5,6,story_retelling,1.0,0.4092884361743927,1.0,1.0,0.48952096700668335
1.0,0.40310001373291016,1.0,1.0,0.5,3,sentence_production_complex,1.0,0.41493597626686096,1.0,1.0,0.49278536438941956
1.0,0.40310001373291016,1.0,1.0,0.5,7,conversation_partner_training,1.0,0.4151388108730316,1.0,1.0,0.4842240810394287
1.0,0.40310001373291016,1.0,1.0,0.5,4,CILT_dialogue,1.0,0.4084354639053345,1.0,1.0,0.4907468557357788
1.0,0.40310001373291016,1.0,1.0,0.5,8,reading_comprehension,1.0,0.40715762972831726,1.0,1.0,0.49626514315605164
1.0,0.36309999227523804,1.0,1.0,0.5,2,sentence_production_svo,1.0,0.37703123688697815,1.0,1.0,0.484113872051239
1.0,0.36309999227523804,1.0,1.0,0.5,10,word_picture_matching,0.9961749911308289,0.36544880270957947,1.0,1.0,0.4998771846294403
1.0,0.36309999227523804,1.0,1.0,0.5,5,script_training,1.0,0.37316346168518066,1.0,1.0,0.49500730633735657
1.0,0.36309999227523804,1.0,1.0,0.5,8,reading_comprehension,1.0,0.3684431314468384,1.0,1.0,0.49376174807548523
1.0,0.36309999227523804,1.0,1.0,0.5,10,word_picture_matching,1.0,0.36406245827674866,1.0,1.0,0.4953790307044983
1.0,0.19140000641345978,1.0,1.0,0.5,11,free_conversation_prompting,1.0,0.2014167606830597,1.0,1.0,0.4919649362564087
1.0,0.19140000641345978,1.0,1.0,0.5,2,sentence_production_svo,1.0,0.20850995182991028,1.0,1.0,0.4864841103553772
1.0,0.19140000641345978,1.0,1.0,0.5,3,sentence_production_complex,1.0,0.1996614933013916,1.0,1.0,0.4908871650695801
1.0,0.19140000641345978,1.0,1.0,0.5,2,sentence_production_svo,1.0,0.20652180910110474,1.0,1.0,0.487301766872406
1.0,0.19140000641345978,1.0,1.0,0.5,2,sentence_production_svo,1.0,0.20145148038864136,1.0,1.0,0.4940457344055176
1.0,0.3905999958515167,1.0,1.0,0.5,6,story_retelling,1.0,0.3988265097141266,1.0,1.0,0.49135637283325195
1.0,0.3905999958515167,1.0,1.0,0.5,11,free_conversation_prompting,1.0,0.4069167673587799,1.0,1.0,0.48407191038131714
1.0,0.3905999958515167,1.0,1.0,0.5,11,free_conversation_prompting,1.0,0.4069195091724396,1.0,1.0,0.48193955421447754
1.0,0.3905999958515167,1.0,1.0,0.5,5,script_training,1.0,0.3970733880996704,1.0,1.0,0.4892708957195282
1.0,0.3905999958515167,1.0,1.0,0.5,7,conversation_partner_training,1.0,0.3976249098777771,1.0,1.0,0.48004111647605896
1.0,0.430400013923645,1.0,1.0,0.5,10,word_picture_matching,1.0,0.43142324686050415,0.9997471570968628,1.0,0.49471545219421387
1.0,0.430400013923645,1.0,1.0,0.5,11,free_conversation_prompting,1.0,0.4438747763633728,1.0,1.0,0.49410873651504517
1.0,0.430400013923645,1.0,1.0,0.5,2,sentence_production_svo,1.0,0.43876519799232483,1.0,1.0,0.49541300535202026
1.0,0.430400013923645,1.0,1.0,0.5,5,script_training,1.0,0.44189968705177307,1.0,1.0,0.49923163652420044
1.0,0.430400013923645,1.0,1.0,0.5,10,word_picture_matching,1.0,0.4423747956752777,1.0,1.0,0.48368218541145325
1.0,0.3653999865055084,1.0,1.0,0.5,3,sentence_production_complex,1.0,0.3767603635787964,1.0,1.0,0.4881853461265564
1.0,0.3653999865055084,1.0,1.0,0.5,4,CILT_dialogue,1.0,0.372441828250885,1.0,1.0,0.4935494065284729
1.0,0.3653999865055084,1.0,1.0,0.5,11,free_conversation_prompting,1.0,0.37539899349212646,1.0,1.0,0.48688387870788574
1.0,0.3653999865055084,1.0,1.0,0.5,11,free_conversation_prompting,1.0,0.3804788589477539,1.0,1.0,0.48189854621887207
1.0,0.3653999865055084,1.0,1.0,0.5,10,word_picture_matching,1.0,0.3742079734802246,0.9962580800056458,0.9910477995872498,0.49762850999832153
1.0,0.3321000039577484,1.0,1.0,0.5,9,writing_to_dictation,0.9984858632087708,0.347548246383667,1.0,1.0,0.49133580923080444
1.0,0.3321000039577484,1.0,1.0,0.5,2,sentence_production_svo,1.0,0.334593266248703,1.0,1.0,0.495958536863327
1.0,0.3321000039577484,1.0,1.0,0.5,3,sentence_production_complex,1.0,0.3399118483066559,1.0,1.0,0.4861869812011719
1.0,0.3321000039577484,1.0,1.0,0.5,6,story_retelling,1.0,0.3404236435890198,1.0,1.0,0.4936819076538086
1.0,0.3321000039577484,1.0,1.0,0.5,6,story_retelling,1.0,0.34808117151260376,1.0,1.0,0.49310529232025146
1.0,0.37059998512268066,1.0,1.0,0.5,5,script_training,1.0,0.3722929060459137,1.0,1.0,0.4909406900405884
1.0,0.37059998512268066,1.0,1.0,0.5,7,conversation_partner_training,1.0,0.38574644923210144,1.0,1.0,0.4912847578525543
1.0,0.37059998512268066,1.0,1.0,0.5,4,CILT_dialogue,1.0,0.3808748126029968,1.0,1.0,0.4913286864757538
1.0,0.37059998512268066,1.0,1.0,0.5,8,reading_comprehension,1.0,0.37839582562446594,1.0,1.0,0.5006799101829529
1.0,0.37059998512268066,1.0,1.0,0.5,3,sentence_production_complex,1.0,0.3806401491165161,1.0,1.0,0.483806312084198
1.0,0.32420000433921814,1.0,1.0,0.5,3,sentence_production_complex,1.0,0.33137643337249756,1.0,1.0,0.4907740354537964
1.0,0.32420000433921814,1.0,1.0,0.5,1,phonological_cueing,1.0,0.32040050625801086,1.0,1.0,0.4907361567020416
1.0,0.32420000433921814,1.0,1.0,0.5,2,sentence_production_svo,1.0,0.32914599776268005,1.0,1.0,0.49758604168891907
1.0,0.32420000433921814,1.0,1.0,0.5,10,word_picture_matching,1.0,0.32442507147789,0.9988160133361816,1.0,0.5049247145652771
1.0,0.32420000433921814,1.0,1.0,0.5,4,CILT_dialogue,1.0,0.34185004234313965,1.0,1.0,0.49419987201690674
1.0,0.2320999950170517,1.0,1.0,0.5,2,sentence_production_svo,1.0,0.2416066825389862,1.0,1.0,0.4876965880393982
1.0,0.2320999950170517,1.0,1.0,0.5,8,reading_comprehension,1.0,0.2313433289527893,1.0,1.0,0.49347570538520813
1.0,0.2320999950170517,1.0,1.0,0.5,6,story_retelling,1.0,0.2409440279006958,1.0,1.0,0.4777495563030243
1.0,0.2320999950170517,1.0,1.0,0.5,0,SFA_naming,1.0,0.23927950859069824,1.0,1.0,0.48663291335105896
1.0,0.2320999950170517,1.0,1.0,0.5,3,sentence_production_complex,1.0,0.23324452340602875,1.0,1.0,0.493196964263916
1.0,0.1906999945640564,1.0,1.0,0.5,1,phonological_cueing,1.0,0.20082606375217438,1.0,1.0,0.49773162603378296
1.0,0.1906999945640564,1.0,1.0,0.5,7,conversation_partner_training,1.0,0.2010052651166916,1.0,1.0,0.4897000193595886
1.0,0.1906999945640564,1.0,1.0,0.5,3,sentence_production_complex,1.0,0.20069779455661774,1.0,1.0,0.4865201413631439
1.0,0.1906999945640564,1.0,1.0,0.5,0,SFA_naming,1.0,0.19240328669548035,1.0,1.0,0.4863041341304779
1.0,0.1906999945640564,1.0,1.0,0.5,0,SFA_naming,1.0,0.1948290318250656,1.0,1.0,0.49709418416023254
1.0,0.36739999055862427,1.0,1.0,0.5,6,story_retelling,1.0,0.3687174916267395,1.0,1.0,0.4923437833786011
1.0,0.36739999055862427,1.0,1.0,0.5,0,SFA_naming,1.0,0.36950528621673584,1.0,1.0,0.4898492991924286
1.0,0.36739999055862427,1.0,1.0,0.5,10,word_picture_matching,1.0,0.3691944479942322,1.0,1.0,0.4944153428077698
1.0,0.36739999055862427,1.0,1.0,0.5,1,phonological_cueing,1.0,0.3682646155357361,1.0,1.0,0.5005571246147156
1.0,0.36739999055862427,1.0,1.0,0.5,6,story_retelling,1.0,0.37606871128082275,1.0,1.0,0.48836231231689453
1.0,0.2831000089645386,1.0,1.0,0.5,4,CILT_dialogue,1.0,0.29832056164741516,1.0,1.0,0.49783918261528015
1.0,0.2831000089645386,1.0,1.0,0.5,4,CILT_dialogue,1.0,0.2938527762889862,1.0,1.0,0.4919861853122711
1.0,0.2831000089645386,1.0,1.0,0.5,0,SFA_naming,1.0,0.2853291630744934,1.0,1.0,0.4846084713935852
1.0,0.2831000089645386,1.0,1.0,0.5,9,writing_to_dictation,1.0,0.28276413679122925,1.0,1.0,0.49732348322868347
1.0,0.2831000089645386,1.0,1.0,0.5,10,word_picture_matching,1.0,0.28648439049720764,1.0,0.9997848868370056,0.49174922704696655
1.0,0.32519999146461487,1.0,1.0,0.5,0,SFA_naming,1.0,0.3403995931148529,1.0,1.0,0.49376311898231506
1.0,0.32519999146461487,1.0,1.0,0.5,1,phonological_cueing,1.0,0.33393433690071106,1.0,1.0,0.4943073093891144
1.0,0.32519999146461487,1.0,1.0,0.5,10,word_picture_matching,1.0,0.33222609758377075,1.0,1.0,0.4989517033100128
1.0,0.32519999146461487,1.0,1.0,0.5,6,story_retelling,1.0,0.33022528886795044,1.0,1.0,0.49139702320098877
1.0,0.32519999146461487,1.0,1.0,0.5,1,phonological_cueing,0.999617874622345,0.3282913267612457,1.0,1.0,0.5045740604400635
1.0,0.29179999232292175,1.0,1.0,0.5,2,sentence_production_svo,1.0,0.2991108298301697,1.0,1.0,0.48466700315475464
1.0,0.29179999232292175,1.0,1.0,0.5,7,conversation_partner_training,1.0,0.30489158630371094,1.0,1.0,0.48651188611984253
1.0,0.29179999232292175,1.0,1.0,0.5,7,conversation_partner_training,1.0,0.3000505566596985,1.0,1.0,0.48857539892196655
1.0,0.29179999232292175,1.0,1.0,0.5,6,story_retelling,1.0,0.3019108772277832,1.0,1.0,0.49101150035858154
1.0,0.29179999232292175,1.0,1.0,0.5,11,free_conversation_prompting,1.0,0.30611515045166016,1.0,1.0,0.48613184690475464
1.0,0.3255000114440918,1.0,1.0,0.5,5,script_training,1.0,0.32887279987335205,1.0,1.0,0.4892173111438751
1.0,0.3255000114440918,1.0,1.0,0.5,3,sentence_production_complex,1.0,0.3370889723300934,1.0,1.0,0.49604856967926025
1.0,0.3255000114440918,1.0,1.0,0.5,5,script_training,1.0,0.32908156514167786,1.0,1.0,0.504952073097229
1.0,0.3255000114440918,1.0,1.0,0.5,3,sentence_production_complex,1.0,0.3338412344455719,1.0,1.0,0.49271467328071594
1.0,0.3255000114440918,1.0,1.0,0.5,2,sentence_production_svo,1.0,0.3333808183670044,1.0,1.0,0.4844208359718323
1.0,0.2838999927043915,1.0,1.0,0.5,0,SFA_naming,1.0,0.2836524248123169,1.0,1.0,0.4898490607738495
1.0,0.2838999927043915,1.0,1.0,0.5,3,sentence_production_complex,1.0,0.2981990873813629,1.0,1.0,0.4868392050266266
1.0,0.2838999927043915,1.0,1.0,0.5,7,conversation_partner_training,1.0,0.297219842672348,1.0,1.0,0.4826253652572632
1.0,0.2838999927043915,1.0,1.0,0.5,0,SFA_naming,1.0,0.2946614921092987,1.0,1.0,0.49618226289749146
1.0,0.2838999927043915,1.0,1.0,0.5,4,CILT_dialogue,1.0,0.2976052761077881,1.0,1.0,0.49288010597229004
1.0,0.2793000042438507,1.0,1.0,0.5,7,conversation_partner_training,1.0,0.28756579756736755,1.0,1.0,0.4865322709083557
1.0,0.2793000042438507,1.0,1.0,0.5,6,story_retelling,1.0,0.2897779941558838,1.0,1.0,0.48728147149086
1.0,0.2793000042438507,1.0,1.0,0.5,9,writing_to_dictation,1.0,0.2831302285194397,1.0,1.0,0.49772757291793823
1.0,0.2793000042438507,1.0,1.0,0.5,9,writing_to_dictation,1.0,0.2798069715499878,1.0,1.0,0.4999171495437622
1.0,0.2793000042438507,1.0,1.0,0.5,7,conversation_partner_training,1.0,0.29672908782958984,1.0,1.0,0.48823684453964233
1.0,0.3215000033378601,1.0,1.0,0.5,1,phonological_cueing,0.9987871050834656,0.3225858211517334,1.0,1.0,0.4992865025997162
1.0,0.3215000033378601,1.0,1.0,0.5,5,script_training,1.0,0.33534830808639526,1.0,1.0,0.4843963086605072
1.0,0.3215000033378601,1.0,1.0,0.5,6,story_retelling,1.0,0.33147352933883667,1.0,1.0,0.4832596480846405
1.0,0.3215000033378601,1.0,1.0,0.5,2,sentence_production_svo,1.0,0.33675166964530945,1.0,1.0,0.4916019141674042
1.0,0.3215000033378601,1.0,1.0,0.5,0,SFA_naming,1.0,0.33763691782951355,1.0,1.0,0.49570804834365845
1.0,0.2565999925136566,1.0,1.0,0.5,2,sentence_production_svo,1.0,0.2689630091190338,1.0,1.0,0.48723068833351135
1.0,0.2565999925136566,1.0,1.0,0.5,5,script_training,1.0,0.26289379596710205,1.0,1.0,0.48473894596099854
1.0,0.2565999925136566,1.0,1.0,0.5,4,CILT_dialogue,1.0,0.2722616195678711,1.0,1.0,0.5012199282646179
1.0,0.2565999925136566,1.0,1.0,0.5,1,phonological_cueing,1.0,0.2560746967792511,1.0,1.0,0.49628427624702454
1.0,0.2565999925136566,1.0,1.0,0.5,10,word_picture_matching,1.0,0.2655903995037079,1.0,1.0,0.4958210587501526
1.0,0.2802000045776367,1.0,1.0,0.5,11,free_conversation_prompting,1.0,0.2933090031147003,1.0,1.0,0.48960229754447937
1.0,0.2802000045776367,1.0,1.0,0.5,2,sentence_production_svo,1.0,0.27931517362594604,1.0,1.0,0.49714264273643494
1.0,0.2802000045776367,1.0,1.0,0.5,11,free_conversation_prompting,1.0,0.2980297803878784,1.0,1.0,0.4881991147994995
1.0,0.2802000045776367,1.0,1.0,0.5,0,SFA_naming,1.0,0.2881777882575989,1.0,1.0,0.4928000271320343
1.0,0.2802000045776367,1.0,1.0,0.5,11,free_conversation_prompting,1.0,0.2947922646999359,1.0,1.0,0.48808059096336365
1.0,0.12939999997615814,1.0,1.0,0.5,11,free_conversation_prompting,1.0,0.1398429572582245,1.0,1.0,0.4905272424221039
1.0,0.12939999997615814,1.0,1.0,0.5,0,SFA_naming,1.0,0.1393566131591797,1.0,1.0,0.4926665425300598
1.0,0.12939999997615814,1.0,1.0,0.5,8,reading_comprehension,1.0,0.124806247651577,1.0,1.0,0.4991503655910492
1.0,0.12939999997615814,1.0,1.0,0.5,11,free_conversation_prompting,1.0,0.13808247447013855,1.0,1.0,0.4896220862865448
1.0,0.12939999997615814,1.0,1.0,0.5,10,word_picture_matching,1.0,0.12748108804225922,1.0,1.0,0.49851739406585693
1.0,0.2551000118255615,1.0,1.0,0.5,11,free_conversation_prompting,1.0,0.26942235231399536,1.0,1.0,0.4860750138759613
1.0,0.2551000118255615,1.0,1.0,0.5,6,story_retelling,1.0,0.25785642862319946,1.0,1.0,0.48315122723579407
1.0,0.2551000118255615,1.0,1.0,0.5,0,SFA_naming,1.0,0.2624559700489044,1.0,1.0,0.4903477132320404
1.0,0.2551000118255615,1.0,1.0,0.5,10,word_picture_matching,0.995461106300354,0.26686155796051025,1.0,0.9967823028564453,0.4954614043235779
1.0,0.2551000118255615,1.0,1.0,0.5,6,story_retelling,1.0,0.2659214437007904,1.0,1.0,0.49573269486427307
1.0,0.16019999980926514,1.0,1.0,0.5,6,story_retelling,1.0,0.1621784269809723,1.0,1.0,0.493423730134964
1.0,0.16019999980926514,1.0,1.0,0.5,4,CILT_dialogue,1.0,0.16903825104236603,1.0,1.0,0.48521432280540466
1.0,0.16019999980926514,1.0,1.0,0.5,6,story_retelling,1.0,0.16951660811901093,1.0,1.0,0.48261404037475586
1.0,0.16019999980926514,1.0,1.0,0.5,1,phonological_cueing,1.0,0.15859144926071167,1.0,1.0,0.4995657801628113
1.0,0.16019999980926514,1.0,1.0,0.5,8,reading_comprehension,1.0,0.16445250809192657,1.0,1.0,0.4996030330657959
1.0,0.1868000030517578,1.0,1.0,0.5,0,SFA_naming,1.0,0.18889625370502472,1.0,1.0,0.49705803394317627
1.0,0.1868000030517578,1.0,1.0,0.5,8,reading_comprehension,1.0,0.19331669807434082,1.0,1.0,0.4990153908729553
1.0,0.1868000030517578,1.0,1.0,0.5,10,word_picture_matching,1.0,0.191017284989357,0.9970031380653381,1.0,0.4947386682033539
1.0,0.1868000030517578,1.0,1.0,0.5,5,script_training,1.0,0.1959349513053894,1.0,1.0,0.48640379309654236
1.0,0.1868000030517578,1.0,1.0,0.5,5,script_training,1.0,0.20822928845882416,1.0,1.0,0.4840019941329956
1.0,0.17520000040531158,1.0,1.0,0.5,3,sentence_production_complex,1.0,0.19191046059131622,1.0,1.0,0.4861244857311249
1.0,0.17520000040531158,1.0,1.0,0.5,11,free_conversation_prompting,1.0,0.1902000904083252,1.0,1.0,0.4788162112236023
1.0,0.17520000040531158,1.0,1.0,0.5,8,reading_comprehension,1.0,0.18161138892173767,0.9988996386528015,1.0,0.49984225630760193
1.0,0.17520000040531158,1.0,1.0,0.5,4,CILT_dialogue,1.0,0.18591228127479553,1.0,1.0,0.4933728575706482
1.0,0.17520000040531158,1.0,1.0,0.5,1,phonological_cueing,1.0,0.17951150238513947,1.0,1.0,0.4960632920265198
1.0,0.2782999873161316,1.0,1.0,0.5,2,sentence_production_svo,1.0,0.2873535454273224,1.0,1.0,0.4929468631744385
1.0,0.2782999873161316,1.0,1.0,0.5,5,script_training,1.0,0.27997153997421265,1.0,1.0,0.4921441972255707
1.0,0.2782999873161316,1.0,1.0,0.5,11,free_conversation_prompting,1.0,0.2959272861480713,1.0,1.0,0.4874476194381714
1.0,0.2782999873161316,1.0,1.0,0.5,8,reading_comprehension,1.0,0.27459707856178284,1.0,1.0,0.49580731987953186
1.0,0.2782999873161316,1.0,1.0,0.5,2,sentence_production_svo,1.0,0.2814158499240875,1.0,1.0,0.49646466970443726
1.0,0.3517000079154968,1.0,1.0,0.5,10,word_picture_matching,1.0,0.3545456826686859,1.0,1.0,0.49884793162345886
1.0,0.3517000079154968,1.0,1.0,0.5,4,CILT_dialogue,1.0,0.3640339970588684,1.0,1.0,0.4943697154521942
1.0,0.3517000079154968,1.0,1.0,0.5,10,word_picture_matching,1.0,0.346777081489563,1.0,1.0,0.49638989567756653
1.0,0.3517000079154968,1.0,1.0,0.5,2,sentence_production_svo,1.0,0.364540696144104,1.0,1.0,0.5012111663818359
1.0,0.3517000079154968,1.0,1.0,0.5,6,story_retelling,1.0,0.35608983039855957,1.0,1.0,0.49226588010787964
1.0,0.2379000037908554,1.0,1.0,0.5,11,free_conversation_prompting,1.0,0.2496580332517624,1.0,1.0,0.4826561212539673
1.0,0.2379000037908554,1.0,1.0,0.5,2,sentence_production_svo,1.0,0.2437569499015808,1.0,1.0,0.491349458694458
1.0,0.2379000037908554,1.0,1.0,0.5,7,conversation_partner_training,1.0,0.25611239671707153,1.0,1.0,0.4921538531780243
1.0,0.2379000037908554,1.0,1.0,0.5,11,free_conversation_prompting,1.0,0.2534995973110199,1.0,1.0,0.4826602637767792
1.0,0.2379000037908554,1.0,1.0,0.5,1,phonological_cueing,1.0,0.23491241037845612,1.0,1.0,0.5025615692138672
1.0,0.3450999855995178,1.0,1.0,0.5,0,SFA_naming,1.0,0.3496832549571991,1.0,1.0,0.499147891998291
1.0,0.3450999855995178,1.0,1.0,0.5,7,conversation_partner_training,1.0,0.35743245482444763,1.0,1.0,0.4849284589290619
1.0,0.3450999855995178,1.0,1.0,0.5,3,sentence_production_complex,1.0,0.350516676902771,1.0,1.0,0.49009624123573303
1.0,0.3450999855995178,1.0,1.0,0.5,0,SFA_naming,1.0,0.3561309576034546,1.0,1.0,0.4933070242404938
1.0,0.3450999855995178,1.0,1.0,0.5,5,script_training,1.0,0.3564010560512543,1.0,1.0,0.49025553464889526
1.0,0.28870001435279846,1.0,1.0,0.5,8,reading_comprehension,0.9956942796707153,0.2982054352760315,1.0,1.0,0.501815140247345
1.0,0.28870001435279846,1.0,1.0,0.5,3,sentence_production_complex,1.0,0.2960902154445648,1.0,1.0,0.4923539459705353
1.0,0.28870001435279846,1.0,1.0,0.5,3,sentence_production_complex,1.0,0.2965933680534363,1.0,1.0,0.490030974149704
1.0,0.28870001435279846,1.0,1.0,0.5,10,word_picture_matching,1.0,0.2870525121688843,0.9997747540473938,1.0,0.4947296380996704
1.0,0.28870001435279846,1.0,1.0,0.5,5,script_training,1.0,0.28432878851890564,1.0,1.0,0.4873638451099396
1.0,0.27219998836517334,1.0,1.0,0.5,10,word_picture_matching,1.0,0.2773315906524658,0.9943576455116272,1.0,0.49553182721138
1.0,0.27219998836517334,1.0,1.0,0.5,4,CILT_dialogue,1.0,0.2866031527519226,1.0,1.0,0.4921032786369324
1.0,0.27219998836517334,1.0,1.0,0.5,11,free_conversation_prompting,1.0,0.28707367181777954,1.0,1.0,0.48898375034332275
1.0,0.27219998836517334,1.0,1.0,0.5,7,conversation_partner_training,1.0,0.2896740734577179,1.0,1.0,0.49599918723106384
1.0,0.27219998836517334,1.0,1.0,0.5,1,phonological_cueing,0.9979601502418518,0.286101371049881,1.0,1.0,0.48852789402008057
1.0,0.23690000176429749,1.0,1.0,0.5,10,word_picture_matching,1.0,0.2460700422525406,1.0,1.0,0.5023176670074463
1.0,0.23690000176429749,1.0,1.0,0.5,5,script_training,1.0,0.24624794721603394,1.0,1.0,0.4951786398887634
1.0,0.23690000176429749,1.0,1.0,0.5,1,phonological_cueing,1.0,0.25386086106300354,0.9972608685493469,1.0,0.4910357892513275
1.0,0.23690000176429749,1.0,1.0,0.5,1,phonological_cueing,1.0,0.23342707753181458,0.997151792049408,1.0,0.4980694651603699
1.0,0.23690000176429749,1.0,1.0,0.5,7,conversation_partner_training,1.0,0.2514766454696655,1.0,1.0,0.4915941655635834
1.0,0.2538999915122986,1.0,1.0,0.5,0,SFA_naming,1.0,0.26394447684288025,1.0,0.9967614412307739,0.4957124888896942
1.0,0.2538999915122986,1.0,1.0,0.5,3,sentence_production_complex,1.0,0.2607898414134979,1.0,1.0,0.4880913496017456
1.0,0.2538999915122986,1.0,1.0,0.5,1,phonological_cueing,1.0,0.2640501856803894,1.0,1.0,0.4939672350883484
1.0,0.2538999915122986,1.0,1.0,0.5,4,CILT_dialogue,1.0,0.25285887718200684,1.0,1.0,0.4958970248699188
1.0,0.2538999915122986,1.0,1.0,0.5,4,CILT_dialogue,1.0,0.2622170150279999,1.0,1.0,0.49129608273506165
1.0,0.2053000032901764,1.0,1.0,0.5,5,script_training,1.0,0.21426305174827576,1.0,1.0,0.487290620803833
1.0,0.2053000032901764,1.0,1.0,0.5,3,sentence_production_complex,1.0,0.20104113221168518,1.0,1.0,0.4931454658508301
1.0,0.2053000032901764,1.0,1.0,0.5,0,SFA_naming,1.0,0.20852844417095184,1.0,1.0,0.49301478266716003
1.0,0.2053000032901764,1.0,1.0,0.5,6,story_retelling,1.0,0.21409110724925995,1.0,1.0,0.4855431914329529
1.0,0.2053000032901764,1.0,1.0,0.5,4,CILT_dialogue,1.0,0.21616864204406738,1.0,1.0,0.4897460639476776
1.0,0.24140000343322754,1.0,1.0,0.5,7,conversation_partner_training,1.0,0.24143767356872559,1.0,1.0,0.4853547215461731
1.0,0.24140000343322754,1.0,1.0,0.5,1,phonological_cueing,1.0,0.2449895739555359,1.0,1.0,0.487383633852005
1.0,0.24140000343322754,1.0,1.0,0.5,0,SFA_naming,1.0,0.24015571177005768,1.0,1.0,0.5037136077880859
1.0,0.24140000343322754,1.0,1.0,0.5,2,sentence_production_svo,1.0,0.24518392980098724,1.0,1.0,0.4872848093509674
1.0,0.24140000343322754,1.0,1.0,0.5,5,script_training,1.0,0.23880985379219055,1.0,1.0,0.4943528175354004
1.0,0.3102000057697296,1.0,1.0,0.5,4,CILT_dialogue,1.0,0.3097638487815857,1.0,1.0,0.48353102803230286
1.0,0.3102000057697296,1.0,1.0,0.5,9,writing_to_dictation,1.0,0.3205069601535797,1.0,1.0,0.49294668436050415
1.0,0.3102000057697296,1.0,1.0,0.5,4,CILT_dialogue,1.0,0.3237513601779938,1.0,1.0,0.49615827202796936
1.0,0.3102000057697296,1.0,1.0,0.5,5,script_training,1.0,0.32435357570648193,1.0,1.0,0.4824865460395813
1.0,0.3102000057697296,1.0,1.0,0.5,6,story_retelling,1.0,0.33196452260017395,1.0,1.0,0.48590874671936035
1.0,0.28060001134872437,1.0,1.0,0.5,0,SFA_naming,1.0,0.2915090322494507,1.0,1.0,0.49564337730407715
1.0,0.28060001134872437,1.0,1.0,0.5,5,script_training,1.0,0.2809710204601288,1.0,1.0,0.490215539932251
1.0,0.28060001134872437,1.0,1.0,0.5,3,sentence_production_complex,1.0,0.29094716906547546,1.0,1.0,0.48502251505851746
1.0,0.28060001134872437,1.0,1.0,0.5,4,CILT_dialogue,1.0,0.28407999873161316,1.0,1.0,0.4867163598537445
1.0,0.28060001134872437,1.0,1.0,0.5,1,phonological_cueing,1.0,0.2854069471359253,1.0,1.0,0.4965614080429077
1.0,0.32670000195503235,1.0,1.0,0.5,9,writing_to_dictation,1.0,0.33756592869758606,1.0,1.0,0.4880094528198242
1.0,0.32670000195503235,1.0,1.0,0.5,11,free_conversation_prompting,1.0,0.33846524357795715,1.0,1.0,0.4815713167190552
1.0,0.32670000195503235,1.0,1.0,0.5,0,SFA_naming,1.0,0.3323732614517212,1.0,1.0,0.49308815598487854
1.0,0.32670000195503235,1.0,1.0,0.5,6,story_retelling,1.0,0.3312285840511322,1.0,1.0,0.493813693523407
1.0,0.32670000195503235,1.0,1.0,0.5,8,reading_comprehension,1.0,0.3336145281791687,1.0,1.0,0.49394363164901733
1.0,0.3188999891281128,1.0,1.0,0.5,3,sentence_production_complex,1.0,0.3274049162864685,1.0,1.0,0.49159175157546997
1.0,0.3188999891281128,1.0,1.0,0.5,9,writing_to_dictation,1.0,0.32743170857429504,0.9973907470703125,1.0,0.4941648244857788
1.0,0.3188999891281128,1.0,1.0,0.5,6,story_retelling,1.0,0.32140809297561646,1.0,1.0,0.4911869764328003
1.0,0.3188999891281128,1.0,1.0,0.5,11,free_conversation_prompting,1.0,0.3319984972476959,1.0,1.0,0.48954150080680847
1.0,0.3188999891281128,1.0,1.0,0.5,11,free_conversation_prompting,1.0,0.3393145203590393,1.0,1.0,0.48996463418006897
1.0,0.32600000500679016,1.0,1.0,0.5,0,SFA_naming,1.0,0.33042222261428833,1.0,1.0,0.4957989454269409
1.0,0.32600000500679016,1.0,1.0,0.5,4,CILT_dialogue,1.0,0.3326316475868225,1.0,1.0,0.48869752883911133
1.0,0.32600000500679016,1.0,1.0,0.5,6,story_retelling,1.0,0.3408609926700592,1.0,1.0,0.48828303813934326
1.0,0.32600000500679016,1.0,1.0,0.5,1,phonological_cueing,1.0,0.3337738811969757,1.0,0.9942413568496704,0.49856990575790405
1.0,0.32600000500679016,1.0,1.0,0.5,3,sentence_production_complex,1.0,0.33738142251968384,1.0,1.0,0.4873909652233124
1.0,0.2937999963760376,1.0,1.0,0.5,11,free_conversation_prompting,1.0,0.3056556284427643,1.0,1.0,0.4809577167034149
1.0,0.2937999963760376,1.0,1.0,0.5,0,SFA_naming,0.9999311566352844,0.3023679256439209,1.0,1.0,0.49624913930892944
1.0,0.2937999963760376,1.0,1.0,0.5,4,CILT_dialogue,1.0,0.30792146921157837,1.0,1.0,0.481568843126297
1.0,0.2937999963760376,1.0,1.0,0.5,10,word_picture_matching,1.0,0.2906152009963989,1.0,1.0,0.4927945137023926
1.0,0.2937999963760376,1.0,1.0,0.5,3,sentence_production_complex,1.0,0.30102235078811646,1.0,1.0,0.48909667134284973
1.0,0.23759999871253967,1.0,1.0,0.5,5,script_training,1.0,0.25223687291145325,1.0,1.0,0.4949517846107483
1.0,0.23759999871253967,1.0,1.0,0.5,11,free_conversation_prompting,1.0,0.24972151219844818,1.0,1.0,0.48528462648391724
1.0,0.23759999871253967,1.0,1.0,0.5,5,script_training,1.0,0.23899202048778534,1.0,1.0,0.4992995262145996
1.0,0.23759999871253967,1.0,1.0,0.5,1,phonological_cueing,1.0,0.24021457135677338,1.0,1.0,0.4974524974822998
1.0,0.23759999871253967,1.0,1.0,0.5,0,SFA_naming,1.0,0.23852519690990448,1.0,1.0,0.4925617277622223
1.0,0.32499998807907104,1.0,1.0,0.5,11,free_conversation_prompting,1.0,0.3383083939552307,1.0,1.0,0.4886743724346161
1.0,0.32499998807907104,1.0,1.0,0.5,2,sentence_production_svo,1.0,0.33056068420410156,1.0,1.0,0.4886787235736847
1.0,0.32499998807907104,1.0,1.0,0.5,5,script_training,1.0,0.3343554735183716,1.0,1.0,0.48999321460723877
1.0,0.32499998807907104,1.0,1.0,0.5,0,SFA_naming,0.9975590109825134,0.3323230743408203,1.0,1.0,0.49075666069984436
1.0,0.32499998807907104,1.0,1.0,0.5,4,CILT_dialogue,1.0,0.33594048023223877,1.0,1.0,0.4923878610134125
1.0,0.27079999446868896,1.0,1.0,0.5,11,free_conversation_prompting,1.0,0.2805998921394348,1.0,1.0,0.4846014082431793
1.0,0.27079999446868896,1.0,1.0,0.5,5,script_training,1.0,0.2788647711277008,1.0,1.0,0.4929424226284027
1.0,0.27079999446868896,1.0,1.0,0.5,11,free_conversation_prompting,1.0,0.2959345877170563,1.0,1.0,0.4823341965675354
1.0,0.27079999446868896,1.0,1.0,0.5,2,sentence_production_svo,1.0,0.279602974653244,1.0,1.0,0.49069443345069885
1.0,0.27079999446868896,1.0,1.0,0.5,5,script_training,1.0,0.2820824980735779,1.0,1.0,0.49982449412345886
1.0,0.2903999984264374,1.0,1.0,0.5,10,word_picture_matching,1.0,0.2895451486110687,0.9972173571586609,1.0,0.4993409216403961
1.0,0.2903999984264374,1.0,1.0,0.5,4,CILT_dialogue,1.0,0.3071579933166504,1.0,1.0,0.4935411214828491
1.0,0.2903999984264374,1.0,1.0,0.5,3,sentence_production_complex,1.0,0.30325236916542053,1.0,1.0,0.4933844804763794
1.0,0.2903999984264374,1.0,1.0,0.5,10,word_picture_matching,1.0,0.2972430884838104,1.0,1.0,0.49214890599250793
1.0,0.2903999984264374,1.0,1.0,0.5,4,CILT_dialogue,1.0,0.29999595880508423,1.0,1.0,0.48561590909957886
1.0,0.3199000060558319,1.0,1.0,0.5,5,script_training,1.0,0.32686206698417664,1.0,1.0,0.49666813015937805
1.0,0.3199000060558319,1.0,1.0,0.5,11,free_conversation_prompting,1.0,0.3353548049926758,1.0,1.0,0.48852255940437317
1.0,0.3199000060558319,1.0,1.0,0.5,2,sentence_production_svo,1.0,0.32352590560913086,1.0,1.0,0.4903951585292816
1.0,0.3199000060558319,1.0,1.0,0.5,3,sentence_production_complex,1.0,0.33923232555389404,1.0,1.0,0.49273931980133057
1.0,0.3199000060558319,1.0,1.0,0.5,0,SFA_naming,1.0,0.3164574205875397,1.0,1.0,0.4987790584564209
1.0,0.1979999989271164,1.0,1.0,0.5,4,CILT_dialogue,1.0,0.21567273139953613,1.0,1.0,0.48868033289909363
1.0,0.1979999989271164,1.0,1.0,0.5,2,sentence_production_svo,1.0,0.19856147468090057,1.0,1.0,0.4968000054359436
1.0,0.1979999989271164,1.0,1.0,0.5,7,conversation_partner_training,1.0,0.20953498780727386,1.0,1.0,0.47769054770469666
1.0,0.1979999989271164,1.0,1.0,0.5,1,phonological_cueing,1.0,0.2033068835735321,1.0,1.0,0.5012609362602234
1.0,0.1979999989271164,1.0,1.0,0.5,7,conversation_partner_training,1.0,0.20305699110031128,1.0,1.0,0.4891360104084015
1.0,0.2565000057220459,1.0,1.0,0.5,2,sentence_production_svo,1.0,0.26414233446121216,1.0,1.0,0.49966609477996826
1.0,0.2565000057220459,1.0,1.0,0.5,3,sentence_production_complex,1.0,0.2606752812862396,1.0,1.0,0.49357837438583374
1.0,0.2565000057220459,1.0,1.0,0.5,3,sentence_production_complex,1.0,0.2697700262069702,1.0,1.0,0.4808567464351654
1.0,0.2565000057220459,1.0,1.0,0.5,7,conversation_partner_training,1.0,0.26934441924095154,1.0,1.0,0.4920005202293396
1.0,0.2565000057220459,1.0,1.0,0.5,5,script_training,1.0,0.2698953449726105,1.0,1.0,0.4882553815841675
1.0,0.2736999988555908,1.0,1.0,0.5,3,sentence_production_complex,1.0,0.2904486060142517,1.0,1.0,0.4882487654685974
1.0,0.2736999988555908,1.0,1.0,0.5,10,word_picture_matching,1.0,0.27479419112205505,1.0,1.0,0.49306902289390564
1.0,0.2736999988555908,1.0,1.0,0.5,6,story_retelling,1.0,0.28081274032592773,1.0,1.0,0.4833137094974518
1.0,0.2736999988555908,1.0,1.0,0.5,2,sentence_production_svo,1.0,0.2796582579612732,1.0,1.0,0.4930209219455719
1.0,0.2736999988555908,1.0,1.0,0.5,10,word_picture_matching,0.9995420575141907,0.27410754561424255,1.0,1.0,0.4964711368083954
1.0,0.2574000060558319,1.0,1.0,0.5,3,sentence_production_complex,1.0,0.2661399245262146,1.0,1.0,0.4936000406742096
1.0,0.2574000060558319,1.0,1.0,0.5,0,SFA_naming,1.0,0.26893138885498047,1.0,1.0,0.49455130100250244
1.0,0.2574000060558319,1.0,1.0,0.5,5,script_training,1.0,0.2639341652393341,1.0,1.0,0.491688072681427
1.0,0.2574000060558319,1.0,1.0,0.5,1,phonological_cueing,1.0,0.26184824109077454,1.0,1.0,0.49136197566986084
1.0,0.2574000060558319,1.0,1.0,0.5,2,sentence_production_svo,1.0,0.2699492573738098,1.0,1.0,0.48939159512519836
1.0,0.2150000035762787,1.0,1.0,0.5,8,reading_comprehension,0.9962066411972046,0.22147232294082642,1.0,1.0,0.5060784220695496
1.0,0.2150000035762787,1.0,1.0,0.5,1,phonological_cueing,1.0,0.21916863322257996,1.0,1.0,0.496425986289978
1.0,0.2150000035762787,1.0,1.0,0.5,9,writing_to_dictation,1.0,0.22243209183216095,1.0,1.0,0.4964860677719116
1.0,0.2150000035762787,1.0,1.0,0.5,11,free_conversation_prompting,1.0,0.23115843534469604,1.0,1.0,0.49032023549079895
1.0,0.2150000035762787,1.0,1.0,0.5,6,story_retelling,1.0,0.22507484257221222,1.0,1.0,0.4814744293689728
1.0,0.164900004863739,1.0,1.0,0.5,7,conversation_partner_training,1.0,0.1763381063938141,1.0,1.0,0.4862217307090759
1.0,0.164900004863739,1.0,1.0,0.5,7,conversation_partner_training,1.0,0.17754748463630676,1.0,1.0,0.4884078800678253
1.0,0.164900004863739,1.0,1.0,0.5,11,free_conversation_prompting,1.0,0.1761540174484253,1.0,1.0,0.49115994572639465
1.0,0.164900004863739,1.0,1.0,0.5,3,sentence_production_complex,1.0,0.17551445960998535,1.0,1.0,0.4837777316570282
1.0,0.164900004863739,1.0,1.0,0.5,1,phonological_cueing,1.0,0.1677541434764862,1.0,1.0,0.4908684194087982
1.0,0.3012999892234802,1.0,1.0,0.5,5,script_training,1.0,0.3128008544445038,1.0,1.0,0.47621336579322815
1.0,0.3012999892234802,1.0,1.0,0.5,5,script_training,1.0,0.3032616078853607,1.0,1.0,0.4901289939880371
1.0,0.3012999892234802,1.0,1.0,0.5,1,phonological_cueing,1.0,0.3075522482395172,1.0,1.0,0.49192434549331665
1.0,0.3012999892234802,1.0,1.0,0.5,6,story_retelling,1.0,0.31219732761383057,1.0,1.0,0.4967201054096222
1.0,0.3012999892234802,1.0,1.0,0.5,0,SFA_naming,1.0,0.30036717653274536,1.0,1.0,0.49655210971832275
1.0,0.2101999968290329,1.0,1.0,0.5,11,free_conversation_prompting,1.0,0.22132128477096558,1.0,1.0,0.484257310628891
1.0,0.2101999968290329,1.0,1.0,0.5,2,sentence_production_svo,1.0,0.21289564669132233,1.0,1.0,0.4987418055534363
1.0,0.2101999968290329,1.0,1.0,0.5,0,SFA_naming,1.0,0.21980388462543488,1.0,1.0,0.49017515778541565
1.0,0.2101999968290329,1.0,1.0,0.5,1,phonological_cueing,1.0,0.21624642610549927,1.0,1.0,0.49520447850227356
1.0,0.2101999968290329,1.0,1.0,0.5,2,sentence_production_svo,1.0,0.21104545891284943,1.0,0.9992011785507202,0.4890032112598419
1.0,0.20990000665187836,1.0,1.0,0.5,3,sentence_production_complex,1.0,0.21391962468624115,1.0,1.0,0.4955277442932129
1.0,0.20990000665187836,1.0,1.0,0.5,0,SFA_naming,1.0,0.21526992321014404,1.0,1.0,0.4989587962627411
1.0,0.20990000665187836,1.0,1.0,0.5,3,sentence_production_complex,1.0,0.21571893990039825,1.0,1.0,0.4880591928958893
1.0,0.20990000665187836,1.0,1.0,0.5,2,sentence_production_svo,1.0,0.2157047986984253,1.0,1.0,0.4774664342403412
1.0,0.20990000665187836,1.0,1.0,0.5,4,CILT_dialogue,1.0,0.2224331945180893,1.0,1.0,0.482342392206192
1.0,0.2021999955177307,1.0,1.0,0.5,4,CILT_dialogue,1.0,0.2150944620370865,1.0,1.0,0.4902307093143463
1.0,0.2021999955177307,1.0,1.0,0.5,3,sentence_production_complex,1.0,0.22022390365600586,1.0,1.0,0.4868473708629608
1.0,0.2021999955177307,1.0,1.0,0.5,3,sentence_production_complex,1.0,0.21113066375255585,1.0,1.0,0.49120083451271057
1.0,0.2021999955177307,1.0,1.0,0.5,0,SFA_naming,1.0,0.20571300387382507,1.0,1.0,0.5035679340362549
1.0,0.2021999955177307,1.0,1.0,0.5,0,SFA_naming,1.0,0.21138015389442444,1.0,1.0,0.49817219376564026
1.0,0.24959999322891235,1.0,1.0,0.5,2,sentence_production_svo,1.0,0.25467780232429504,1.0,1.0,0.4973456561565399
1.0,0.24959999322891235,1.0,1.0,0.5,8,reading_comprehension,0.9998425841331482,0.25314873456954956,1.0,1.0,0.4936831593513489
1.0,0.24959999322891235,1.0,1.0,0.5,11,free_conversation_prompting,1.0,0.2642422616481781,1.0,1.0,0.48468369245529175
1.0,0.24959999322891235,1.0,1.0,0.5,11,free_conversation_prompting,1.0,0.26275554299354553,1.0,1.0,0.48327183723449707
1.0,0.24959999322891235,1.0,1.0,0.5,5,script_training,1.0,0.2548321485519409,1.0,1.0,0.4951810836791992
1.0,0.23579999804496765,1.0,1.0,0.5,5,script_training,1.0,0.24244052171707153,1.0,1.0,0.4955492615699768
1.0,0.23579999804496765,1.0,1.0,0.5,3,sentence_production_complex,1.0,0.2438560575246811,1.0,1.0,0.495797723531723
1.0,0.23579999804496765,1.0,1.0,0.5,9,writing_to_dictation,1.0,0.2489442229270935,1.0,1.0,0.5003398060798645
1.0,0.23579999804496765,1.0,1.0,0.5,8,reading_comprehension,1.0,0.2389529049396515,1.0,1.0,0.4951438307762146
1.0,0.23579999804496765,1.0,1.0,0.5,10,word_picture_matching,1.0,0.23566865921020508,1.0,1.0,0.49483057856559753
1.0,0.1949000060558319,1.0,1.0,0.5,10,word_picture_matching,1.0,0.20819032192230225,1.0,1.0,0.5010608434677124
1.0,0.1949000060558319,1.0,1.0,0.5,4,CILT_dialogue,1.0,0.20182888209819794,1.0,1.0,0.4922311007976532
1.0,0.1949000060558319,1.0,1.0,0.5,8,reading_comprehension,1.0,0.20715928077697754,1.0,1.0,0.4930190145969391
1.0,0.1949000060558319,1.0,1.0,0.5,9,writing_to_dictation,0.9975789189338684,0.2036241590976715,1.0,1.0,0.4924274682998657
1.0,0.1949000060558319,1.0,1.0,0.5,3,sentence_production_complex,1.0,0.2036135345697403,1.0,1.0,0.4918200671672821
1.0,0.23890000581741333,1.0,1.0,0.5,11,free_conversation_prompting,1.0,0.25510987639427185,1.0,1.0,0.48602133989334106
1.0,0.23890000581741333,1.0,1.0,0.5,1,phonological_cueing,0.9974267482757568,0.2408968061208725,1.0,1.0,0.4868309497833252
1.0,0.23890000581741333,1.0,1.0,0.5,11,free_conversation_prompting,1.0,0.24307216703891754,1.0,1.0,0.4875616729259491
1.0,0.23890000581741333,1.0,1.0,0.5,8,reading_comprehension,1.0,0.2449972927570343,1.0,1.0,0.4946047365665436
1.0,0.23890000581741333,1.0,1.0,0.5,1,phonological_cueing,1.0,0.24076546728610992,1.0,1.0,0.4897346496582031
1.0,0.21690000593662262,1.0,1.0,0.5,7,conversation_partner_training,1.0,0.22855603694915771,1.0,1.0,0.49248117208480835
1.0,0.21690000593662262,1.0,1.0,0.5,0,SFA_naming,1.0,0.2228788435459137,1.0,1.0,0.5047111511230469
1.0,0.21690000593662262,1.0,1.0,0.5,8,reading_comprehension,1.0,0.22062455117702484,1.0,1.0,0.4996466040611267
1.0,0.21690000593662262,1.0,1.0,0.5,9,writing_to_dictation,1.0,0.22531865537166595,1.0,1.0,0.494086354970932
1.0,0.21690000593662262,1.0,1.0,0.5,6,story_retelling,1.0,0.23092438280582428,1.0,1.0,0.4927901029586792
1.0,0.2808000147342682,1.0,1.0,0.5,10,word_picture_matching,1.0,0.2863277494907379,1.0,1.0,0.5076210498809814
1.0,0.2808000147342682,1.0,1.0,0.5,1,phonological_cueing,1.0,0.2809046804904938,1.0,1.0,0.49658238887786865
1.0,0.2808000147342682,1.0,1.0,0.5,3,sentence_production_complex,1.0,0.29824045300483704,1.0,1.0,0.48408299684524536
1.0,0.2808000147342682,1.0,1.0,0.5,4,CILT_dialogue,1.0,0.28997522592544556,1.0,1.0,0.4923718273639679
1.0,0.2808000147342682,1.0,1.0,0.5,0,SFA_naming,1.0,0.2818496823310852,1.0,1.0,0.4837896227836609
1.0,0.32760000228881836,1.0,1.0,0.5,4,CILT_dialogue,1.0,0.3493029475212097,1.0,1.0,0.4890429973602295
1.0,0.32760000228881836,1.0,1.0,0.5,2,sentence_production_svo,1.0,0.33821284770965576,1.0,1.0,0.4895406663417816
1.0,0.32760000228881836,1.0,1.0,0.5,4,CILT_dialogue,1.0,0.336992472410202,1.0,1.0,0.483774870634079
1.0,0.32760000228881836,1.0,1.0,0.5,4,CILT_dialogue,1.0,0.34769439697265625,1.0,1.0,0.47897765040397644
1.0,0.32760000228881836,1.0,1.0,0.5,10,word_picture_matching,1.0,0.3338550329208374,0.9985094666481018,1.0,0.4931757152080536
1.0,0.31690001487731934,1.0,1.0,0.5,2,sentence_production_svo,1.0,0.32898324728012085,1.0,1.0,0.48736536502838135
1.0,0.31690001487731934,1.0,1.0,0.5,10,word_picture_matching,1.0,0.3217097818851471,1.0,1.0,0.49908870458602905
1.0,0.31690001487731934,1.0,1.0,0.5,4,CILT_dialogue,1.0,0.32379037141799927,1.0,1.0,0.4994351267814636
1.0,0.31690001487731934,1.0,1.0,0.5,3,sentence_production_complex,1.0,0.32001203298568726,1.0,1.0,0.4973202645778656
1.0,0.31690001487731934,1.0,1.0,0.5,5,script_training,1.0,0.32928916811943054,1.0,1.0,0.4898487627506256
1.0,0.32109999656677246,1.0,1.0,0.5,4,CILT_dialogue,1.0,0.3315035104751587,1.0,1.0,0.4934726357460022
1.0,0.32109999656677246,1.0,1.0,0.5,2,sentence_production_svo,1.0,0.32259437441825867,1.0,1.0,0.4909457266330719
1.0,0.32109999656677246,1.0,1.0,0.5,5,script_training,1.0,0.3327988088130951,1.0,1.0,0.4918085038661957
1.0,0.32109999656677246,1.0,1.0,0.5,1,phonological_cueing,1.0,0.3204537630081177,1.0,1.0,0.4993756413459778
1.0,0.32109999656677246,1.0,1.0,0.5,3,sentence_production_complex,1.0,0.3333774507045746,1.0,1.0,0.4976072609424591
1.0,0.2800999879837036,1.0,1.0,0.5,6,story_retelling,1.0,0.2914843261241913,1.0,1.0,0.49315816164016724
1.0,0.2800999879837036,1.0,1.0,0.5,4,CILT_dialogue,1.0,0.29367679357528687,1.0,1.0,0.4879232347011566
1.0,0.2800999879837036,1.0,1.0,0.5,10,word_picture_matching,1.0,0.2785488963127136,1.0,1.0,0.5011515617370605
1.0,0.2800999879837036,1.0,1.0,0.5,2,sentence_production_svo,1.0,0.28484728932380676,1.0,1.0,0.4763828217983246
1.0,0.2800999879837036,1.0,1.0,0.5,11,free_conversation_prompting,1.0,0.28925421833992004,1.0,1.0,0.47655194997787476
1.0,0.3871999979019165,1.0,1.0,0.5,9,writing_to_dictation,1.0,0.39642390608787537,1.0,1.0,0.48806101083755493
1.0,0.3871999979019165,1.0,1.0,0.5,11,free_conversation_prompting,1.0,0.40147629380226135,1.0,1.0,0.4944850504398346
1.0,0.3871999979019165,1.0,1.0,0.5,10,word_picture_matching,1.0,0.39368999004364014,0.9939020872116089,1.0,0.49584218859672546
1.0,0.3871999979019165,1.0,1.0,0.5,1,phonological_cueing,1.0,0.39278072118759155,1.0,1.0,0.4885340929031372
1.0,0.3871999979019165,1.0,1.0,0.5,5,script_training,1.0,0.3951398432254791,1.0,1.0,0.4922011196613312
1.0,0.3043999969959259,1.0,1.0,0.5,1,phonological_cueing,0.9979656934738159,0.3128148317337036,1.0,1.0,0.48567086458206177
1.0,0.3043999969959259,1.0,1.0,0.5,10,word_picture_matching,1.0,0.3019636571407318,1.0,1.0,0.49309125542640686
1.0,0.3043999969959259,1.0,1.0,0.5,6,story_retelling,1.0,0.3093422055244446,1.0,1.0,0.48549333214759827
1.0,0.3043999969959259,1.0,1.0,0.5,2,sentence_production_svo,1.0,0.31986188888549805,1.0,1.0,0.4967927634716034
1.0,0.3043999969959259,1.0,1.0,0.5,11,free_conversation_prompting,1.0,0.3181242346763611,1.0,1.0,0.4837994873523712
1.0,0.22290000319480896,1.0,1.0,0.5,1,phonological_cueing,0.9988121390342712,0.22817158699035645,1.0,1.0,0.4972223937511444
1.0,0.22290000319480896,1.0,1.0,0.5,6,story_retelling,1.0,0.23536808788776398,1.0,1.0,0.4914032518863678
1.0,0.22290000319480896,1.0,1.0,0.5,7,conversation_partner_training,1.0,0.23358488082885742,1.0,1.0,0.48707151412963867
1.0,0.22290000319480896,1.0,1.0,0.5,0,SFA_naming,1.0,0.2274572104215622,1.0,1.0,0.4986940026283264
1.0,0.22290000319480896,1.0,1.0,0.5,6,story_retelling,1.0,0.22397516667842865,1.0,1.0,0.49518662691116333
1.0,0.2590999901294708,1.0,1.0,0.5,9,writing_to_dictation,1.0,0.2731933295726776,1.0,1.0,0.5013295412063599
1.0,0.2590999901294708,1.0,1.0,0.5,0,SFA_naming,1.0,0.26791152358055115,1.0,1.0,0.49353739619255066
1.0,0.2590999901294708,1.0,1.0,0.5,5,script_training,1.0,0.25740543007850647,1.0,1.0,0.49628981947898865
1.0,0.2590999901294708,1.0,1.0,0.5,2,sentence_production_svo,1.0,0.27398744225502014,1.0,1.0,0.49703842401504517
1.0,0.2590999901294708,1.0,1.0,0.5,7,conversation_partner_training,1.0,0.27157047390937805,1.0,1.0,0.4822211265563965
