session_id,0,1,2,3,4,5,6,7,8,9,10,11,12,13,14,15,16,17,18,19,20,21,22,23,24,25,26,27,28,29,30,31,32,33,34,35,36,37,38,39,40,41,42,43,44,45,46
ACWT01a,0.0028145893,0.7,0.20549482,0.0952,0.6692,0.06580452,0.5,0.4002448,0.1765,0.7843,0.0021613126,0.6,0.31906134,0.0,0.9841,0.13427679,0.0,0.32646662,0.0,0.8214,0.026174502,0.0,0.15074074,0.0,0.8571,1.0,1.0,1.0,1.0,1.0,1.0,0.0,0.0,0.0,0.0,0.0,0.68201286,1.0,0.0,0.0,0.19916,0.1833844,0.29673135,0.44904643,0.22651808,0.13724998,0.022003971
ACWT02a,0.002775463,0.8,0.28202975,0.2353,0.7538,0.114248574,0.7273,0.47205222,0.2143,0.7343,0.0029267422,1.0,0.4664471,0.1111,0.6811,0.190181,0.6,0.4684281,0.21433929,0.6269,0.006377997,0.0,0.45222223,0.29557145,0.5674,1.0,1.0,1.0,1.0,1.0,0.0,0.0,0.0,0.0,0.0,1.0,0.7965738,1.0,0.0,0.0,0.12896,0.38739318,0.46712887,0.5818655,0.72240764,0.6790707,0.027617218
ACWT03a,0.0016151271,0.5,0.15335016,0.0,0.7164,0.014097184,0.2273,0.23133415,0.0,1.0,0.013099483,0.6,0.24701522,0.0,1.0,0.065569885,0.0,0.19390953,0.0,1.0,0.0053831087,0.0,0.11111111,0.0,1.0,1.0,1.0,1.0,1.0,1.0,0.0,0.0,0.0,0.0,0.0,1.0,0.7398287,1.0,0.0,0.0,0.05348,0.16108389,0.16721904,0.0,0.095938556,0.029142559,0.052200954
ACWT05a,0.0009543368,0.3,0.10513037,0.0,0.85,0.03884339,0.0909,0.15381476,0.0,0.7917,0.0034562277,0.6,0.08233841,0.0,1.0,0.123564854,0.2,0.14330497,0.0,1.0,0.01614425,0.0,0.14444445,0.0,0.9375,1.0,1.0,1.0,1.0,1.0,1.0,0.0,0.0,0.0,0.0,0.0,0.61563164,1.0,0.0,0.0,0.24538,0.14212695,0.15814553,0.052854054,0.21075222,0.17498437,0.028767461
ACWT08a,0.0025280158,0.0,0.08634707,0.0,0.0,0.06420786,0.0,0.14524683,0.0,0.75,0.0071691647,0.0,0.16467682,0.0,0.0,0.14880908,0.0,0.17913121,0.0,1.0,0.015329336,0.0,0.13592593,0.0,0.9333,1.0,1.0,1.0,1.0,1.0,1.0,0.0,0.0,0.0,0.0,0.0,0.43147752,1.0,0.0,0.0,0.1924,0.09558791,0.071903594,0.0,0.19081253,0.09667099,0.019766044
ACWT09a,0.0048246626,0.9,0.19147745,0.2093,0.5752,0.15907384,0.7727,0.3015096,0.16,0.6874,0.0026443847,1.0,0.32358995,0.1429,0.891,0.39429477,1.0,0.22660097,0.15569222,0.6199,0.0128177,0.0,0.19000001,0.068,0.6518,1.0,1.0,1.0,1.0,1.0,0.0,0.0,0.0,1.0,0.0,0.0,0.85546035,1.0,0.0,0.0,0.1854,0.19315751,0.2966064,0.15110609,0.31601003,0.22543234,0.0106800515
ACWT10a,0.002533118,0.6,0.143538,0.04,0.7833,0.11707111,0.4091,0.2855977,0.0,0.65,0.005175188,0.6,0.19226019,0.0,0.85,0.28191626,0.2,0.28168383,0.0,0.8333,0.029220471,0.0,0.22222222,0.0,0.9538,1.0,1.0,1.0,1.0,1.0,0.0,1.0,0.0,0.0,0.0,0.0,0.61241966,1.0,0.0,0.0,0.19744,0.19075243,0.27618825,0.11892162,0.28564426,0.21622127,0.016706452
ACWT11a,0.0049850745,0.6,0.21502665,0.1406,0.5989,0.15069386,0.6818,0.35781315,0.2118,0.6056,0.0026389307,0.6,0.24454507,0.0588,0.6889,0.50092703,0.6,0.37931034,0.33328333,0.5974,0.032023527,0.0,0.36925927,0.42014286,0.6539,1.0,1.0,1.0,1.0,1.0,0.0,1.0,0.0,0.0,0.0,0.0,0.52141327,1.0,0.0,0.0,0.34114,0.26238552,0.2728957,0.2032818,0.432674,0.36897138,0.0117159
ACWT12a,0.0074040033,0.8,0.4418279,0.2,0.7153,0.25113147,0.9091,0.7698899,0.6667,0.6679,0.0051823384,0.6,0.40139973,0.25,1.0,0.51633763,0.6,0.687416,0.57687116,0.6464,0.008724581,0.0,0.3288889,0.2747143,0.6146,1.0,1.0,1.0,1.0,1.0,0.0,0.0,0.0,1.0,0.0,0.0,0.84903634,1.0,0.0,0.0,0.57528,0.33431545,0.5846989,0.22203973,0.7878875,0.45994028,0.02423927
adler01a,0.005477832,0.6,0.30277547,0.28,0.7638,0.23651762,0.7273,0.53039575,0.2273,0.7104,0.006365764,0.6,0.22643062,0.0,0.85,0.54961145,1.0,0.4621585,0.29293534,0.6346,0.026295064,0.0,0.41666666,0.49114287,0.7324,1.0,1.0,1.0,1.0,1.0,0.0,0.0,1.0,0.0,0.0,0.0,0.92719483,1.0,0.0,0.0,0.55968,0.23375149,0.39248148,0.14015181,0.5208817,0.5000935,0.007593184
adler02a,0.00699537,0.6,0.36136812,0.2773,0.5422,0.2694463,0.6364,0.53937167,0.2188,0.5511,0.0035580194,0.8,0.38410866,0.1667,0.6369,0.4822005,0.2,0.56605464,0.28573573,0.5622,0.034938302,0.0,0.3877778,0.16800001,0.6712,1.0,1.0,1.0,1.0,1.0,0.0,0.0,0.0,1.0,0.0,0.0,0.79978585,1.0,0.0,0.0,0.58738,0.4251543,0.56228673,0.26094586,0.7492755,0.59363616,0.007624315
adler04a,0.003813078,0.8,0.26576957,0.2414,0.6919,0.08883336,0.6364,0.29702163,0.25,0.8172,0.003826626,0.6,0.21943185,0.0,0.9583,0.27212515,0.8,0.5176892,0.27268636,0.7763,0.027154004,0.0,0.29814816,0.059571434,0.7165,1.0,1.0,1.0,1.0,1.0,0.0,0.0,0.0,0.0,0.0,1.0,0.77516055,1.0,0.0,0.0,0.18516,0.24582493,0.19700411,0.06991894,0.47973502,0.28033748,0.01961377
adler05a,0.0062653543,0.8,0.35856465,0.4082,0.6575,0.29379377,0.5,0.52427584,0.3333,0.7271,0.00617606,0.8,0.3219432,0.0909,0.8199,0.4309509,0.4,0.48096728,0.37498125,0.7087,0.044985723,0.0,0.3814815,0.4167143,0.8072,1.0,1.0,1.0,1.0,1.0,0.0,0.0,0.0,1.0,0.0,0.0,0.6991434,1.0,0.0,0.0,0.35918,0.33534992,0.31271598,0.3680723,0.41849655,0.3337784,0.009867821
adler06a,0.0035499895,0.3,0.3176339,0.1429,0.9,0.1860222,0.3182,0.497756,0.2,0.7338,0.0055136583,0.0,0.18526141,0.0,1.0,0.31366256,0.4,0.36050156,0.22498876,0.8017,0.054284267,0.0,0.38407406,0.09857143,0.6478,1.0,1.0,1.0,1.0,1.0,0.0,1.0,0.0,0.0,0.0,0.0,0.29978588,1.0,0.0,0.0,0.19092,0.32482606,0.27105927,0.14015181,0.48055458,0.32737967,0.014340639
adler08a,0.005351202,0.6,0.30165407,0.3143,0.5521,0.15350498,0.2727,0.41819665,0.1739,0.7052,0.0024326192,0.6,0.46315354,0.0,0.6429,0.39968804,0.4,0.45768026,0.4124794,0.6494,0.03212391,0.0,0.29814816,0.18628572,0.6541,1.0,1.0,1.0,1.0,1.0,0.0,0.0,1.0,0.0,0.0,0.0,0.83832973,1.0,0.0,0.0,0.44842,0.26927343,0.37046596,0.66376466,0.50404286,0.28401417,0.010872976
adler09a,0.0036900025,0.8,0.3905243,0.4167,0.545,0.14374901,0.8182,0.5430437,0.2556,0.6092,0.0028049503,1.0,0.34293947,0.0,0.7071,0.4225763,0.8,0.5575459,0.48522577,0.5603,0.031601544,0.0,0.38185188,0.26785713,0.5572,1.0,1.0,1.0,1.0,1.0,0.0,0.0,1.0,0.0,0.0,0.0,0.9914347,1.0,0.0,0.0,0.4917,0.33869785,0.46070132,0.18780343,0.5358872,0.4006747,0.01159035
adler10a,0.0012412707,0.6,0.13400619,0.0,0.6789,0.070955075,0.1818,0.18359853,0.0455,0.7778,0.0020439865,0.4,0.28818443,0.5,0.8333,0.3352856,0.4,0.39005822,0.27268636,0.9167,0.026552614,0.0,0.23703705,0.119,0.8951,1.0,1.0,1.0,1.0,1.0,1.0,0.0,0.0,0.0,0.0,0.0,0.5460385,1.0,0.0,0.0,0.14546,0.15354128,0.1789929,0.14015181,0.4958811,0.29676,0.0219229
adler11a,0.0016255775,0.2,0.116904974,0.0,1.0,0.035552934,0.0909,0.16850266,0.0,0.6349,0.0,0.0,0.08233841,0.0,1.0,0.09398473,0.0,0.11598746,0.0,0.1944,0.014869463,0.0,0.10851852,0.0,0.2875,1.0,1.0,1.0,1.0,1.0,1.0,0.0,0.0,0.0,0.0,0.0,0.17987151,1.0,0.0,0.0,0.08258,0.17261171,0.11667898,0.0,0.08935678,0.0868407,0.025529722
adler12a,0.004595239,0.8,0.26044297,0.3548,0.7124,0.19050579,0.7727,0.5458996,0.4048,0.7297,0.0043283594,0.8,0.3211198,0.1,0.7339,0.52538645,0.6,0.5450067,0.66656667,0.7198,0.088668,0.0,0.34851852,0.33614287,0.7977,1.0,1.0,1.0,1.0,1.0,0.0,0.0,1.0,0.0,0.0,0.0,0.9314774,1.0,0.0,0.0,0.25284,0.20791538,0.5302686,0.34416804,0.3864157,0.3137953,0.01287718
adler13a,0.00186144,0.6,0.112699755,0.0,0.2704,0.09957442,0.0909,0.16442269,0.0109,0.3073,0.0012944668,0.6,0.11774392,0.0,0.6667,0.19600286,0.4,0.1728616,0.031948403,0.3652,0.01660047,0.0,0.16000001,0.0,0.6014,1.0,1.0,1.0,1.0,1.0,1.0,0.0,0.0,0.0,0.0,0.0,0.59528905,1.0,0.0,0.0,0.2202,0.11617299,0.18099232,0.11190282,0.21884637,0.19246474,0.012910444
adler14a,0.004513641,0.6,0.22736193,0.3714,0.7245,0.06273104,0.3182,0.42350063,0.3,0.9833,0.003961539,0.8,0.29271305,0.3333,0.7255,0.49869895,1.0,0.39901477,0.30448478,0.6472,0.030672332,0.0,0.33037037,0.35714287,0.6848,1.0,1.0,1.0,1.0,1.0,0.0,0.0,0.0,1.0,0.0,0.0,0.8865096,1.0,0.0,0.0,0.37174,0.1593903,0.35797495,0.22852594,0.42378566,0.3457502,0.007876349
adler15a,0.007473709,0.9,0.41435382,0.4545,0.6937,0.29163313,0.8636,0.6425949,0.3514,0.7453,0.0023959011,1.0,0.524084,0.0,0.4872,0.90008104,0.4,0.43663234,0.31063446,0.6426,0.03232966,0.0,0.35185185,0.27771428,0.644,1.0,1.0,1.0,1.0,1.0,0.0,0.0,0.0,1.0,0.0,0.0,0.7719486,1.0,0.0,0.0,0.44978,0.46129605,0.43270382,0.41684514,0.48313996,0.41540727,0.0122037
adler16a,0.005363451,0.6,0.3299692,0.0769,0.5987,0.10966223,0.3636,0.41942063,0.1364,0.683,0.0043618926,0.6,0.39522436,0.0,0.8384,0.37659857,0.2,0.44155842,0.18749063,0.6087,0.034640696,0.0,0.3048148,0.08928572,0.7537,1.0,1.0,1.0,1.0,1.0,1.0,0.0,0.0,0.0,0.0,0.0,0.61027837,1.0,0.0,0.0,0.45006,0.3062445,0.42377698,0.39577192,0.56161445,0.4589469,0.013039615
adler17a,0.004141075,0.7,0.17830111,0.12,0.7897,0.14439271,0.8182,0.26927784,0.102,0.6894,0.00031804957,1.0,0.2733635,0.0,0.7238,0.28908145,0.8,0.338558,0.28123593,0.6703,0.043298554,0.0,0.3025926,0.21228571,0.6757,1.0,1.0,1.0,1.0,1.0,0.0,0.0,1.0,0.0,0.0,0.0,0.92719483,1.0,0.0,0.0,0.12176,0.16882731,0.2363191,0.1794616,0.3640849,0.31120872,0.0073888996
adler18a,0.002775431,0.5,0.27922627,0.2083,0.4196,0.09651691,0.2727,0.4373725,0.2273,0.6098,0.002219218,0.8,0.31906134,0.0,0.8889,0.23413512,0.4,0.43887147,0.29998502,0.8299,0.018557528,0.0,0.24074075,0.35714287,0.8187,1.0,1.0,1.0,1.0,1.0,0.0,0.0,0.0,0.0,0.0,1.0,0.6381156,1.0,0.0,0.0,0.22562,0.18256378,0.35240042,0.38305172,0.5582095,0.26129612,0.019373976
adler19a,0.0017732686,0.1,0.19624336,0.0588,0.7857,0.013504814,0.0,0.33986127,0.0,0.0,0.00208627,0.6,0.2799506,0.0,0.9,0.18816036,0.0,0.4151366,0.0,0.9583,0.00791609,0.0,0.17444445,0.0,0.95,1.0,1.0,1.0,1.0,1.0,1.0,0.0,0.0,0.0,0.0,0.0,0.20877945,1.0,0.0,0.0,0.0767,0.22066538,0.32458764,0.23865052,0.7643232,0.096645184,0.030415606
adler20a,0.008062899,0.8,0.34174377,0.3871,0.6377,0.18715115,0.4091,0.39371684,0.1481,0.656,0.009468252,0.8,0.32935363,0.1,0.951,0.48748615,0.2,0.63502014,0.25003752,0.6987,0.066488184,0.0,0.61333334,0.47614285,0.7006,1.0,1.0,1.0,1.0,1.0,0.0,0.0,1.0,0.0,0.0,0.0,0.8447537,1.0,0.0,0.0,0.5168,0.25520957,0.4043205,0.31233674,0.72953856,0.65050864,0.009409488
adler21a,0.0035536697,0.5,0.35323805,0.3429,0.6468,0.17556584,0.8636,0.52427584,0.2041,0.6135,0.002737184,0.8,0.45286125,0.1429,0.5956,0.3920551,0.4,0.35826242,0.37498125,0.7391,0.044448882,0.0,0.29481483,0.19842857,0.669,1.0,1.0,1.0,1.0,1.0,0.0,0.0,1.0,0.0,0.0,0.0,0.9400428,1.0,0.0,0.0,0.38766,0.41004285,0.4585715,0.23155883,0.41896972,0.29958525,0.011229152
adler23a,0.010305041,0.3,0.28090835,0.2921,0.5988,0.07520338,0.2273,0.41778865,0.4,0.6315,0.00052368216,0.2,0.3157678,0.3333,0.7321,0.59707606,0.2,0.42140615,0.53337336,0.661,0.0686126,0.0,0.44185185,0.3741429,0.6073,1.0,1.0,1.0,1.0,1.0,0.0,1.0,0.0,0.0,0.0,0.0,0.49892935,1.0,0.0,0.0,0.43056,0.238793,0.40948212,0.13213514,0.50502294,0.41727138,0.014931384
adler24a,0.0050052977,0.6,0.33052987,0.4211,0.6951,0.20351791,0.2273,0.6160751,0.7,0.6853,0.0075602285,0.4,0.49403045,0.3333,0.8214,0.51231277,0.0,0.5629198,0.7499625,0.72,0.03450295,0.0,0.30962962,0.2857143,0.6684,1.0,1.0,1.0,1.0,1.0,0.0,0.0,1.0,0.0,0.0,0.0,0.80942184,1.0,0.0,0.0,0.39002,0.3208234,0.40224501,0.27590847,0.5133621,0.207752,0.016133493
adler25a,0.0010030697,0.8,0.3689375,0.1622,0.58,0.043673296,0.7727,0.54793966,0.0968,0.5653,0.00076377246,0.8,0.6039522,0.0,0.7418,0.08626728,0.6,0.4590237,0.076946154,0.5363,0.007846109,0.0,0.5077778,0.16485715,0.6404,1.0,1.0,1.0,1.0,1.0,1.0,0.0,0.0,0.0,0.0,0.0,0.82869375,1.0,0.0,0.0,0.62284,0.3241364,0.5871439,0.6014531,0.6845307,0.6677826,0.02709487
2256_T4,0.008581548,0.8,0.27502105,0.6667,0.7179,0.40621915,0.8636,0.76907384,0.7037,0.7397,0.057121433,0.8,0.41169202,0.3333,0.9238,0.5368403,0.8,0.43708017,0.6226189,0.7927,0.049773317,0.0,0.36037037,0.6348572,0.7595,1.0,1.0,1.0,1.0,1.0,0.0,0.0,0.0,0.0,0.0,1.0,0.58672374,0.0,0.0,0.0,0.27502,0.18267728,0.56869256,0.29605672,0.4314151,0.34753695,0.020642933
2265_T4,0.0074145817,0.8,0.34679005,0.5263,0.7609,0.27083322,0.5909,0.50591594,0.3667,0.7876,0.006881078,0.8,0.3614656,0.2222,0.8916,0.5035997,0.8,0.56739813,0.59997004,0.8109,0.059475157,0.0,0.38925928,0.26371428,0.7886,1.0,1.0,1.0,1.0,1.0,0.0,0.0,0.0,0.0,0.0,1.0,0.58672374,0.0,0.0,0.0,0.32642,0.23479909,0.38266903,0.22128291,0.6542494,0.36162445,0.011365798
2312_T4,0.0,0.0,0.0,0.0,0.0,0.0,0.0,0.0,0.0,0.0,0.0,0.0,0.0,0.0,0.0,0.0,0.0,0.0,0.0,0.0,0.119056694,0.0,0.3751852,0.45257145,0.7668,0.0,0.0,0.0,0.0,1.0,0.0,0.0,0.0,0.0,0.0,1.0,0.58672374,0.0,0.0,0.0,0.0693,0.0,0.0,0.0,0.0,0.35517412,0.009422221
2334_T4,0.0,0.0,0.0,0.0,0.0,0.0,0.0,0.0,0.0,0.0,0.0,0.0,0.0,0.0,0.0,0.0,0.0,0.0,0.0,0.0,0.06707265,0.0,0.28444445,0.27328572,0.6653,0.0,0.0,0.0,0.0,1.0,0.0,0.0,0.0,0.0,0.0,1.0,0.58672374,0.0,0.0,0.0,0.195,0.0,0.0,0.0,0.0,0.30254596,0.009939634
2364_NA,0.0,0.0,0.0,0.0,0.0,0.0,0.0,0.0,0.0,0.0,0.0,0.0,0.0,0.0,0.0,0.0,0.0,0.0,0.0,0.0,0.015612352,0.0,0.3148148,0.0,1.0,0.0,0.0,0.0,0.0,1.0,0.0,0.0,0.0,0.0,0.0,1.0,0.58672374,0.0,0.0,0.0,0.0,0.0,0.0,0.0,0.0,0.22076876,0.07984951
2399_T3,0.0,0.0,0.0,0.0,0.0,0.0,0.0,0.0,0.0,0.0,0.0,0.0,0.0,0.0,0.0,0.0,0.0,0.0,0.0,0.0,0.053970877,0.0,0.34444445,0.34214288,0.7233,0.0,0.0,0.0,0.0,1.0,0.0,0.0,0.0,0.0,0.0,1.0,0.58672374,0.0,0.0,0.0,0.1317,0.0,0.0,0.0,0.0,0.34931725,0.017138705
2399_T4,0.0,0.0,0.0,0.0,0.0,0.0,0.0,0.0,0.0,0.0,0.0,0.0,0.0,0.0,0.0,0.0,0.0,0.0,0.0,0.0,0.07245745,0.0,0.37148148,0.37557143,0.7488,0.0,0.0,0.0,0.0,1.0,0.0,0.0,0.0,0.0,0.0,1.0,0.58672374,0.0,0.0,0.0,0.1379,0.0,0.0,0.0,0.0,0.31889108,0.013999649
2407_T3,0.0007830473,0.0,0.09615925,0.1,0.6964,0.09947504,0.3182,0.22113423,0.1905,0.6705,0.0014351432,0.2,0.25277892,0.0,0.881,0.0,0.0,0.0,0.0,0.0,0.016205233,0.0,0.14074074,0.019285716,0.3321,1.0,1.0,1.0,0.0,1.0,0.0,0.0,0.0,0.0,0.0,1.0,0.58672374,0.0,0.0,0.0,0.12365,0.055386778,0.15275575,0.1579455,0.0,0.133999,0.028913861
2416_T3,0.0,0.0,0.0,0.0,0.0,0.0,0.0,0.0,0.0,0.0,0.0,0.0,0.0,0.0,0.0,0.0,0.0,0.0,0.0,0.0,0.018612238,0.0,0.18851852,0.126,0.8167,0.0,0.0,0.0,0.0,1.0,0.0,0.0,0.0,0.0,0.0,1.0,0.58672374,0.0,0.0,0.0,0.0784,0.0,0.0,0.0,0.0,0.1637608,0.027956601
2416_T4,0.0,0.0,0.0,0.0,0.0,0.0,0.0,0.0,0.0,0.0,0.0,0.0,0.0,0.0,0.0,0.0,0.0,0.0,0.0,0.0,0.025706736,0.0,0.20925927,0.19800001,0.7227,0.0,0.0,0.0,0.0,1.0,0.0,0.0,0.0,0.0,0.0,1.0,0.58672374,0.0,0.0,0.0,0.0446,0.0,0.0,0.0,0.0,0.19651555,0.023145102
2420_T3,0.0027647119,0.7,0.1917578,0.1282,0.5412,0.13563278,0.5909,0.29008567,0.0938,0.572,0.002202823,0.8,0.20584601,0.0,0.873,0.35031155,0.8,0.38110167,0.30553472,0.7069,0.030253656,0.0,0.23074074,0.21157144,0.7787,1.0,1.0,1.0,1.0,1.0,0.0,0.0,0.0,0.0,0.0,1.0,0.58672374,0.0,0.0,0.0,0.21806,0.15913278,0.27496034,0.112121455,0.45836747,0.2567422,0.018921804
2420_T4,0.0036675653,0.8,0.21390526,0.3333,0.7186,0.10155904,0.4545,0.3015096,0.075,0.5329,0.0018076578,0.6,0.33511734,0.0,0.3993,0.27373973,0.6,0.29691,0.4124794,0.6419,0.026698252,0.0,0.32074073,0.528,0.6637,1.0,1.0,1.0,1.0,1.0,0.0,0.0,0.0,0.0,0.0,1.0,0.58672374,0.0,0.0,0.0,0.29264,0.18833861,0.26821226,0.20103377,0.35496,0.31474996,0.017449819
2427_NA,0.0,0.0,0.0,0.0,0.0,0.0,0.0,0.0,0.0,0.0,0.0,0.0,0.0,0.0,0.0,0.0,0.0,0.0,0.0,0.0,0.13194035,0.0,0.36444446,0.47400004,0.7651,0.0,0.0,0.0,0.0,1.0,0.0,0.0,0.0,0.0,0.0,1.0,0.58672374,0.0,0.0,0.0,0.0841,0.0,0.0,0.0,0.0,0.38349107,0.005153834
2432_T2,0.008623022,0.6,0.33978134,0.4151,0.5627,0.4545014,0.2273,0.4018768,0.3962,0.5502,0.0056812735,0.4,0.34252778,0.3793,0.6597,0.50501245,0.4,0.36453202,0.2755362,0.5812,0.033780728,0.0,0.33666667,0.43471432,0.5684,1.0,1.0,1.0,1.0,1.0,0.0,0.0,0.0,0.0,0.0,1.0,0.58672374,0.0,0.0,0.0,0.344,0.38963675,0.27308044,0.2976376,0.4253065,0.4224123,0.011419301
2432_T3,0.0,0.0,0.0,0.0,0.0,0.0,0.0,0.0,0.0,0.0,0.0,0.0,0.0,0.0,0.0,0.0,0.0,0.0,0.0,0.0,0.090002164,0.0,0.37074074,0.38814285,0.6327,0.0,0.0,0.0,0.0,1.0,0.0,0.0,0.0,0.0,0.0,1.0,0.58672374,0.0,0.0,0.0,0.2572,0.0,0.0,0.0,0.0,0.43373907,0.010323437
2432_T4,0.0,0.0,0.0,0.0,0.0,0.0,0.0,0.0,0.0,0.0,0.0,0.0,0.0,0.0,0.0,0.0,0.0,0.0,0.0,0.0,0.06535232,0.0,0.25555557,0.29185715,0.7059,0.0,0.0,0.0,0.0,1.0,0.0,0.0,0.0,0.0,0.0,1.0,0.58672374,0.0,0.0,0.0,0.0796,0.0,0.0,0.0,0.0,0.28465918,0.017202575
2434_T3,0.00073608354,0.1,0.19624336,0.0,1.0,0.034752212,0.0,0.15136679,0.0,1.0,0.0010126818,0.0,0.13709344,0.0,1.0,0.052913863,0.0,0.1567398,0.0,1.0,0.024460986,0.0,0.18962963,0.126,0.9167,1.0,1.0,1.0,1.0,1.0,0.0,0.0,0.0,0.0,0.0,1.0,0.58672374,0.0,0.0,0.0,0.06764,0.13974805,0.075353704,0.04648556,0.07446961,0.16110972,0.024411663
2440_T2,0.0019132354,0.3,0.124194,0.04,0.6161,0.111211225,0.0455,0.17870258,0.1481,0.4732,0.00036780024,0.2,0.30876902,0.0,1.0,0.33441073,0.4,0.24182713,0.08819559,0.569,0.030551923,0.0,0.17037037,0.07942857,0.6892,1.0,1.0,1.0,1.0,1.0,0.0,0.0,0.0,0.0,0.0,1.0,0.58672374,0.0,0.0,0.0,0.10204,0.08987857,0.11394063,0.35749924,0.23760319,0.16412848,0.015151526
2440_T3,0.0046305996,0.7,0.21334457,0.1667,0.7493,0.18599854,0.5,0.34557325,0.0909,0.8614,0.0047863745,0.6,0.32235485,0.0,0.7667,0.33879757,0.4,0.2973578,0.18464077,0.6369,0.028551891,0.0,0.22148149,0.07657143,0.6283,1.0,1.0,1.0,1.0,1.0,0.0,0.0,0.0,0.0,0.0,1.0,0.58672374,0.0,0.0,0.0,0.2219,0.26359898,0.29656294,0.20358454,0.28403053,0.23159885,0.008613028
2440_T4,0.004765319,0.5,0.22427812,0.2143,0.8556,0.20773962,0.5455,0.28967768,0.0476,0.7879,0.0057520405,0.8,0.31288594,0.2,1.0,0.3349666,1.0,0.29198387,0.12929353,0.8004,0.034120493,0.0,0.21888888,0.07514286,0.7371,1.0,1.0,1.0,1.0,1.0,0.0,0.0,0.0,0.0,0.0,1.0,0.58672374,0.0,0.0,0.0,0.18966,0.15716419,0.14511661,0.13075605,0.3019086,0.19597371,0.0122596845
2441_T2,0.006083927,0.5,0.25399497,0.375,0.6381,0.32736123,0.1818,0.39330888,0.4839,0.4984,0.009412276,0.4,0.54549193,0.25,0.6646,0.40365416,0.0,0.338558,0.47367632,0.7484,0.044424023,0.0,0.28037038,0.13471429,0.5655,1.0,1.0,1.0,1.0,1.0,0.0,0.0,0.0,0.0,0.0,1.0,0.58672374,0.0,0.0,0.0,0.05826,0.17165142,0.24816358,0.21847425,0.32023454,0.29868865,0.015686402
2463_T2,0.0,0.0,0.0,0.0,0.0,0.0,0.0,0.0,0.0,0.0,0.0,0.0,0.0,0.0,0.0,0.42044395,0.0,0.2543663,0.16064197,0.5952,0.045995187,0.0,0.18259259,0.077,0.5054,0.0,0.0,0.0,1.0,1.0,0.0,0.0,0.0,0.0,0.0,1.0,0.58672374,0.0,0.0,0.0,0.2683,0.0,0.0,0.0,0.36224303,0.2145958,0.010888716
aprocsa1554a,0.0,0.0,0.0,0.0,0.0,0.0,0.0,0.0,0.0,0.0,0.0,0.0,0.0,0.0,0.0,0.24258628,0.4,0.31616658,0.23683816,0.9398,0.038905237,0.0,0.24814814,0.082428575,0.7719,0.0,0.0,0.0,1.0,1.0,0.0,0.0,0.0,0.0,0.0,1.0,0.58672374,0.0,0.0,0.0,0.2662,0.0,0.0,0.0,0.42633727,0.31277615,0.013014003
aprocsa1713a,0.005677564,0.6,0.2523129,0.2353,0.7719,0.19608083,0.9091,0.38147697,0.2157,0.798,0.0069860495,0.8,0.2844792,0.0,0.7538,0.44372267,0.8,0.41468877,0.52377385,0.8,0.03151738,0.0,0.33777776,0.42014286,0.8442,1.0,1.0,1.0,1.0,1.0,0.0,0.0,0.0,0.0,0.0,1.0,0.58672374,0.0,0.0,0.0,0.22954,0.13634776,0.3037837,0.20038907,0.42693716,0.4046997,0.010344027
aprocsa1731a,0.001387301,0.3,0.18979536,0.075,0.5227,0.17808498,0.2727,0.15463077,0.0,0.6617,0.0015104407,0.6,0.22643062,0.0,0.5917,0.2614754,0.6,0.20241827,0.0125993695,0.5083,0.032251313,0.0,0.14037037,0.009000001,0.4955,1.0,1.0,1.0,1.0,1.0,0.0,0.0,0.0,0.0,0.0,1.0,0.58672374,0.0,0.0,0.0,0.11618,0.29150406,0.13858041,0.16964537,0.23944508,0.12686495,0.01441438
aprocsa1738a,0.0042222007,0.7,0.32576397,0.375,0.9184,0.1566375,0.8182,0.56874746,0.2571,0.8209,0.004971159,0.8,0.562783,0.3333,0.8875,0.35851356,0.6,0.4043887,0.20833959,0.7542,0.046968162,0.0,0.33333334,0.19228572,0.7743,1.0,1.0,1.0,1.0,1.0,0.0,0.0,0.0,0.0,0.0,1.0,0.58672374,0.0,0.0,0.0,0.36474,0.28643638,0.49538177,0.5795951,0.5453839,0.4720282,0.014005462
aprocsa1833a,0.004408405,0.5,0.31006452,0.5294,0.7091,0.15242827,0.6818,0.40146878,0.16,0.7839,0.004870492,0.8,0.2519555,0.0,0.7436,0.26642472,0.8,0.380206,0.3856307,0.6598,0.03564992,0.0,0.3288889,0.3074286,0.7127,1.0,1.0,1.0,1.0,1.0,0.0,0.0,0.0,0.0,0.0,1.0,0.58672374,0.0,0.0,0.0,0.45276,0.18996674,0.33262342,0.13714136,0.5462541,0.34576312,0.01422534
aprocsa1944a,0.006130626,0.9,0.29800954,0.2326,0.5948,0.2859892,0.8636,0.5365157,0.3471,0.6128,0.0050794333,0.8,0.52161384,0.0667,0.5434,0.37201396,0.8,0.42274964,0.25783712,0.6398,0.028837735,0.0,0.33925927,0.3174286,0.6564,1.0,1.0,1.0,1.0,1.0,0.0,0.0,0.0,0.0,0.0,1.0,0.58672374,0.0,0.0,0.0,0.5215,0.2555762,0.4281453,0.32137373,0.59265614,0.4175552,0.0129567925
Baycrest10450a,0.0055266074,0.1,0.25567704,0.0625,0.61,0.25251815,0.2727,0.34271723,0.2041,0.5659,0.0,0.0,0.0,0.0,0.0,0.0,0.0,0.0,0.0,0.0,0.09660938,0.0,0.29296297,0.12985714,0.6385,1.0,1.0,0.0,0.0,1.0,0.0,0.0,0.0,0.0,0.0,1.0,0.58672374,0.0,0.0,0.0,0.4233,0.127727,0.22182861,0.0,0.0,0.26207018,0.010245316
Baycrest10634a,0.010328478,0.7,0.30838242,0.4118,0.6777,0.48026788,0.5909,0.50714,0.45,0.7022,0.0,0.0,0.0,0.0,0.0,0.0,0.0,0.0,0.0,0.0,0.06900554,0.0,0.30592594,0.33385715,0.6833,1.0,1.0,0.0,0.0,1.0,0.0,0.0,0.0,0.0,0.0,1.0,0.85438967,1.0,0.0,0.0,0.23526667,0.2521148,0.38492927,0.0,0.0,0.26873338,0.007605041
Baycrest11254a,0.0,0.0,0.0,0.0,0.0,0.11543083,0.4091,0.17666258,0.0367,0.4743,0.0,0.0,0.0,0.0,0.0,0.0,0.0,0.0,0.0,0.0,0.0,0.0,0.0,0.0,0.0,0.0,1.0,0.0,0.0,0.0,0.0,0.0,0.0,0.0,0.0,1.0,0.62205565,1.0,0.0,0.0,0.1468,0.0,0.13079455,0.0,0.0,0.0,0.012227063
Baycrest11458a,0.002188906,0.4,0.1794225,0.25,0.4382,0.09987826,0.3182,0.29783762,0.1579,0.4731,0.0,0.0,0.0,0.0,0.0,0.0,0.0,0.0,0.0,0.0,0.019427083,0.0,0.22740741,0.15357144,0.5233,1.0,1.0,0.0,0.0,1.0,0.0,0.0,0.0,0.0,0.0,1.0,0.47965738,1.0,0.0,0.0,0.39466667,0.16266401,0.2617304,0.0,0.0,0.25826448,0.018388184
Baycrest12072a,0.003685172,0.7,0.228203,0.4286,0.875,0.1392564,0.7727,0.29620564,0.2,0.7942,0.0,0.0,0.0,0.0,0.0,0.0,0.0,0.0,0.0,0.0,0.025672218,0.0,0.31666666,0.123571426,0.7548,1.0,1.0,0.0,0.0,1.0,0.0,0.0,0.0,0.0,0.0,1.0,0.55995715,1.0,0.0,0.0,0.0938,0.17042924,0.22850607,0.0,0.0,0.23782985,0.013761079
Baycrest12207a,0.0,0.0,0.0,0.0,0.0,0.0,0.0,0.0,0.0,0.0,0.0,0.0,0.0,0.0,0.0,0.0,0.0,0.0,0.0,0.0,0.03562908,0.0,0.19518518,0.066,0.4437,0.0,0.0,0.0,0.0,1.0,0.0,0.0,0.0,0.0,0.0,1.0,0.26552463,1.0,0.0,0.0,0.3692,0.0,0.0,0.0,0.0,0.24732473,0.019208942
Baycrest12288a,0.0073819365,0.7,0.27754417,0.1463,0.58,0.39824465,0.7727,0.41697267,0.1286,0.5935,0.0,0.0,0.0,0.0,0.0,0.0,0.0,0.0,0.0,0.0,0.046483066,0.0,0.3962963,0.22642858,0.552,1.0,1.0,0.0,0.0,1.0,0.0,0.0,0.0,0.0,0.0,1.0,0.63918626,1.0,0.0,0.0,0.5828,0.2693782,0.36809707,0.0,0.0,0.4035064,0.007571222
Baycrest12308a,0.0043584346,0.5,0.22147465,0.1818,0.9,0.10662783,0.4091,0.22439821,0.0833,0.731,0.0,0.0,0.0,0.0,0.0,0.0,0.0,0.0,0.0,0.0,0.026681786,0.0,0.3414815,0.3297143,0.641,1.0,1.0,0.0,0.0,1.0,0.0,0.0,0.0,0.0,0.0,1.0,0.8008565,1.0,0.0,0.0,0.1813,0.20046008,0.15312521,0.0,0.0,0.38996074,0.024226595
Baycrest12331a,0.011609024,0.8,0.26745167,0.2821,0.7273,0.4529531,0.8636,0.4365565,0.2857,0.7964,0.0,0.0,0.0,0.0,0.0,0.0,0.0,0.0,0.0,0.0,0.056555394,0.0,0.39111114,0.4552857,0.6977,1.0,1.0,0.0,0.0,1.0,0.0,0.0,0.0,0.0,0.0,1.0,0.9700214,1.0,0.0,0.0,0.40396667,0.22099276,0.25752506,0.0,0.0,0.38829654,0.0074234186
Baycrest9336a,0.0050940746,1.0,0.29492575,0.3636,0.6414,0.33872187,0.8636,0.37250102,0.3647,0.6305,0.0,0.0,0.0,0.0,0.0,0.0,0.0,0.0,0.0,0.0,0.031513683,0.0,0.34592593,0.39142856,0.6761,1.0,1.0,0.0,0.0,1.0,0.0,0.0,0.0,0.0,0.0,1.0,0.83618844,1.0,0.0,0.0,0.3671,0.25294414,0.34520134,0.0,0.0,0.34862706,0.007962151
BU01a,0.007972039,0.9,0.3288478,0.4247,0.6816,0.17236541,0.6818,0.5650755,0.2727,0.8631,0.006416834,1.0,0.47838613,0.3846,0.7333,0.7203998,1.0,0.47828034,0.58257085,0.7101,0.040513314,0.0,0.46074072,0.71428573,0.7223,1.0,1.0,1.0,1.0,1.0,0.0,0.0,1.0,0.0,0.0,0.0,0.9154175,1.0,0.0,0.0,0.38718,0.35382238,0.5059657,0.26674256,0.5000211,0.43459696,0.005041134
BU02a,0.002723453,0.5,0.29913095,0.2778,0.6118,0.15057838,0.5455,0.32762137,0.2045,0.7543,0.0029485708,0.8,0.39110744,0.0,0.6603,0.20741737,0.0,0.2091357,0.0,1.0,0.07305917,0.0,0.25481483,0.055,0.6212,1.0,1.0,1.0,1.0,1.0,0.0,0.0,0.0,0.0,0.0,1.0,0.67773014,1.0,0.0,0.0,0.25692,0.23819065,0.26816878,0.26945588,0.14287283,0.27551264,0.015776528
BU03a,0.0027286655,0.7,0.32744607,0.1923,0.6973,0.10081411,0.5,0.48714808,0.4118,0.871,0.0018108599,0.8,0.21943185,0.0,0.9333,0.4708233,0.2,0.55217195,0.3461827,0.8953,0.042061087,0.0,0.4948148,0.51014286,0.8772,1.0,1.0,1.0,1.0,1.0,0.0,0.0,0.0,1.0,0.0,0.0,0.8319058,1.0,0.0,0.0,0.34572,0.34971496,0.5077967,0.06991894,0.5213971,0.64338744,0.024379978
BU04a,0.006204221,0.9,0.36389124,0.5152,0.6376,0.3494684,0.7273,0.6103631,0.4103,0.671,0.0031163222,0.8,0.6998765,0.4,0.8258,0.0,0.0,0.0,0.0,0.0,0.061509006,0.0,0.22555557,0.11742857,0.6285,1.0,1.0,1.0,0.0,1.0,0.0,0.0,1.0,0.0,0.0,0.0,0.90899354,1.0,0.0,0.0,0.37595,0.28611773,0.4624291,0.4033233,0.0,0.22547105,0.016031774
BU05a,0.0047719656,0.7,0.24642558,0.2105,0.5822,0.1952864,0.8636,0.33088535,0.1316,0.5785,0.0034463387,0.8,0.28818443,0.0,0.7778,0.40220782,0.6,0.39229736,0.3817309,0.7094,0.09119111,0.0,0.3314815,0.3382857,0.6611,1.0,1.0,1.0,1.0,1.0,0.0,0.0,1.0,0.0,0.0,0.0,0.850107,1.0,0.0,0.0,0.31336,0.24884549,0.27345532,0.18286449,0.3771809,0.36410785,0.006639341
BU06a,0.005511346,0.7,0.3835156,0.4545,0.6954,0.2054069,0.5909,0.6026112,0.3125,0.7356,0.0080468,0.8,0.39522436,0.0,0.8531,0.5159549,0.6,0.7532467,0.499925,0.755,0.055821896,0.0,0.46296296,0.30071428,0.8215,1.0,1.0,1.0,1.0,1.0,0.0,0.0,1.0,0.0,0.0,0.0,0.96788,1.0,0.0,0.0,0.30474,0.29064855,0.461424,0.24410523,0.81137574,0.48865712,0.014157937
BU07a,0.0030340322,0.5,0.19736475,0.102,0.487,0.1334393,0.3636,0.2855977,0.075,0.6156,0.0025878125,0.6,0.19761218,0.0,0.7679,0.38178995,0.8,0.26466635,0.09089546,0.7288,0.038817197,0.0,0.2325926,0.17,0.5797,1.0,1.0,1.0,1.0,1.0,1.0,0.0,0.0,0.0,0.0,0.0,0.5492505,1.0,0.0,0.0,0.26566,0.24198814,0.24741922,0.10870736,0.29862195,0.25992864,0.010127798
BU08a,0.002725918,0.4,0.19876648,0.1034,0.454,0.04144521,0.1364,0.27866176,0.0625,0.7949,0.0011102291,0.6,0.21490324,0.0,0.7976,0.23655464,0.0,0.2973578,0.14639267,0.7353,0.016400686,0.0,0.26555556,0.062142856,0.6591,1.0,1.0,1.0,1.0,1.0,1.0,0.0,0.0,0.0,0.0,0.0,0.4229122,1.0,0.0,0.0,0.3418,0.2297183,0.3412025,0.20064695,0.36878258,0.2852591,0.019406918
BU09a,0.011924088,0.8,0.3540791,0.3158,0.5787,0.4197565,0.6818,0.5520196,0.5294,0.6295,0.006402716,0.6,0.40592834,0.1429,0.6032,0.92641205,0.4,0.5275414,0.48522577,0.6077,0.07904752,0.0,0.39740738,0.381,0.6683,1.0,1.0,1.0,1.0,1.0,0.0,0.0,0.0,1.0,0.0,0.0,0.6970021,1.0,0.0,0.0,0.3441,0.2859475,0.422435,0.32385722,0.57501453,0.41291744,0.005606238
BU10a,0.0021203535,0.8,0.2469863,0.1622,0.8279,0.06081174,0.7273,0.30803755,0.0645,0.7203,0.0045288615,0.8,0.37052283,0.0,1.0,0.18081322,0.6,0.322884,0.18944053,0.6223,0.01769942,0.0,0.24777777,0.067,0.6165,1.0,1.0,1.0,1.0,1.0,0.0,1.0,0.0,0.0,0.0,0.0,0.69486076,1.0,0.0,0.0,0.31544,0.1975312,0.2311738,0.34558076,0.38260517,0.2532397,0.022975395
BU11a,0.0075491676,0.8,0.27614245,0.1493,0.5998,0.2639349,1.0,0.51978785,0.3778,0.6965,0.004900327,1.0,0.5825442,0.3846,0.6256,0.6124723,0.8,0.50022393,0.46152693,0.7353,0.049144015,0.0,0.36703703,0.38957146,0.6797,1.0,1.0,1.0,1.0,1.0,0.0,0.0,1.0,0.0,0.0,0.0,0.8329764,0.0,0.0,0.0,0.2042,0.20041205,0.33610612,0.2846147,0.50366265,0.3934955,0.0056416336
BU12a,0.006390789,0.8,0.29128122,0.3191,0.6567,0.22046936,0.6818,0.39045286,0.1731,0.6288,0.005880991,1.0,0.30177027,0.0,0.6872,0.31199366,0.6,0.51500225,0.115344234,0.8129,0.0965338,0.0,0.36814815,0.30357143,0.7197,1.0,1.0,1.0,1.0,1.0,0.0,0.0,1.0,0.0,0.0,0.0,0.974304,1.0,0.0,0.0,0.18716,0.20826457,0.3301567,0.06991894,0.5553706,0.3614761,0.010265993
fridriksson01a,0.0,0.0,0.0,0.0,0.0,0.0,0.0,0.0,0.0,0.0,0.0,0.0,0.0,0.0,0.0,0.35327348,0.2,0.31706223,0.13949303,0.6639,0.0,0.0,0.0,0.0,0.0,0.0,0.0,0.0,1.0,0.0,0.0,0.0,1.0,0.0,0.0,0.0,0.9143468,1.0,0.0,0.0,0.0233,0.0,0.0,0.0,0.3504651,0.0,0.009204416
fridriksson10a,0.0,0.0,0.0,0.0,0.0,0.013375007,0.2727,0.14891881,0.087,0.4261,0.0,0.0,0.0,0.0,0.0,0.0,0.0,0.0,0.0,0.0,0.0,0.0,0.0,0.0,0.0,0.0,1.0,0.0,0.0,0.0,1.0,0.0,0.0,0.0,0.0,0.0,0.6531049,1.0,0.0,0.0,0.0,0.0,0.07654902,0.0,0.0,0.0,0.1830548
fridriksson13a,0.0,0.0,0.0,0.0,0.0,0.0,0.0,0.0,0.0,0.0,0.0,0.0,0.0,0.0,0.0,0.0,0.0,0.0,0.0,0.0,0.0046469984,0.0,0.19259259,0.0,0.5077,0.0,0.0,0.0,0.0,1.0,0.0,0.0,0.0,1.0,0.0,0.0,0.77516055,1.0,0.0,0.0,0.0,0.0,0.0,0.0,0.0,0.16906941,0.24679834
tucson14a,0.0,0.0,0.0,0.0,0.0,0.1240385,0.4545,0.14402285,0.0652,0.6029,0.0,0.0,0.0,0.0,0.0,0.0,0.0,0.0,0.0,0.0,0.0,0.0,0.0,0.0,0.0,0.0,1.0,0.0,0.0,0.0,1.0,0.0,0.0,0.0,0.0,0.0,0.43576017,1.0,0.0,0.0,0.0,0.0,0.07920045,0.0,0.0,0.0,0.008276973
tucson15a,0.0,0.0,0.0,0.0,0.0,0.42762274,0.4091,0.28314975,0.1154,0.6866,0.0,0.0,0.0,0.0,0.0,0.0,0.0,0.0,0.0,0.0,0.0,0.0,0.0,0.0,0.0,0.0,1.0,0.0,0.0,0.0,0.0,1.0,0.0,0.0,0.0,0.0,0.45931476,1.0,0.0,0.0,0.0,0.0,0.15973203,0.0,0.0,0.0,0.0033839345
williamson21a,0.0,0.0,0.0,0.0,0.0,0.0,0.0,0.0,0.0,0.0,0.0001152694,0.0,0.11856731,0.0,0.6,0.0,0.0,0.0,0.0,0.0,0.0,0.0,0.0,0.0,0.0,0.0,0.0,1.0,0.0,0.0,0.0,0.0,0.0,0.0,1.0,0.0,0.1809422,1.0,0.0,0.0,0.0,0.0,0.0,0.067895144,0.0,0.0,0.24765292
cmu01a,0.0066730194,0.875,0.38631907,0.2222,0.6563,0.12243144,0.6364,0.49082005,0.186,0.5555,0.004348125,0.8,0.32441333,0.0,0.7571,0.36699772,0.6,0.5257501,0.20458977,0.7454,0.049950838,0.0,0.32703704,0.19042858,0.6592,1.0,1.0,1.0,1.0,1.0,0.0,0.0,0.0,0.0,0.0,1.0,0.58672374,0.0,0.0,0.0,0.41832,0.1522929,0.4015876,0.28447455,0.7932188,0.356032,0.013376574
cmu01b,0.004299587,0.5,0.29548642,0.4167,0.5891,0.1655496,0.7273,0.40514076,0.1143,0.5863,0.00439915,1.0,0.36023054,0.25,0.8619,0.44789758,0.4,0.3631885,0.17639118,0.7424,0.02990122,0.0,0.29148147,0.17857143,0.6859,1.0,1.0,1.0,1.0,1.0,0.0,0.0,0.0,0.0,0.0,1.0,0.58672374,0.0,0.0,0.0,0.3254,0.20265563,0.3270652,0.28722712,0.4405147,0.30264914,0.012163165
cmu02a,0.0006418309,0.3,0.13092236,0.0182,0.4632,0.061241675,0.1364,0.25050998,0.0,0.501,0.0027609505,0.6,0.21943185,0.0,0.5662,0.17200151,0.0,0.22839229,0.0,0.5368,0.015130825,0.0,0.17555554,0.0,0.3921,1.0,1.0,1.0,1.0,1.0,0.0,0.0,0.0,0.0,0.0,1.0,0.58672374,0.0,0.0,0.0,0.10434,0.1331177,0.2547541,0.18686724,0.2687209,0.19639944,0.029089527
cmu02b,0.0015059576,0.8,0.18755259,0.0,0.6214,0.055906184,0.2727,0.18931048,0.0,0.7639,5.7516423e-05,0.6,0.37052283,0.0,0.8951,0.18930314,0.4,0.2431706,0.0,0.5731,0.011832805,0.0,0.22666666,0.052857146,0.6678,1.0,1.0,1.0,1.0,1.0,1.0,0.0,0.0,0.0,0.0,0.0,0.6359742,1.0,0.0,0.0,0.27538,0.24729593,0.21975856,0.24203658,0.38012117,0.26671442,0.040987425
cmu03a,0.0033591902,0.6,0.24642558,0.5,0.7453,0.1219928,0.6818,0.4867401,0.3,0.6429,0.0049872156,0.6,0.49403045,0.6667,0.9107,0.26880562,0.0,0.42543662,0.29998502,0.9,0.027571494,0.0,0.2614815,0.42014286,0.9292,1.0,1.0,1.0,1.0,1.0,0.0,0.0,1.0,0.0,0.0,0.0,0.9432548,1.0,0.0,0.0,0.49888,0.17277323,0.4599461,0.39904588,0.30097923,0.1988312,0.024830688
fridriksson01a,0.006472523,0.9,0.31006452,0.2353,0.6764,0.43994865,0.9091,0.3402693,0.1339,0.6744,0.004691453,0.8,0.28818443,0.0,0.7864,0.45676935,0.2,0.33452752,0.17444128,0.6414,0.058124162,0.0,0.29962963,0.2244286,0.5962,1.0,1.0,1.0,1.0,1.0,0.0,0.0,1.0,0.0,0.0,0.0,0.9143468,1.0,0.0,0.0,0.25906,0.24562415,0.27228177,0.20527756,0.41606325,0.36396593,0.005505483
fridriksson02a,0.008442604,0.6,0.23016542,0.3095,0.6074,0.33590323,0.9091,0.38106894,0.1977,0.626,0.0007648655,1.0,0.3367641,0.1765,0.6047,0.41848937,0.6,0.4173757,0.3461827,0.6116,0.05697681,0.0,0.31962964,0.2317143,0.7571,1.0,1.0,1.0,1.0,1.0,0.0,0.0,1.0,0.0,0.0,0.0,0.9389721,1.0,0.0,0.0,0.39032,0.18426612,0.37207422,0.2805559,0.438394,0.39773983,0.016687937
fridriksson03a,0.0012994563,0.6,0.21334457,0.1212,0.6494,0.06222451,0.3182,0.24071808,0.0,0.6732,0.00011202304,0.6,0.30012348,0.0,0.756,0.35773125,0.4,0.2955665,0.05939703,0.4489,0.022116125,0.0,0.24703704,0.22314288,0.8205,1.0,1.0,1.0,1.0,1.0,1.0,0.0,0.0,0.0,0.0,0.0,0.49250534,1.0,0.0,0.0,0.29476,0.317637,0.25361854,0.14940184,0.3553233,0.3694874,0.03306394
fridriksson03b,0.0013878979,0.2,0.1012055,0.0,0.8857,0.039734863,0.0455,0.13096696,0.0,1.0,2.2075032e-05,0.4,0.16467682,0.0,1.0,0.12695178,0.0,0.122257054,0.0,1.0,0.01323437,0.0,0.12740742,0.0,0.6894,1.0,1.0,1.0,1.0,1.0,1.0,0.0,0.0,0.0,0.0,0.0,0.31049252,1.0,0.0,0.0,0.04038,0.08794053,0.08563884,0.0,0.10235136,0.13307016,0.02233909
fridriksson04a,0.006295438,0.8,0.27137655,0.1818,0.7443,0.07056971,0.5,0.4031008,0.0,0.9182,0.00011161159,0.6,0.17826265,0.0,1.0,0.35277572,0.6,0.4155844,0.3157342,0.783,0.01857986,0.0,0.38333336,0.35714287,0.7528,1.0,1.0,1.0,1.0,1.0,0.0,0.0,1.0,0.0,0.0,0.0,0.89935756,1.0,0.0,0.0,0.17992,0.2446464,0.24364312,0.052854054,0.40955752,0.3216131,0.02946492
fridriksson05a,0.0033463347,0.6,0.2624054,0.3571,0.8024,0.13410826,0.7727,0.7307221,0.3846,0.8116,7.226927e-05,0.8,0.23342939,0.0,0.9667,0.40332457,1.0,0.5450067,0.4541773,0.7026,0.01609273,0.0,0.46407408,0.5262857,0.7871,1.0,1.0,1.0,1.0,1.0,0.0,0.0,1.0,0.0,0.0,0.0,0.99036396,1.0,0.0,0.0,0.37796,0.1867847,0.69697154,0.17329493,0.61573035,0.5128652,0.013969977
fridriksson06a,0.0049760267,0.7,0.35576117,0.075,0.3462,0.18692233,0.1364,0.4230926,0.0545,0.4118,0.003117963,0.6,0.37628654,0.0417,0.3137,0.37857422,0.4,0.32646662,0.12119394,0.4441,0.022885984,0.0,0.21333334,0.0,0.4705,1.0,1.0,1.0,1.0,1.0,0.0,0.0,0.0,1.0,0.0,0.0,0.5224839,1.0,0.0,0.0,0.6399,0.4843604,0.56657904,0.45378354,0.6083544,0.4173746,0.013200239
fridriksson06b,0.0015977566,0.8,0.25399497,0.0676,0.4612,0.0,0.0,0.0,0.0,0.0,0.0,0.0,0.0,0.0,0.0,0.26411164,0.2,0.36721897,0.14519274,0.6008,0.02121547,0.0,0.21851853,0.0,0.5,1.0,0.0,0.0,1.0,1.0,1.0,0.0,0.0,0.0,0.0,0.0,0.63383293,1.0,0.0,0.0,0.58993334,0.35873732,0.0,0.0,0.6745102,0.38358137,0.033914752
fridriksson08b,0.0070142625,0.0,0.14017382,0.0,0.0,0.029487431,0.0,0.12239902,0.0,1.0,0.0,0.0,0.0,0.0,0.0,0.16819093,0.0,0.1630094,0.0,0.8,0.009082652,0.0,0.115555555,0.0,0.8333,1.0,1.0,0.0,1.0,1.0,1.0,0.0,0.0,0.0,0.0,0.0,0.23447537,1.0,0.0,0.0,0.042475,0.0,0.050502032,0.0,0.1837238,0.0909044,0.039827168
fridriksson09a,0.0032588488,0.6,0.22427812,0.1471,0.6088,0.18506877,0.6364,0.3994288,0.1,0.6329,0.00014158113,0.4,0.57636887,0.0,0.9333,0.2564574,0.4,0.33631885,0.081445925,0.5557,0.010474002,0.0,0.2788889,0.19485715,0.8655,1.0,1.0,1.0,1.0,1.0,0.0,0.0,1.0,0.0,0.0,0.0,0.96359736,1.0,0.0,0.0,0.4315,0.20785427,0.33215612,0.4052294,0.48112065,0.41140804,0.025435565
fridriksson09b,0.0032644235,0.4,0.20465378,0.1613,0.5519,0.14613724,0.7727,0.4120767,0.24,0.6376,0.0017988839,0.8,0.22149032,0.0,0.6941,0.27808914,0.4,0.36184505,0.28843558,0.7906,0.022179443,0.0,0.3288889,0.134,0.7134,1.0,1.0,1.0,1.0,1.0,0.0,0.0,1.0,0.0,0.0,0.0,0.9421841,1.0,0.0,0.0,0.38518,0.19898035,0.31122184,0.1644934,0.30435884,0.40607363,0.014776367
fridriksson10a,0.0019211813,0.5,0.14634147,0.0,0.5977,0.04446147,0.3636,0.18359853,0.0435,0.4969,0.002367627,0.8,0.11650884,0.0,0.75,0.18448162,0.6,0.21003135,0.031648416,0.4315,0.008046703,0.0,0.13925926,0.0,0.5263,1.0,1.0,1.0,1.0,1.0,1.0,0.0,0.0,0.0,0.0,0.0,0.6531049,1.0,0.0,0.0,0.52686,0.13306096,0.15736857,0.052854054,0.30130875,0.1527114,0.0168999
fridriksson10b,0.0025991783,0.4,0.1317634,0.0,0.6105,0.2695444,0.3636,0.1631987,0.0588,0.5553,0.0,0.0,0.0,0.0,0.0,0.28992164,0.2,0.17913121,0.0,0.6167,0.03271736,0.0,0.19259259,0.0,0.5888,1.0,1.0,0.0,1.0,1.0,1.0,0.0,0.0,0.0,0.0,0.0,0.7087794,1.0,0.0,0.0,0.43735,0.11374171,0.15078892,0.0,0.2614632,0.3060614,0.019328913
fridriksson12a,0.009791259,0.4,0.19960752,0.2308,0.5741,0.39841402,0.3636,0.3141575,0.25,0.5772,0.0038052765,0.4,0.28818443,0.0,0.75,0.6682036,0.6,0.3528885,0.19664016,0.5451,0.041528568,0.0,0.2537037,0.23257144,0.5839,1.0,1.0,1.0,1.0,1.0,1.0,0.0,0.0,0.0,0.0,0.0,0.61349034,1.0,0.0,0.0,0.2296,0.16117558,0.2535805,0.19571361,0.32290444,0.2185047,0.00552578
fridriksson13a,0.0026628557,1.0,0.27866554,0.125,0.5473,0.061505254,0.3636,0.44308445,0.0,0.5625,0.002188056,0.6,0.6998765,0.0,0.9583,0.2815629,0.6,0.3882669,0.119994,0.5654,0.017935885,0.0,0.21925926,0.032428574,0.4452,1.0,1.0,1.0,1.0,1.0,0.0,0.0,0.0,1.0,0.0,0.0,0.77516055,1.0,0.0,0.0,0.52544,0.30032563,0.41595852,0.0,0.5954274,0.36623645,0.013816771
1003-1,0.013241089,0.2,0.22596022,0.2941,0.8338,0.47830003,0.2727,0.5079559,0.4595,0.6914,0.007265057,0.6,0.31288594,0.1,0.819,0.0,0.0,0.0,0.0,0.0,0.0,0.0,0.0,0.0,0.0,1.0,1.0,1.0,0.0,0.0,0.0,1.0,0.0,0.0,0.0,0.0,0.3608137,1.0,0.0,0.0,0.18966667,0.229081,0.30657098,0.22730382,0.0,0.0,0.013092271
1003-2,0.012025324,0.4,0.2523129,0.3333,0.8093,0.56084794,0.1818,0.5361077,0.4493,0.6751,0.007965319,0.6,0.46027172,0.1818,0.7857,0.0,0.0,0.0,0.0,0.0,0.0,0.0,0.0,0.0,0.0,1.0,1.0,1.0,0.0,0.0,0.0,1.0,0.0,0.0,0.0,0.0,0.3608137,1.0,0.0,0.0,0.36756667,0.19179128,0.3113794,0.41840363,0.0,0.0,0.012957523
1003-3,0.013212347,0.2,0.28034765,0.3077,0.8617,0.353639,0.4545,0.49082005,0.5132,0.6772,0.008524934,0.4,0.35817206,0.2,0.7202,0.0,0.0,0.0,0.0,0.0,0.0,0.0,0.0,0.0,0.0,1.0,1.0,1.0,0.0,0.0,0.0,1.0,0.0,0.0,0.0,0.0,0.3608137,1.0,0.0,0.0,0.26836666,0.21351998,0.45776197,0.18669343,0.0,0.0,0.011786224
1003-4,0.01271663,0.2,0.28034765,0.4211,0.7664,0.50050133,0.4545,0.46797228,0.3699,0.6588,0.0069117076,0.8,0.3108275,0.1818,0.8462,0.0,0.0,0.0,0.0,0.0,0.0,0.0,0.0,0.0,0.0,1.0,1.0,1.0,0.0,0.0,0.0,1.0,0.0,0.0,0.0,0.0,0.3608137,1.0,0.0,0.0,0.29713333,0.25680712,0.3467281,0.16051869,0.0,0.0,0.009409021
1003-5,0.013779681,0.4,0.25091115,0.2381,0.8,0.49245155,0.4091,0.44430846,0.3222,0.6384,0.0070878076,0.6,0.28818443,0.0667,0.8952,0.0,0.0,0.0,0.0,0.0,0.0,0.0,0.0,0.0,0.0,1.0,1.0,1.0,0.0,0.0,0.0,1.0,0.0,0.0,0.0,0.0,0.3608137,1.0,0.0,0.0,0.1508,0.2390418,0.28569102,0.16222292,0.0,0.0,0.007674605
1003-6,0.012960923,0.2,0.18979536,0.1538,0.6796,0.47280836,0.3636,0.47694817,0.4242,0.6982,0.006530443,0.6,0.32729515,0.15,0.6978,0.0,0.0,0.0,0.0,0.0,0.0,0.0,0.0,0.0,0.0,1.0,1.0,1.0,0.0,0.0,0.0,1.0,0.0,0.0,0.0,0.0,0.3608137,1.0,0.0,0.0,0.209,0.093715355,0.31329736,0.19306193,0.0,0.0,0.008152913
1003-LARC,0.013860573,0.4,0.19315954,0.0556,0.9048,0.48356086,0.4545,0.49408403,0.3977,0.7271,0.0065083834,0.6,0.33388224,0.1111,0.7451,0.0,0.0,0.0,0.0,0.0,0.0,0.0,0.0,0.0,0.0,1.0,1.0,1.0,0.0,0.0,0.0,1.0,0.0,0.0,0.0,0.0,0.3608137,1.0,0.0,0.0,0.2138,0.12787977,0.32907006,0.30718476,0.0,0.0,0.003925996
1006-1,0.0038833695,0.3,0.063078225,0.0,1.0,0.40084976,0.1364,0.18931048,0.0,0.3073,0.004963221,0.2,0.14697406,0.0,0.8286,0.0,0.0,0.0,0.0,0.0,0.0,0.0,0.0,0.0,0.0,1.0,1.0,1.0,0.0,0.0,1.0,0.0,0.0,0.0,0.0,0.0,0.48929337,1.0,0.0,0.0,0.0915,0.017459778,0.09264773,0.06603953,0.0,0.0,0.022713287
1006-2,0.005811729,0.2,0.09615925,0.0,0.7667,0.492892,0.2727,0.22358221,0.0476,0.3464,0.008878644,0.6,0.19884725,0.0,0.7556,0.0,0.0,0.0,0.0,0.0,0.0,0.0,0.0,0.0,0.0,1.0,1.0,1.0,0.0,0.0,1.0,0.0,0.0,0.0,0.0,0.0,0.48929337,1.0,0.0,0.0,0.027766667,0.059158087,0.12541565,0.09475945,0.0,0.0,0.032008585
1006-3,0.008105699,0.1,0.13316514,0.0,1.0,0.4134116,0.2273,0.2231742,0.0682,0.4105,0.0070017795,0.2,0.21284479,0.0,0.7375,0.0,0.0,0.0,0.0,0.0,0.0,0.0,0.0,0.0,0.0,1.0,1.0,1.0,0.0,0.0,1.0,0.0,0.0,0.0,0.0,0.0,0.48929337,1.0,0.0,0.0,0.041666668,0.08998769,0.16943039,0.08814428,0.0,0.0,0.033532552
1006-4,0.012508947,0.3,0.124194,0.0,1.0,0.43073118,0.2727,0.21787027,0.0714,0.4353,0.006402152,0.4,0.14903252,0.0,0.7083,0.0,0.0,0.0,0.0,0.0,0.0,0.0,0.0,0.0,0.0,1.0,1.0,1.0,0.0,0.0,1.0,0.0,0.0,0.0,0.0,0.0,0.48929337,1.0,0.0,0.0,0.0357,0.043199856,0.15333167,0.054277997,0.0,0.0,0.026703415
1006-5,0.0053736,0.5,0.12952061,0.0,0.9762,0.46960318,0.3636,0.23949409,0.0667,0.3592,0.0074667395,0.8,0.21037464,0.1111,0.7625,0.0,0.0,0.0,0.0,0.0,0.0,0.0,0.0,0.0,0.0,1.0,1.0,1.0,0.0,0.0,1.0,0.0,0.0,0.0,0.0,0.0,0.48929337,1.0,0.0,0.0,0.1,0.09194755,0.15471715,0.10235007,0.0,0.0,0.031001007
1006-6,0.011060967,0.1,0.18418841,0.0,0.9167,0.3792399,0.3636,0.22235821,0.0505,0.428,0.0058062286,0.2,0.21613832,0.0,0.8667,0.0,0.0,0.0,0.0,0.0,0.0,0.0,0.0,0.0,0.0,1.0,1.0,1.0,0.0,0.0,1.0,0.0,0.0,0.0,0.0,0.0,0.48929337,1.0,0.0,0.0,0.1116,0.10015801,0.16491535,0.10765342,0.0,0.0,0.0058706244
1006-LARC,0.011227826,0.4,0.1494253,0.0,0.8571,0.39297011,0.2273,0.23419012,0.0481,0.3931,0.0040756403,0.2,0.14409222,0.0,0.6,0.0,0.0,0.0,0.0,0.0,0.0,0.0,0.0,0.0,0.0,1.0,1.0,1.0,0.0,0.0,1.0,0.0,0.0,0.0,0.0,0.0,0.48929337,1.0,0.0,0.0,0.04806667,0.10592411,0.1661487,0.059828006,0.0,0.0,0.013594701
1008-1,0.0048465366,0.1,0.18026353,0.087,0.64,0.29829276,0.2273,0.30518156,0.1235,0.4545,0.0014267967,0.0,0.20584601,0.75,1.0,0.0,0.0,0.0,0.0,0.0,0.0,0.0,0.0,0.0,0.0,1.0,1.0,1.0,0.0,0.0,1.0,0.0,0.0,0.0,0.0,0.0,0.40042824,1.0,0.0,0.0,0.3608,0.12319619,0.26680505,0.04854859,0.0,0.0,0.014693603
1008-2,0.0069957455,0.1,0.20521449,0.15,0.739,0.3452907,0.2727,0.41778865,0.2182,0.5176,0.002992181,0.2,0.46109506,0.4,0.7083,0.0,0.0,0.0,0.0,0.0,0.0,0.0,0.0,0.0,0.0,1.0,1.0,1.0,0.0,0.0,1.0,0.0,0.0,0.0,0.0,0.0,0.40042824,1.0,0.0,0.0,0.36213332,0.14202656,0.2900702,0.15208714,0.0,0.0,0.011592103
1008-3,0.006190006,0.1,0.22427812,0.1429,0.6415,0.3664549,0.2727,0.31660548,0.2297,0.5042,0.002104356,0.2,0.362289,0.5,0.598,0.0,0.0,0.0,0.0,0.0,0.0,0.0,0.0,0.0,0.0,1.0,1.0,1.0,0.0,0.0,1.0,0.0,0.0,0.0,0.0,0.0,0.40042824,1.0,0.0,0.0,0.40176666,0.24923395,0.22989698,0.24151523,0.0,0.0,0.00821912
1008-4,0.006217588,0.4,0.21614805,0.2381,0.5678,0.35693872,0.2727,0.34271723,0.2222,0.5178,0.001725814,0.2,0.26060104,0.125,0.7287,0.0,0.0,0.0,0.0,0.0,0.0,0.0,0.0,0.0,0.0,1.0,1.0,1.0,0.0,0.0,1.0,0.0,0.0,0.0,0.0,0.0,0.40042824,1.0,0.0,0.0,0.31946668,0.22089235,0.24292591,0.17948402,0.0,0.0,0.0130191725
1008-5,0.008277806,0.3,0.18951502,0.1429,0.6097,0.3242391,0.3182,0.39820483,0.2778,0.5028,0.0033094194,0.2,0.2791272,0.2222,0.75,0.0,0.0,0.0,0.0,0.0,0.0,0.0,0.0,0.0,0.0,1.0,1.0,1.0,0.0,0.0,1.0,0.0,0.0,0.0,0.0,0.0,0.40042824,1.0,0.0,0.0,0.39683333,0.1961999,0.3027351,0.20808621,0.0,0.0,0.007880116
1008-6,0.0060601165,0.2,0.23296891,0.3077,0.8246,0.25408882,0.1364,0.26030192,0.2,0.4593,0.002618833,0.2,0.2733635,0.1667,0.8727,0.0,0.0,0.0,0.0,0.0,0.0,0.0,0.0,0.0,0.0,1.0,1.0,1.0,0.0,0.0,1.0,0.0,0.0,0.0,0.0,0.0,0.40042824,1.0,0.0,0.0,0.3293,0.22747907,0.19047335,0.25209948,0.0,0.0,0.004988245
1008-LARC,0.0052304207,0.4,0.21306421,0.2,0.7958,0.28474748,0.2727,0.33986127,0.2029,0.5431,0.0020085138,0.8,0.356937,0.0,0.8103,0.0,0.0,0.0,0.0,0.0,0.0,0.0,0.0,0.0,0.0,1.0,1.0,1.0,0.0,0.0,1.0,0.0,0.0,0.0,0.0,0.0,0.40042824,1.0,0.0,0.0,0.4633,0.12688456,0.25339577,0.47642648,0.0,0.0,0.005632931
1010-1,0.006236585,0.2,0.19063641,0.3333,0.9524,0.2760263,0.3636,0.3525092,0.2353,0.5219,0.003451406,0.0,0.16467682,0.0,1.0,0.0,0.0,0.0,0.0,0.0,0.0,0.0,0.0,0.0,0.0,1.0,1.0,1.0,0.0,0.0,1.0,0.0,0.0,0.0,0.0,0.0,0.30406854,1.0,0.0,0.0,0.19283333,0.16413063,0.24036685,0.12110239,0.0,0.0,0.06392366
1010-2,0.0075079463,0.3,0.12615645,0.1667,0.9286,0.33673853,0.5,0.3855569,0.2222,0.6718,0.0038664695,0.2,0.23342939,0.0,1.0,0.0,0.0,0.0,0.0,0.0,0.0,0.0,0.0,0.0,0.0,1.0,1.0,1.0,0.0,0.0,1.0,0.0,0.0,0.0,0.0,0.0,0.30406854,1.0,0.0,0.0,0.1778,0.06667452,0.27504185,0.27208516,0.0,0.0,0.13129024
1010-3,0.004973403,0.2,0.11213906,0.0,1.0,0.24271742,0.4545,0.30599755,0.2143,0.52,0.0019700096,0.0,0.109921776,0.0,1.0,0.0,0.0,0.0,0.0,0.0,0.0,0.0,0.0,0.0,0.0,1.0,1.0,1.0,0.0,0.0,1.0,0.0,0.0,0.0,0.0,0.0,0.30406854,1.0,0.0,0.0,0.31903332,0.096513286,0.2102884,0.028030364,0.0,0.0,0.076294556
1010-4,0.0076761395,0.2,0.1488646,0.1667,0.8036,0.27416238,0.2727,0.2864137,0.099,0.6454,0.0028319,0.2,0.18526141,0.0,1.0,0.0,0.0,0.0,0.0,0.0,0.0,0.0,0.0,0.0,0.0,1.0,1.0,1.0,0.0,0.0,1.0,0.0,0.0,0.0,0.0,0.0,0.30406854,1.0,0.0,0.0,0.24843334,0.13240185,0.20511052,0.07704987,0.0,0.0,0.059321906
1010-5,0.0052039516,0.3,0.20325205,0.2222,0.9192,0.2588465,0.4091,0.28437373,0.0941,0.5622,0.004607502,0.2,0.2634829,0.0,0.7857,0.0,0.0,0.0,0.0,0.0,0.0,0.0,0.0,0.0,0.0,1.0,1.0,1.0,0.0,0.0,1.0,0.0,0.0,0.0,0.0,0.0,0.30406854,1.0,0.0,0.0,0.3268,0.1845542,0.22610459,0.25171265,0.0,0.0,0.018260239
1010-6,0.0028202152,0.2,0.1682086,0.0,0.9,0.23725453,0.2727,0.36638105,0.234,0.669,0.002153664,0.2,0.32935363,0.5,1.0,0.0,0.0,0.0,0.0,0.0,0.0,0.0,0.0,0.0,0.0,1.0,1.0,1.0,0.0,0.0,1.0,0.0,0.0,0.0,0.0,0.0,0.30406854,1.0,0.0,0.0,0.3085,0.09941597,0.25110838,0.16818218,0.0,0.0,0.017224127
1010-LARC,0.0062984303,0.3,0.23128681,0.2,0.875,0.2798924,0.3182,0.35577315,0.122,0.7475,0.005353823,0.2,0.19226019,0.0,1.0,0.0,0.0,0.0,0.0,0.0,0.0,0.0,0.0,0.0,0.0,1.0,1.0,1.0,0.0,0.0,1.0,0.0,0.0,0.0,0.0,0.0,0.30406854,1.0,0.0,0.0,0.32846665,0.24161275,0.2986656,0.06991894,0.0,0.0,0.02539512
1012-1,0.003354457,0.8,0.17717972,0.2632,0.3846,0.12322186,0.2727,0.31823745,0.2432,0.4034,0.0010760543,0.6,0.14409222,0.0,0.5333,0.0,0.0,0.0,0.0,0.0,0.0,0.0,0.0,0.0,0.0,1.0,1.0,1.0,0.0,0.0,1.0,0.0,0.0,0.0,0.0,0.0,0.43254817,1.0,0.0,0.0,0.32956666,0.28891566,0.36949342,0.13547635,0.0,0.0,0.02739138
1012-2,0.001038918,0.6,0.2859546,0.1,0.3904,0.15640593,0.2273,0.24928601,0.2105,0.3995,0.0012730996,0.6,0.19226019,0.1111,0.4697,0.0,0.0,0.0,0.0,0.0,0.0,0.0,0.0,0.0,0.0,1.0,1.0,1.0,0.0,0.0,1.0,0.0,0.0,0.0,0.0,0.0,0.43254817,1.0,0.0,0.0,0.53433335,0.40769455,0.16615413,0.19319648,0.0,0.0,0.031854447
1012-3,0.0030129394,0.3,0.14718252,0.1667,0.8333,0.11556397,0.2727,0.2872297,0.1379,0.4377,0.0011877938,0.8,0.31906134,0.1667,0.5222,0.0,0.0,0.0,0.0,0.0,0.0,0.0,0.0,0.0,0.0,1.0,1.0,1.0,0.0,0.0,1.0,0.0,0.0,0.0,0.0,0.0,0.43254817,1.0,0.0,0.0,0.33906665,0.090865046,0.30604395,0.41121665,0.0,0.0,0.04524758
1012-4,0.0017015244,0.6,0.16007851,0.1429,0.7083,0.095652096,0.3182,0.20114239,0.1071,0.4234,0.0012707701,0.6,0.24701522,0.1429,0.4598,0.0,0.0,0.0,0.0,0.0,0.0,0.0,0.0,0.0,0.0,1.0,1.0,1.0,0.0,0.0,1.0,0.0,0.0,0.0,0.0,0.0,0.43254817,1.0,0.0,0.0,0.30953333,0.15476346,0.15125617,0.31285247,0.0,0.0,0.034047775
1012-5,0.0024183562,0.5,0.065321,0.0,0.9,0.15741524,0.3636,0.19624643,0.0408,0.5922,0.0016459555,0.6,0.20090573,0.0,0.6061,0.0,0.0,0.0,0.0,0.0,0.0,0.0,0.0,0.0,0.0,1.0,1.0,1.0,0.0,0.0,1.0,0.0,0.0,0.0,0.0,0.0,0.43254817,1.0,0.0,0.0,0.37263334,0.06172904,0.23810662,0.17485341,0.0,0.0,0.018039891
1012-6,0.0050380575,0.5,0.18559015,0.1111,0.55,0.10842711,0.1818,0.21950226,0.2174,0.5497,0.00077281205,0.6,0.2745986,0.2308,0.35,0.0,0.0,0.0,0.0,0.0,0.0,0.0,0.0,0.0,0.0,1.0,1.0,1.0,0.0,0.0,1.0,0.0,0.0,0.0,0.0,0.0,0.43254817,1.0,0.0,0.0,0.43553334,0.30940908,0.18055767,0.22900246,0.0,0.0,0.026187025
1014-1,0.0074068015,0.6,0.27642277,0.2143,0.5838,0.14799273,0.7273,0.4385965,0.3077,0.6243,0.005760052,1.0,0.58419096,0.375,0.4186,0.0,0.0,0.0,0.0,0.0,0.0,0.0,0.0,0.0,0.0,1.0,1.0,1.0,0.0,0.0,0.0,0.0,1.0,0.0,0.0,0.0,0.91648823,1.0,0.0,0.0,0.55233335,0.29932606,0.41869146,0.49466866,0.0,0.0,0.038206823
1014-2,0.007870263,0.7,0.1611999,0.25,0.8286,0.16423635,0.6364,0.41697267,0.2364,0.6188,0.006658982,1.0,0.37628654,0.1429,0.7637,0.0,0.0,0.0,0.0,0.0,0.0,0.0,0.0,0.0,0.0,1.0,1.0,1.0,0.0,0.0,0.0,0.0,1.0,0.0,0.0,0.0,0.91648823,1.0,0.0,0.0,0.31863335,0.06547417,0.32659793,0.223957,0.0,0.0,0.030636158
1014-3,0.0107268,0.8,0.35632187,0.0,0.5439,0.38744405,0.8182,0.45573235,0.3269,0.5279,0.0054882728,1.0,0.47344583,0.4167,0.5802,0.0,0.0,0.0,0.0,0.0,0.0,0.0,0.0,0.0,0.0,1.0,1.0,1.0,0.0,0.0,0.0,0.0,1.0,0.0,0.0,0.0,0.91648823,1.0,0.0,0.0,0.5232,0.29327187,0.29630214,0.3312292,0.0,0.0,0.005672853
1014-4,0.008641991,0.8,0.32436222,0.4286,0.8268,0.35516447,0.9091,0.39208484,0.2982,0.6273,0.0055686682,0.8,0.4343351,0.1818,0.5673,0.0,0.0,0.0,0.0,0.0,0.0,0.0,0.0,0.0,0.0,1.0,1.0,1.0,0.0,0.0,0.0,0.0,1.0,0.0,0.0,0.0,0.91648823,1.0,0.0,0.0,0.36396667,0.23891522,0.22462675,0.26842436,0.0,0.0,0.016761415
1014-5,0.01095921,0.8,0.31398937,0.2,0.8333,0.36992437,0.7727,0.35332516,0.1774,0.6407,0.0056382576,0.8,0.49114862,0.0714,0.5993,0.0,0.0,0.0,0.0,0.0,0.0,0.0,0.0,0.0,0.0,1.0,1.0,1.0,0.0,0.0,0.0,0.0,1.0,0.0,0.0,0.0,0.91648823,1.0,0.0,0.0,0.5035333,0.19205755,0.33323193,0.33617377,0.0,0.0,0.0041417577
1014-6,0.010942324,0.8,0.32716572,0.3333,0.7143,0.38033813,0.6818,0.4875561,0.3443,0.6092,0.0065116556,1.0,0.5166735,0.2727,0.5221,0.0,0.0,0.0,0.0,0.0,0.0,0.0,0.0,0.0,0.0,1.0,1.0,1.0,0.0,0.0,0.0,0.0,1.0,0.0,0.0,0.0,0.91648823,1.0,0.0,0.0,0.44883335,0.27423635,0.34740728,0.17698371,0.0,0.0,0.0046524247
1014-LARC,0.011359673,0.7,0.75693864,1.0,0.8788,0.3350931,0.8636,0.47980416,0.3269,0.6266,0.006430668,1.0,0.5010292,0.3333,0.6863,0.0,0.0,0.0,0.0,0.0,0.0,0.0,0.0,0.0,0.0,1.0,1.0,1.0,0.0,0.0,0.0,0.0,1.0,0.0,0.0,0.0,0.91648823,1.0,0.0,0.0,0.6239333,0.17459777,0.41718102,0.46838737,0.0,0.0,0.0070735803
1015-1,0.005096256,0.7,0.14017382,0.0,0.4675,0.18168096,0.7727,0.55936354,0.051,0.4126,0.0023308357,0.6,0.32935363,0.0,0.474,0.0,0.0,0.0,0.0,0.0,0.0,0.0,0.0,0.0,0.0,1.0,1.0,1.0,0.0,0.0,1.0,0.0,0.0,0.0,0.0,0.0,0.5642398,1.0,0.0,0.0,0.6795667,0.14502963,0.76401234,0.27894697,0.0,0.0,0.05266232
1015-2,0.0034453752,0.7,0.22203535,0.0,0.3865,0.17195448,0.7273,0.56425947,0.0738,0.413,0.0023670725,0.8,0.335529,0.0,0.3043,0.0,0.0,0.0,0.0,0.0,0.0,0.0,0.0,0.0,0.0,1.0,1.0,1.0,0.0,0.0,1.0,0.0,0.0,0.0,0.0,0.0,0.5642398,1.0,0.0,0.0,0.73856664,0.41090277,0.6191729,0.41123345,0.0,0.0,0.024526993
1015-3,0.0040451596,0.7,0.36164847,0.1,0.3596,0.17952733,0.7273,0.79314566,0.0396,0.4018,0.0023438765,0.8,0.7035817,0.0,0.2927,0.0,0.0,0.0,0.0,0.0,0.0,0.0,0.0,0.0,0.0,1.0,1.0,1.0,0.0,0.0,1.0,0.0,0.0,0.0,0.0,0.0,0.5642398,1.0,0.0,0.0,0.917,0.5165388,0.89516,1.0,0.0,0.0,0.06763688
1015-4,0.0042564166,0.9,0.25735915,0.0645,0.3641,0.16515453,0.7727,0.7156263,0.1023,0.4593,0.0017861146,1.0,0.367641,0.125,0.4966,0.0,0.0,0.0,0.0,0.0,0.0,0.0,0.0,0.0,0.0,1.0,1.0,1.0,0.0,0.0,1.0,0.0,0.0,0.0,0.0,0.0,0.5642398,1.0,0.0,0.0,0.6954333,0.40847585,0.9578923,0.33809102,0.0,0.0,0.06264054
1015-5,0.0043288358,0.6,0.46033084,0.0769,0.4101,0.12403014,0.7273,0.85516113,0.037,0.4282,0.0021198834,0.8,0.5277892,0.0909,0.3688,0.0,0.0,0.0,0.0,0.0,0.0,0.0,0.0,0.0,0.0,1.0,1.0,1.0,0.0,0.0,1.0,0.0,0.0,0.0,0.0,0.0,0.5642398,1.0,0.0,0.0,0.84436667,0.6587486,1.0,0.5497988,0.0,0.0,0.019410802
1015-6,0.00434147,0.8,0.49257082,0.1429,0.5741,0.14180093,0.6818,0.66952264,0.0845,0.4965,0.0021146035,0.6,0.34911484,0.0455,0.2867,0.0,0.0,0.0,0.0,0.0,0.0,0.0,0.0,0.0,0.0,1.0,1.0,1.0,0.0,0.0,1.0,0.0,0.0,0.0,0.0,0.0,0.5642398,1.0,0.0,0.0,0.7805667,0.6503636,0.7233282,0.5504827,0.0,0.0,0.012371187
1015-LARC,0.00358028,0.8,0.28735635,0.0,0.3358,0.15430066,0.6818,1.0,0.0784,0.4248,0.0017871476,0.8,0.5228489,0.0,0.4157,0.0,0.0,0.0,0.0,0.0,0.0,0.0,0.0,0.0,0.0,1.0,1.0,1.0,0.0,0.0,1.0,0.0,0.0,0.0,0.0,0.0,0.5642398,1.0,0.0,0.0,0.8715,0.45196813,0.99999994,0.8759601,0.0,0.0,0.020433772
1016-1,0.005560792,0.1,0.2523129,0.75,0.5714,0.11141026,0.0455,0.497756,0.4,0.7222,0.0023813897,0.6,0.45286125,0.0,0.5952,0.0,0.0,0.0,0.0,0.0,0.0,0.0,0.0,0.0,0.0,1.0,1.0,1.0,0.0,0.0,1.0,0.0,0.0,0.0,0.0,0.0,0.38650963,1.0,0.0,0.0,0.4611,0.2643847,0.38510856,0.29605672,0.0,0.0,0.01656338
1016-2,0.004177743,0.3,0.20185031,0.0,0.5833,0.21336752,0.0,0.41819665,1.0,0.4444,0.0022431659,0.6,0.39522436,0.0,0.7167,0.0,0.0,0.0,0.0,0.0,0.0,0.0,0.0,0.0,0.0,1.0,1.0,1.0,0.0,0.0,1.0,0.0,0.0,0.0,0.0,0.0,0.38650963,1.0,0.0,0.0,0.13333334,0.16882731,0.101645194,0.16780658,0.0,0.0,0.02568325
1016-3,0.0038570683,0.1,0.17381553,0.5,0.6508,0.3077522,0.0455,0.48959607,0.0,0.3854,0.0054495623,0.6,0.45286125,0.5714,0.6434,0.0,0.0,0.0,0.0,0.0,0.0,0.0,0.0,0.0,0.0,1.0,1.0,1.0,0.0,0.0,1.0,0.0,0.0,0.0,0.0,0.0,0.38650963,1.0,0.0,0.0,0.24603334,0.10517333,0.14808317,0.1905336,0.0,0.0,0.17443964
1016-4,0.0063024964,0.5,0.17521729,0.5,0.7619,0.102997445,0.0455,0.6527948,0.5,0.6,0.0013866482,0.4,0.356937,0.3333,0.9143,0.0,0.0,0.0,0.0,0.0,0.0,0.0,0.0,0.0,0.0,1.0,1.0,1.0,0.0,0.0,1.0,0.0,0.0,0.0,0.0,0.0,0.38650963,1.0,0.0,0.0,0.27776667,0.094505414,0.7606546,0.052854054,0.0,0.0,0.064090855
1016-5,0.0042346865,0.5,0.42977294,0.0,0.5952,0.055201106,0.2273,0.30314156,0.0,0.6375,0.0029831985,0.0,0.46109506,0.0,0.5256,0.0,0.0,0.0,0.0,0.0,0.0,0.0,0.0,0.0,0.0,1.0,1.0,1.0,0.0,0.0,1.0,0.0,0.0,0.0,0.0,0.0,0.38650963,1.0,0.0,0.0,0.54286665,0.19628718,0.24544694,0.1685578,0.0,0.0,0.054516885
1016-6,0.0032239347,0.3,0.5046258,0.5,0.875,0.17823854,0.0455,0.32068545,0.5714,0.3636,0.0018207534,0.0,0.4363936,0.3333,0.5417,0.0,0.0,0.0,0.0,0.0,0.0,0.0,0.0,0.0,0.0,1.0,1.0,1.0,0.0,0.0,1.0,0.0,0.0,0.0,0.0,0.0,0.38650963,1.0,0.0,0.0,0.22223334,0.34919554,0.14479604,0.26044694,0.0,0.0,0.050358977
1016-LARC,0.0017157565,0.2,0.22427812,0.0,0.6154,0.0,0.0,0.0,0.0,0.0,0.0007490764,0.4,0.2745986,0.0,0.8,0.0,0.0,0.0,0.0,0.0,0.0,0.0,0.0,0.0,0.0,1.0,0.0,1.0,0.0,0.0,1.0,0.0,0.0,0.0,0.0,0.0,0.38650963,1.0,0.0,0.0,0.46665,0.30417114,0.0,0.16503718,0.0,0.0,0.2703503
1026-1,0.0036171048,0.5,0.25932157,0.0,0.6476,0.16367178,0.5455,0.49816403,0.2143,0.7763,0.004100256,0.8,0.37052283,0.0,0.8625,0.0,0.0,0.0,0.0,0.0,0.0,0.0,0.0,0.0,0.0,1.0,1.0,1.0,0.0,0.0,0.0,0.0,1.0,0.0,0.0,0.0,0.9486081,1.0,0.0,0.0,0.41666666,0.31908178,0.37401932,0.04648556,0.0,0.0,0.012680023
1026-2,0.0043509793,0.8,0.20185031,0.0,0.8611,0.17544614,0.8636,0.3977968,0.12,0.7135,0.004201808,0.8,0.22931248,0.1429,0.9,0.0,0.0,0.0,0.0,0.0,0.0,0.0,0.0,0.0,0.0,1.0,1.0,1.0,0.0,0.0,0.0,0.0,1.0,0.0,0.0,0.0,0.9486081,1.0,0.0,0.0,0.1889,0.23863587,0.314911,0.13638455,0.0,0.0,0.009332477
1026-3,0.0052770963,0.8,0.2624054,0.0,0.5667,0.17555112,0.7727,0.31619748,0.1562,0.7516,0.00328364,0.8,0.23795801,0.0,0.95,0.0,0.0,0.0,0.0,0.0,0.0,0.0,0.0,0.0,0.0,1.0,1.0,1.0,0.0,0.0,0.0,0.0,1.0,0.0,0.0,0.0,0.9486081,1.0,0.0,0.0,0.2985,0.26279584,0.218786,0.19952013,0.0,0.0,0.009857425
1026-4,0.0058652298,0.7,0.24109899,0.4,0.8056,0.20280565,0.5909,0.3994288,0.1579,0.7549,0.004741209,0.6,0.5174969,0.4286,0.8452,0.0,0.0,0.0,0.0,0.0,0.0,0.0,0.0,0.0,0.0,1.0,1.0,1.0,0.0,0.0,0.0,0.0,1.0,0.0,0.0,0.0,0.9486081,1.0,0.0,0.0,0.33733332,0.15954308,0.26255623,0.21608607,0.0,0.0,0.013145539
1026-5,0.00542174,0.6,0.21222317,0.0,0.9875,0.19744849,0.6818,0.4247246,0.2273,0.8242,0.00522844,0.8,0.2651297,0.1111,0.947,0.0,0.0,0.0,0.0,0.0,0.0,0.0,0.0,0.0,0.0,1.0,1.0,1.0,0.0,0.0,0.0,0.0,1.0,0.0,0.0,0.0,0.9486081,1.0,0.0,0.0,0.16496667,0.14650498,0.25046182,0.12238058,0.0,0.0,0.011268519
1026-6,0.006643107,0.6,0.23633309,0.2857,0.7692,0.23729017,0.6818,0.34679723,0.1667,0.6839,0.004607611,1.0,0.33717576,0.1875,0.7102,0.0,0.0,0.0,0.0,0.0,0.0,0.0,0.0,0.0,0.0,1.0,1.0,1.0,0.0,0.0,0.0,0.0,1.0,0.0,0.0,0.0,0.9486081,1.0,0.0,0.0,0.17573333,0.20454565,0.2621216,0.3101616,0.0,0.0,0.0063518537
1029-1,0.006705233,0.6,0.6447996,0.4,0.8875,0.23909435,0.6818,0.46634027,0.2609,0.6738,0.0025560902,0.8,0.45862496,0.0,0.5569,0.0,0.0,0.0,0.0,0.0,0.0,0.0,0.0,0.0,0.0,1.0,1.0,1.0,0.0,0.0,0.0,0.0,1.0,0.0,0.0,0.0,0.82441103,1.0,0.0,0.0,0.6397333,0.2807183,0.2735966,0.40393996,0.0,0.0,0.0071189054
1029-2,0.006779298,0.6,0.40930757,0.5,0.8167,0.16204554,0.7273,0.46185228,0.1579,0.7552,0.0022594293,0.8,0.356937,0.1667,0.7778,0.0,0.0,0.0,0.0,0.0,0.0,0.0,0.0,0.0,0.0,1.0,1.0,1.0,0.0,0.0,0.0,0.0,1.0,0.0,0.0,0.0,0.82441103,1.0,0.0,0.0,0.4374,0.2147247,0.25942126,0.24310735,0.0,0.0,0.006292014
1029-3,0.008459248,0.6,0.39444914,0.5714,0.792,0.2587319,0.6818,0.4879641,0.2308,0.7358,0.0027012578,1.0,0.5998353,0.2857,0.8456,0.0,0.0,0.0,0.0,0.0,0.0,0.0,0.0,0.0,0.0,1.0,1.0,1.0,0.0,0.0,0.0,0.0,1.0,0.0,0.0,0.0,0.82441103,1.0,0.0,0.0,0.42306668,0.26064828,0.3629681,0.45922706,0.0,0.0,0.007829388
1029-4,0.00518243,0.9,0.5887301,0.4,0.7118,0.28304365,0.7727,0.47409222,0.4595,0.708,0.0035495267,0.8,0.57060516,0.4286,0.7947,0.0,0.0,0.0,0.0,0.0,0.0,0.0,0.0,0.0,0.0,1.0,1.0,1.0,0.0,0.0,0.0,0.0,1.0,0.0,0.0,0.0,0.82441103,1.0,0.0,0.0,0.5140333,0.21981423,0.2915915,0.50410366,0.0,0.0,0.0069004865
1029-5,0.0,0.0,0.0,0.0,0.0,0.2972171,0.7727,0.67564255,0.4444,0.6637,0.0,0.0,0.0,0.0,0.0,0.0,0.0,0.0,0.0,0.0,0.0,0.0,0.0,0.0,0.0,0.0,1.0,0.0,0.0,0.0,0.0,0.0,1.0,0.0,0.0,0.0,0.82441103,1.0,0.0,0.0,0.5926,0.0,0.55217546,0.0,0.0,0.0,0.0034472789
1029-6,0.004794926,0.7,0.39725262,0.0,0.8187,0.2276658,0.8182,0.5744594,0.3846,0.6044,0.003316673,0.8,0.40675175,0.125,0.8314,0.0,0.0,0.0,0.0,0.0,0.0,0.0,0.0,0.0,0.0,1.0,1.0,1.0,0.0,0.0,0.0,0.0,1.0,0.0,0.0,0.0,0.82441103,1.0,0.0,0.0,0.48183334,0.15670587,0.40324476,0.20394333,0.0,0.0,0.022815589
1030-1,0.005640544,0.7,0.38127282,0.4,0.875,0.21024628,0.5,0.4859241,0.2128,0.6683,0.0027537958,0.8,0.60930425,0.1333,0.5301,0.0,0.0,0.0,0.0,0.0,0.0,0.0,0.0,0.0,0.0,1.0,1.0,1.0,0.0,0.0,1.0,0.0,0.0,0.0,0.0,0.0,0.7890792,1.0,0.0,0.0,0.5054333,0.38352147,0.4355889,0.43205443,0.0,0.0,0.0052701836
1030-2,0.0041730423,0.5,0.44855624,0.3333,0.9091,0.16118512,0.6818,0.46307632,0.2,0.7247,0.001830247,1.0,0.4446274,0.0,0.7068,0.0,0.0,0.0,0.0,0.0,0.0,0.0,0.0,0.0,0.0,1.0,1.0,1.0,0.0,0.0,1.0,0.0,0.0,0.0,0.0,0.0,0.7890792,1.0,0.0,0.0,0.39443332,0.19628718,0.38690695,0.22702911,0.0,0.0,0.0062420457
1030-3,0.0052995747,0.6,0.35323805,0.2,0.9,0.20920128,0.5455,0.52957976,0.4186,0.624,0.0033648415,1.0,0.47509262,0.0769,0.6193,0.0,0.0,0.0,0.0,0.0,0.0,0.0,0.0,0.0,0.0,1.0,1.0,1.0,0.0,0.0,1.0,0.0,0.0,0.0,0.0,0.0,0.7890792,1.0,0.0,0.0,0.3678,0.3971881,0.49307805,0.3228257,0.0,0.0,0.005176146
1030-4,0.004742776,0.7,0.27333897,0.5,0.8667,0.21886528,0.9091,0.49816403,0.3542,0.6593,0.0025594037,0.6,0.524084,0.0909,0.7507,0.0,0.0,0.0,0.0,0.0,0.0,0.0,0.0,0.0,0.0,1.0,1.0,1.0,0.0,0.0,1.0,0.0,0.0,0.0,0.0,0.0,0.7890792,1.0,0.0,0.0,0.4413,0.229679,0.399235,0.42174485,0.0,0.0,0.0028448226
1030-5,0.004333145,0.6,0.5256519,0.5,0.8235,0.1790071,0.8182,0.54385966,0.2857,0.6562,0.0030346613,0.8,0.6405928,0.1111,0.6569,0.0,0.0,0.0,0.0,0.0,0.0,0.0,0.0,0.0,0.0,1.0,1.0,1.0,0.0,0.0,1.0,0.0,0.0,0.0,0.0,0.0,0.7890792,1.0,0.0,0.0,0.60716665,0.61613804,0.47090498,0.49141714,0.0,0.0,0.0020629938
1030-6,0.0059001404,0.6,0.35043457,0.5,0.95,0.23458989,0.8636,0.4777642,0.2245,0.6746,0.0031084365,0.8,0.4775628,0.2,0.6681,0.0,0.0,0.0,0.0,0.0,0.0,0.0,0.0,0.0,0.0,1.0,1.0,1.0,0.0,0.0,1.0,0.0,0.0,0.0,0.0,0.0,0.7890792,1.0,0.0,0.0,0.22243333,0.25169578,0.35068896,0.3103634,0.0,0.0,0.001746302
1030-LARC,0.00736666,0.6,0.44855624,0.3333,0.9,0.23079969,0.9091,0.44675642,0.2727,0.6322,0.0041392385,0.8,0.44709754,0.0,0.8007,0.0,0.0,0.0,0.0,0.0,0.0,0.0,0.0,0.0,0.0,1.0,1.0,1.0,0.0,0.0,1.0,0.0,0.0,0.0,0.0,0.0,0.7890792,1.0,0.0,0.0,0.29813334,0.39257437,0.35754025,0.30976355,0.0,0.0,0.0025894018
1033-1,0.013878326,0.6,0.28735635,0.45,0.7582,0.7849173,0.2727,0.6013872,0.6842,0.6347,0.011152791,0.8,0.42198434,0.25,0.8269,0.0,0.0,0.0,0.0,0.0,0.0,0.0,0.0,0.0,0.0,1.0,1.0,1.0,0.0,0.0,0.0,0.0,1.0,0.0,0.0,0.0,0.8576017,1.0,0.0,0.0,0.26183334,0.20654044,0.30073565,0.22674884,0.0,0.0,0.0031531912
1033-2,0.013006946,0.7,0.2865153,0.4444,0.8872,0.66567343,0.6818,0.5422277,0.5,0.6863,0.016772825,0.8,0.45986,0.1667,0.8881,0.0,0.0,0.0,0.0,0.0,0.0,0.0,0.0,0.0,0.0,1.0,1.0,1.0,0.0,0.0,0.0,0.0,1.0,0.0,0.0,0.0,0.8576017,1.0,0.0,0.0,0.076233335,0.17700723,0.4521114,0.3672594,0.0,0.0,0.004581896
1033-3,0.017751241,0.8,0.27726385,0.5526,0.6059,0.72105664,0.4091,0.5430437,0.6552,0.7037,0.01188017,0.8,0.57636887,0.4737,0.6364,0.0,0.0,0.0,0.0,0.0,0.0,0.0,0.0,0.0,0.0,1.0,1.0,1.0,0.0,0.0,0.0,0.0,1.0,0.0,0.0,0.0,0.8576017,1.0,0.0,0.0,0.20113334,0.21110617,0.33185187,0.3900313,0.0,0.0,0.002025729
1033-4,0.015538451,0.9,0.42220357,0.6667,0.6701,0.737558,0.5909,0.69359446,0.6842,0.6626,0.99999994,1.0,0.41416222,0.2222,0.6434,0.0,0.0,0.0,0.0,0.0,0.0,0.0,0.0,0.0,0.0,1.0,1.0,1.0,0.0,0.0,0.0,0.0,1.0,0.0,0.0,0.0,0.8576017,1.0,0.0,0.0,0.12573333,0.3285799,0.4676396,0.18895829,0.0,0.0,0.015577588
1033-5,0.01687759,0.8,0.41155037,0.5789,0.6918,0.76795644,0.4545,0.5740514,0.5227,0.6891,0.011439503,1.0,0.4129271,0.3947,0.7011,0.0,0.0,0.0,0.0,0.0,0.0,0.0,0.0,0.0,0.0,1.0,1.0,1.0,0.0,0.0,0.0,0.0,1.0,0.0,0.0,0.0,0.8576017,1.0,0.0,0.0,0.1846,0.35547233,0.43024796,0.35790852,0.0,0.0,0.010738839
1033-6,0.02135077,0.5,0.32436222,0.7143,0.6667,0.8772949,0.2273,0.6360669,0.8824,0.6162,0.015507313,1.0,0.31823796,0.1818,0.5944,0.0,0.0,0.0,0.0,0.0,0.0,0.0,0.0,0.0,0.0,1.0,1.0,1.0,0.0,0.0,0.0,0.0,1.0,0.0,0.0,0.0,0.8576017,1.0,0.0,0.0,0.16473334,0.12657028,0.30157784,0.16260974,0.0,0.0,0.003016106
1033-LARC,0.013363294,0.9,0.3324923,1.0,0.875,0.837459,0.3636,0.6813546,0.6,0.6396,0.01372881,1.0,0.55166733,0.2,0.6902,0.0,0.0,0.0,0.0,0.0,0.0,0.0,0.0,0.0,0.0,1.0,1.0,1.0,0.0,0.0,0.0,0.0,1.0,0.0,0.0,0.0,0.8576017,1.0,0.0,0.0,0.0643,0.10396861,0.44486344,0.37872946,0.0,0.0,0.0046962313
1034-1,0.006374103,0.8,0.38323525,0.3333,0.7121,0.2751917,0.8636,0.52631575,0.3654,0.7144,0.0038072267,0.8,0.605599,0.0,0.6831,0.0,0.0,0.0,0.0,0.0,0.0,0.0,0.0,0.0,0.0,1.0,1.0,1.0,0.0,0.0,0.0,0.0,0.0,1.0,0.0,0.0,0.735546,1.0,0.0,0.0,0.38856667,0.3683707,0.3898409,0.7589277,0.0,0.0,0.0031196938
1034-2,0.0,0.0,0.0,0.0,0.0,0.25255674,0.8636,0.5426357,0.3387,0.6797,0.0102349175,1.0,0.49403045,0.0,0.807,0.0,0.0,0.0,0.0,0.0,0.0,0.0,0.0,0.0,0.0,0.0,1.0,1.0,0.0,0.0,0.0,0.0,0.0,1.0,0.0,0.0,0.735546,1.0,0.0,0.0,0.24465,0.0,0.46261382,0.15662247,0.0,0.0,0.002343618
1034-3,0.0,0.0,0.0,0.0,0.0,0.0,0.0,0.0,0.0,0.0,0.0051000933,0.8,0.4648003,0.0,0.8079,0.0,0.0,0.0,0.0,0.0,0.0,0.0,0.0,0.0,0.0,0.0,0.0,1.0,0.0,0.0,0.0,0.0,0.0,1.0,0.0,0.0,0.735546,1.0,0.0,0.0,0.1429,0.0,0.0,0.31631705,0.0,0.0,0.004380649
1034-4,0.0077994294,0.8,0.29716852,0.2,0.7699,0.32963228,0.9545,0.5813953,0.2603,0.6861,0.00407506,0.8,0.45286125,0.2,0.7555,0.0,0.0,0.0,0.0,0.0,0.0,0.0,0.0,0.0,0.0,1.0,1.0,1.0,0.0,0.0,0.0,0.0,0.0,1.0,0.0,0.0,0.735546,1.0,0.0,0.0,0.47033334,0.16798052,0.57390845,0.3705502,0.0,0.0,0.016909305
1034-5,0.004205396,0.9,0.45472386,0.2222,0.656,0.28198278,0.8636,0.55609953,0.3077,0.6844,0.0035105327,1.0,0.356937,0.0,0.7619,0.0,0.0,0.0,0.0,0.0,0.0,0.0,0.0,0.0,0.0,1.0,1.0,1.0,0.0,0.0,0.0,0.0,0.0,1.0,0.0,0.0,0.735546,1.0,0.0,0.0,0.4359,0.25097993,0.5587388,0.22733746,0.0,0.0,0.018995458
1034-6,0.007593091,0.7,0.21502665,0.0,0.8314,0.29914266,0.9091,0.60383517,0.3607,0.6906,0.0049608634,0.8,0.49403045,0.0,0.7674,0.0,0.0,0.0,0.0,0.0,0.0,0.0,0.0,0.0,0.0,1.0,1.0,1.0,0.0,0.0,0.0,0.0,0.0,1.0,0.0,0.0,0.735546,1.0,0.0,0.0,0.22936666,0.20882767,0.534148,0.2709527,0.0,0.0,0.014950425
1034-LARC,0.008794559,0.6,0.34202412,0.2,0.8132,0.3203035,0.8182,0.627499,0.4464,0.6729,0.0057670674,0.8,0.33964592,0.0,0.9125,0.0,0.0,0.0,0.0,0.0,0.0,0.0,0.0,0.0,0.0,1.0,1.0,1.0,0.0,0.0,0.0,0.0,0.0,1.0,0.0,0.0,0.735546,1.0,0.0,0.0,0.26903334,0.28874543,0.5769022,0.25061387,0.0,0.0,0.07054451
1035-1,0.0032682086,0.3,0.09643959,0.1667,0.5444,0.15362673,0.4091,0.20889433,0.0276,0.4403,0.0029629471,0.6,0.15644297,0.0,1.0,0.0,0.0,0.0,0.0,0.0,0.0,0.0,0.0,0.0,0.0,1.0,1.0,1.0,0.0,0.0,1.0,0.0,0.0,0.0,0.0,0.0,0.5845824,1.0,0.0,0.0,0.039066665,0.090572596,0.21182059,0.13114285,0.0,0.0,0.0042677745
1035-2,0.0047327196,0.7,0.14017382,0.2857,0.7625,0.13405529,0.3182,0.1868625,0.019,0.3822,0.0033479407,0.6,0.23054753,0.0,0.5521,0.0,0.0,0.0,0.0,0.0,0.0,0.0,0.0,0.0,0.0,1.0,1.0,1.0,0.0,0.0,1.0,0.0,0.0,0.0,0.0,0.0,0.5845824,1.0,0.0,0.0,0.015866667,0.0924888,0.15837915,0.13454576,0.0,0.0,0.0048404713
1035-3,0.0019477863,0.3,0.16484442,0.0,0.6667,0.1370551,0.5,0.22154222,0.0331,0.4098,0.0025320402,0.6,0.18526141,0.0,0.6667,0.0,0.0,0.0,0.0,0.0,0.0,0.0,0.0,0.0,0.0,1.0,1.0,1.0,0.0,0.0,1.0,0.0,0.0,0.0,0.0,0.0,0.5845824,1.0,0.0,0.0,0.055366665,0.17151612,0.1893215,0.19440179,0.0,0.0,0.004417184
1035-4,0.0031248373,0.4,0.1729745,0.3333,0.599,0.14144051,0.3636,0.23908609,0.0246,0.454,0.0029002093,0.6,0.21613832,0.0,0.8333,0.0,0.0,0.0,0.0,0.0,0.0,0.0,0.0,0.0,0.0,1.0,1.0,1.0,0.0,0.0,1.0,0.0,0.0,0.0,0.0,0.0,0.5845824,1.0,0.0,0.0,0.1439,0.18953025,0.20938648,0.12768392,0.0,0.0,0.0040083816
1035-5,0.0027548284,0.3,0.12811889,0.1,0.6263,0.13853723,0.4091,0.22113423,0.0286,0.4002,0.0031940283,0.6,0.28118566,0.0,0.7202,0.0,0.0,0.0,0.0,0.0,0.0,0.0,0.0,0.0,0.0,1.0,1.0,1.0,0.0,0.0,1.0,0.0,0.0,0.0,0.0,0.0,0.5845824,1.0,0.0,0.0,0.1492,0.13524343,0.22621869,0.18141812,0.0,0.0,0.0040904456
1035-6,0.0042195106,0.5,0.13540791,0.1429,0.75,0.14016359,0.4545,0.2015504,0.0426,0.4727,0.002595523,0.6,0.2799506,0.0,0.6917,0.0,0.0,0.0,0.0,0.0,0.0,0.0,0.0,0.0,0.0,1.0,1.0,1.0,0.0,0.0,1.0,0.0,0.0,0.0,0.0,0.0,0.5845824,1.0,0.0,0.0,0.0662,0.13139355,0.19661292,0.2140847,0.0,0.0,0.004417972
1035-LARC,0.0031383166,0.4,0.14325765,0.0,0.6444,0.14631262,0.2727,0.23908609,0.0253,0.3955,0.003882029,0.6,0.2116097,0.0,0.8333,0.0,0.0,0.0,0.0,0.0,0.0,0.0,0.0,0.0,0.0,1.0,1.0,1.0,0.0,0.0,1.0,0.0,0.0,0.0,0.0,0.0,0.5845824,1.0,0.0,0.0,0.0464,0.10713755,0.24682699,0.17222416,0.0,0.0,0.0053454433
1036-2,0.0010260465,0.8,0.12727784,0.0769,0.5333,0.03658874,0.1818,0.39167687,0.2,0.7115,0.00028908162,0.6,0.18526141,0.0,0.9333,0.0,0.0,0.0,0.0,0.0,0.0,0.0,0.0,0.0,0.0,1.0,1.0,1.0,0.0,0.0,1.0,0.0,0.0,0.0,0.0,0.0,0.5653105,1.0,0.0,0.0,0.36026666,0.10489833,0.21349402,0.16041216,0.0,0.0,0.05798554
1036-3,0.00053601497,0.4,0.30838242,0.0,0.5874,0.033722054,0.6818,0.32884538,0.1765,0.6322,0.00052614463,0.6,0.41169202,0.2,0.5333,0.0,0.0,0.0,0.0,0.0,0.0,0.0,0.0,0.0,0.0,1.0,1.0,1.0,0.0,0.0,1.0,0.0,0.0,0.0,0.0,0.0,0.5653105,1.0,0.0,0.0,0.45096666,0.16655754,0.3661628,0.3016852,0.0,0.0,0.06860973
1036-4,0.0005449434,0.3,0.17746006,0.0,0.6,0.05090263,0.5909,0.29130965,0.0,0.7544,0.00075920613,0.6,0.356937,0.0,0.6667,0.0,0.0,0.0,0.0,0.0,0.0,0.0,0.0,0.0,0.0,1.0,1.0,1.0,0.0,0.0,1.0,0.0,0.0,0.0,0.0,0.0,0.5653105,1.0,0.0,0.0,0.48886666,0.054439586,0.2551996,0.2906973,0.0,0.0,0.03243307
1036-5,0.0010514018,0.6,0.12223158,0.0,0.4242,0.0346645,0.2727,0.29579765,0.0,0.875,0.0005231262,0.8,0.21613832,0.0,0.8857,0.0,0.0,0.0,0.0,0.0,0.0,0.0,0.0,0.0,0.0,1.0,1.0,1.0,0.0,0.0,1.0,0.0,0.0,0.0,0.0,0.0,0.5653105,1.0,0.0,0.0,0.5909,0.066635236,0.22236651,0.024274295,0.0,0.0,0.06415057
1036-6,0.0010672702,0.5,0.18222597,0.2,0.3706,0.04198455,0.3636,0.2264382,0.0,0.8297,0.0008211927,0.6,0.30177027,0.0,0.7917,0.0,0.0,0.0,0.0,0.0,0.0,0.0,0.0,0.0,0.0,1.0,1.0,1.0,0.0,0.0,1.0,0.0,0.0,0.0,0.0,0.0,0.5653105,1.0,0.0,0.0,0.44646665,0.17574137,0.20341535,0.22886792,0.0,0.0,0.0497963
1036-LARC,0.0008824153,0.8,0.18783292,0.0909,0.5949,0.027619671,0.4545,0.24806201,0.0,0.6161,0.00031212412,0.8,0.31906134,0.0,0.9583,0.0,0.0,0.0,0.0,0.0,0.0,0.0,0.0,0.0,0.0,1.0,1.0,1.0,0.0,0.0,1.0,0.0,0.0,0.0,0.0,0.0,0.5653105,1.0,0.0,0.0,0.28146666,0.1636112,0.21376568,0.30545247,0.0,0.0,0.09955486
1039-1,0.00069127773,0.4,0.14017382,0.0,1.0,0.008880587,0.2273,0.33455732,0.2,0.8384,0.0021630428,0.6,0.19226019,0.0,0.7778,0.0,0.0,0.0,0.0,0.0,0.0,0.0,0.0,0.0,0.0,1.0,1.0,1.0,0.0,0.0,1.0,0.0,0.0,0.0,0.0,0.0,0.6006424,1.0,0.0,0.0,0.1889,0.12529573,0.3149436,0.06991894,0.0,0.0,0.03561263
1039-2,0.0002801156,0.4,0.22427812,0.0,0.7875,0.03637146,0.3636,0.27213383,0.1818,0.7418,0.00074384577,0.6,0.27048168,0.0,0.489,0.0,0.0,0.0,0.0,0.0,0.0,0.0,0.0,0.0,0.0,1.0,1.0,1.0,0.0,0.0,1.0,0.0,0.0,0.0,0.0,0.0,0.6006424,1.0,0.0,0.0,0.16893333,0.21829087,0.24765827,0.23441231,0.0,0.0,0.033513747
1039-3,0.0006548549,0.4,0.11606392,0.0,0.6515,0.02016213,0.2273,0.249694,0.0,0.5686,0.0010343064,0.6,0.3157678,0.0,0.8222,0.0,0.0,0.0,0.0,0.0,0.0,0.0,0.0,0.0,0.0,1.0,1.0,1.0,0.0,0.0,1.0,0.0,0.0,0.0,0.0,0.0,0.6006424,1.0,0.0,0.0,0.29166666,0.13353674,0.20944081,0.25188646,0.0,0.0,0.029536292
1039-4,0.0011495585,0.5,0.15895712,0.1667,0.6154,0.03449559,0.0909,0.2855977,0.0,0.8091,0.0011346991,0.6,0.36023054,0.0,0.6667,0.0,0.0,0.0,0.0,0.0,0.0,0.0,0.0,0.0,0.0,1.0,1.0,1.0,0.0,0.0,1.0,0.0,0.0,0.0,0.0,0.0,0.6006424,1.0,0.0,0.0,0.19443333,0.13335341,0.18994632,0.28585365,0.0,0.0,0.0313634
1039-5,0.00082641584,0.5,0.13793105,0.0,0.6263,0.00067604566,0.2273,0.29375765,0.0,0.9583,0.0009422598,0.6,0.19226019,0.0,0.8,0.0,0.0,0.0,0.0,0.0,0.0,0.0,0.0,0.0,0.0,1.0,1.0,1.0,0.0,0.0,1.0,0.0,0.0,0.0,0.0,0.0,0.6006424,1.0,0.0,0.0,0.16236667,0.22593825,0.1831276,0.109363265,0.0,0.0,0.025391206
1039-6,0.0012211389,0.4,0.13793105,0.0667,0.5564,0.051309917,0.1818,0.20848633,0.0,0.75,0.000857235,0.6,0.24701522,0.0,0.5216,0.0,0.0,0.0,0.0,0.0,0.0,0.0,0.0,0.0,0.0,1.0,1.0,1.0,0.0,0.0,1.0,0.0,0.0,0.0,0.0,0.0,0.6006424,1.0,0.0,0.0,0.2213,0.099110425,0.14260644,0.17893463,0.0,0.0,0.019341208
1039-LARC,0.00082185154,0.5,0.21026073,0.0,0.7778,0.04390444,0.1818,0.2855977,0.0,0.8667,0.001448952,0.6,0.39975297,0.0,0.5906,0.0,0.0,0.0,0.0,0.0,0.0,0.0,0.0,0.0,0.0,1.0,1.0,1.0,0.0,0.0,1.0,0.0,0.0,0.0,0.0,0.0,0.6006424,1.0,0.0,0.0,0.3762,0.17676714,0.027166236,0.4107121,0.0,0.0,0.031959027
1040-1,0.0033755722,0.8,0.18783292,0.2,0.8923,0.12286754,0.6364,0.3137495,0.069,0.6572,0.0014929266,1.0,0.28530258,0.0625,0.6955,0.0,0.0,0.0,0.0,0.0,0.0,0.0,0.0,0.0,0.0,1.0,1.0,1.0,0.0,0.0,1.0,0.0,0.0,0.0,0.0,0.0,0.6991434,1.0,0.0,0.0,0.23046666,0.16267711,0.3175407,0.2827479,0.0,0.0,0.014952061
1040-2,0.003119193,0.7,0.24306142,0.0,0.7368,0.13250221,0.6364,0.3635251,0.1875,0.7669,0.0022857543,0.8,0.28818443,0.0,0.5897,0.0,0.0,0.0,0.0,0.0,0.0,0.0,0.0,0.0,0.0,1.0,1.0,1.0,0.0,0.0,1.0,0.0,0.0,0.0,0.0,0.0,0.6991434,1.0,0.0,0.0,0.24186666,0.2062218,0.3186817,0.18117706,0.0,0.0,0.022530612
1040-3,0.0027411173,0.7,0.17129242,0.0,0.6154,0.121038616,0.6818,0.35414118,0.1842,0.6073,0.002037175,0.8,0.29806504,0.0588,0.6154,0.0,0.0,0.0,0.0,0.0,0.0,0.0,0.0,0.0,0.0,1.0,1.0,1.0,0.0,0.0,1.0,0.0,0.0,0.0,0.0,0.0,0.6991434,1.0,0.0,0.0,0.24693333,0.13492917,0.24597397,0.25179115,0.0,0.0,0.016472174
1040-4,0.002561585,0.8,0.23128681,0.0833,0.6502,0.12932548,0.6818,0.3659731,0.0303,0.721,0.0019485899,1.0,0.33758748,0.0,0.6928,0.0,0.0,0.0,0.0,0.0,0.0,0.0,0.0,0.0,0.0,1.0,1.0,1.0,0.0,0.0,1.0,0.0,0.0,0.0,0.0,0.0,0.6991434,1.0,0.0,0.0,0.39796665,0.16083074,0.25903004,0.3169281,0.0,0.0,0.015684126
1040-5,0.0045265355,0.9,0.16512476,0.0,0.9021,0.1532678,0.7727,0.3627091,0.0833,0.7356,0.0013986042,1.0,0.41169202,0.125,0.6392,0.0,0.0,0.0,0.0,0.0,0.0,0.0,0.0,0.0,0.0,1.0,1.0,1.0,0.0,0.0,1.0,0.0,0.0,0.0,0.0,0.0,0.6991434,1.0,0.0,0.0,0.36113334,0.087298885,0.23021212,0.2827479,0.0,0.0,0.014555816
1040-6,0.0057138335,0.7,0.1494253,0.0,0.9206,0.15880683,0.6818,0.3011016,0.1351,0.6775,0.002869949,1.0,0.25730753,0.0,0.9,0.0,0.0,0.0,0.0,0.0,0.0,0.0,0.0,0.0,0.0,1.0,1.0,1.0,0.0,0.0,1.0,0.0,0.0,0.0,0.0,0.0,0.6991434,1.0,0.0,0.0,0.17416666,0.08969088,0.1664584,0.090560496,0.0,0.0,0.0073110694
1040-LARC,0.0034240347,0.9,0.23661341,0.1111,0.6875,0.16025355,0.6818,0.36107713,0.1143,0.6899,0.002114722,1.0,0.23672292,0.125,0.8392,0.0,0.0,0.0,0.0,0.0,0.0,0.0,0.0,0.0,0.0,1.0,1.0,1.0,0.0,0.0,1.0,0.0,0.0,0.0,0.0,0.0,0.6991434,1.0,0.0,0.0,0.2148,0.25864476,0.2802143,0.115361765,0.0,0.0,0.0133477505
1041-1,0.015668066,0.5,0.20325205,0.0,0.9231,0.5514308,0.5,0.39249286,0.3846,0.7868,0.0013152382,0.6,0.28818443,0.0,0.5131,0.0,0.0,0.0,0.0,0.0,0.0,0.0,0.0,0.0,0.0,1.0,1.0,1.0,0.0,0.0,0.0,0.0,0.0,1.0,0.0,0.0,0.6456102,1.0,0.0,0.0,0.1853,0.19712524,0.29727468,0.33559072,0.0,0.0,0.05209176
1041-2,0.012589159,0.7,0.16512476,0.0,0.8333,0.46423346,0.7273,0.30681354,0.0735,0.6534,0.002251549,0.6,0.3363524,0.0,0.7692,0.0,0.0,0.0,0.0,0.0,0.0,0.0,0.0,0.0,0.0,1.0,1.0,1.0,0.0,0.0,0.0,0.0,0.0,1.0,0.0,0.0,0.6456102,1.0,0.0,0.0,0.2115,0.07127954,0.2562428,0.4847739,0.0,0.0,0.0296638
1041-3,0.016231397,0.6,0.20269135,0.1429,0.7609,0.6319567,0.7273,0.35577315,0.1707,0.6796,0.0012338177,0.6,0.14409222,0.0,0.8857,0.0,0.0,0.0,0.0,0.0,0.0,0.0,0.0,0.0,0.0,1.0,1.0,1.0,0.0,0.0,0.0,0.0,0.0,1.0,0.0,0.0,0.6456102,1.0,0.0,0.0,0.09696667,0.12583698,0.30927673,0.090695046,0.0,0.0,0.012118043
1041-4,0.010491815,0.7,0.18811327,0.2857,0.8409,0.5442484,0.9091,0.34230927,0.1327,0.6803,0.0017344375,0.6,0.46315354,0.0,0.6381,0.0,0.0,0.0,0.0,0.0,0.0,0.0,0.0,0.0,0.0,1.0,1.0,1.0,0.0,0.0,0.0,0.0,0.0,1.0,0.0,0.0,0.6456102,1.0,0.0,0.0,0.27553332,0.13998812,0.32733685,0.6779648,0.0,0.0,0.013537521
1041-5,0.015433704,0.7,0.19063641,0.0,0.8571,0.6000919,0.8636,0.3875969,0.1774,0.7351,0.0013408165,0.6,0.08233841,0.0,1.0,0.0,0.0,0.0,0.0,0.0,0.0,0.0,0.0,0.0,0.0,1.0,1.0,1.0,0.0,0.0,0.0,0.0,0.0,1.0,0.0,0.0,0.6456102,1.0,0.0,0.0,0.0699,0.08464064,0.34206095,0.026427027,0.0,0.0,0.0021892732
1041-6,0.014970078,0.6,0.1794225,0.1,0.8571,0.6833971,0.8182,0.3272134,0.2,0.6505,0.0023646567,0.8,0.18526141,0.0,0.75,0.0,0.0,0.0,0.0,0.0,0.0,0.0,0.0,0.0,0.0,1.0,1.0,1.0,0.0,0.0,0.0,0.0,0.0,1.0,0.0,0.0,0.6456102,1.0,0.0,0.0,0.042433333,0.05606771,0.23305371,0.10446356,0.0,0.0,0.002810274
1041-LARC,0.015120058,0.5,0.2265209,0.25,0.7743,0.5751246,0.5909,0.3900449,0.1091,0.6629,0.0037639115,1.0,0.30588716,0.0667,0.6133,0.0,0.0,0.0,0.0,0.0,0.0,0.0,0.0,0.0,0.0,1.0,1.0,1.0,0.0,0.0,0.0,0.0,0.0,1.0,0.0,0.0,0.6456102,1.0,0.0,0.0,0.14896667,0.15581541,0.34942845,0.4387873,0.0,0.0,0.0055765663
1045-1,0.012787395,0.7,0.1729745,0.0,0.7778,0.44020087,0.4545,0.35210118,0.2963,0.7434,0.0062789917,0.8,0.37875667,0.0,0.9556,0.0,0.0,0.0,0.0,0.0,0.0,0.0,0.0,0.0,0.0,1.0,1.0,1.0,0.0,0.0,0.0,0.0,0.0,1.0,0.0,0.0,0.9186295,1.0,0.0,0.0,0.25063333,0.14855652,0.23881295,0.3163339,0.0,0.0,0.019988902
1045-2,0.012382431,0.6,0.23829551,0.125,0.8462,0.6634536,0.8182,0.40799674,0.2368,0.6922,0.006650314,0.8,0.39522436,0.2,0.8235,0.0,0.0,0.0,0.0,0.0,0.0,0.0,0.0,0.0,0.0,1.0,1.0,1.0,0.0,0.0,0.0,0.0,0.0,1.0,0.0,0.0,0.9186295,1.0,0.0,0.0,0.18903333,0.124300525,0.2914285,0.1704078,0.0,0.0,0.0050729085
1045-3,0.010754294,0.8,0.20016822,0.4286,0.9091,0.45129114,0.7273,0.42962056,0.2353,0.6839,0.005905991,0.8,0.25524905,0.0,0.8222,0.0,0.0,0.0,0.0,0.0,0.0,0.0,0.0,0.0,0.0,1.0,1.0,1.0,0.0,0.0,0.0,0.0,0.0,1.0,0.0,0.0,0.9186295,1.0,0.0,0.0,0.14566667,0.11395997,0.4046737,0.13913712,0.0,0.0,0.024285678
1045-4,0.012879072,0.7,0.2635268,0.2,0.9293,0.42312282,0.6818,0.3235414,0.2759,0.7619,0.006678435,0.8,0.24701522,0.1111,0.8036,0.0,0.0,0.0,0.0,0.0,0.0,0.0,0.0,0.0,0.0,1.0,1.0,1.0,0.0,0.0,0.0,0.0,0.0,1.0,0.0,0.0,0.9186295,1.0,0.0,0.0,0.26486668,0.17676714,0.295661,0.18686724,0.0,0.0,0.009252194
1045-5,0.013356318,0.6,0.20745726,0.2,0.6484,0.44543147,0.7273,0.3341493,0.1944,0.7349,0.0069766333,0.8,0.33758748,0.0,0.8917,0.0,0.0,0.0,0.0,0.0,0.0,0.0,0.0,0.0,0.0,1.0,1.0,1.0,0.0,0.0,0.0,0.0,0.0,1.0,0.0,0.0,0.9186295,1.0,0.0,0.0,0.18703334,0.13974805,0.275558,0.22287503,0.0,0.0,0.005151205
1045-6,0.010281459,0.8,0.24922907,0.2222,0.9286,0.39863735,0.8182,0.33945328,0.1579,0.7861,0.0048454152,0.8,0.41169202,0.0,1.0,0.0,0.0,0.0,0.0,0.0,0.0,0.0,0.0,0.0,0.0,1.0,1.0,1.0,0.0,0.0,0.0,0.0,0.0,1.0,0.0,0.0,0.9186295,1.0,0.0,0.0,0.2729,0.11477184,0.3042401,0.18498918,0.0,0.0,0.0051205116
1045-LARC,0.011782749,0.7,0.1923185,0.1429,0.8833,0.33501852,0.6364,0.3341493,0.25,0.708,0.0066446653,0.8,0.34293947,0.0,0.7545,0.0,0.0,0.0,0.0,0.0,0.0,0.0,0.0,0.0,0.0,1.0,1.0,1.0,0.0,0.0,0.0,0.0,0.0,1.0,0.0,0.0,0.9186295,1.0,0.0,0.0,0.14136666,0.23842634,0.2358953,0.14978866,0.0,0.0,0.005575252
1046-1,0.0043073306,0.8,0.31314832,0.0,0.7436,0.08422419,0.2273,0.18645452,0.0,0.75,0.0040332973,0.6,0.20584601,0.0,0.8333,0.0,0.0,0.0,0.0,0.0,0.0,0.0,0.0,0.0,0.0,1.0,1.0,1.0,0.0,0.0,0.0,0.0,1.0,0.0,0.0,0.0,0.87901497,1.0,0.0,0.0,0.18653333,0.11931575,0.08573121,0.23577459,0.0,0.0,0.034650613
1046-2,0.0047199447,0.6,0.24894872,0.125,0.6845,0.14615665,0.7727,0.4385965,0.3929,0.6,0.0043939077,0.6,0.30465212,0.2,0.875,0.0,0.0,0.0,0.0,0.0,0.0,0.0,0.0,0.0,0.0,1.0,1.0,1.0,0.0,0.0,0.0,0.0,1.0,0.0,0.0,0.0,0.87901497,1.0,0.0,0.0,0.34763333,0.21605164,0.27693263,0.20244089,0.0,0.0,0.016568724
1046-3,0.0056880377,0.5,0.17886181,0.0,0.7917,0.15072902,0.5909,0.33945328,0.15,0.5975,0.0033540665,0.8,0.23672292,0.0,0.9583,0.0,0.0,0.0,0.0,0.0,0.0,0.0,0.0,0.0,0.0,1.0,1.0,1.0,0.0,0.0,0.0,0.0,1.0,0.0,0.0,0.0,0.87901497,1.0,0.0,0.0,0.24166666,0.12489851,0.22787037,0.1705031,0.0,0.0,0.010010689
1046-4,0.0037975225,0.9,0.3364172,0.1667,0.6952,0.13945901,0.6364,0.41615665,0.2667,0.513,0.0022576759,0.8,0.44256893,0.2,0.9111,0.0,0.0,0.0,0.0,0.0,0.0,0.0,0.0,0.0,0.0,1.0,1.0,1.0,0.0,0.0,0.0,0.0,1.0,0.0,0.0,0.0,0.87901497,1.0,0.0,0.0,0.45926666,0.17894089,0.24519159,0.40982074,0.0,0.0,0.015636407
1046-5,0.0034746232,0.7,0.21951221,0.1667,0.65,0.12469071,0.7727,0.37739697,0.1884,0.462,0.00301465,0.8,0.28818443,0.0,0.9,0.0,0.0,0.0,0.0,0.0,0.0,0.0,0.0,0.0,0.0,1.0,1.0,1.0,0.0,0.0,0.0,0.0,1.0,0.0,0.0,0.0,0.87901497,1.0,0.0,0.0,0.52056664,0.19220158,0.28015998,0.026427027,0.0,0.0,0.014074382
1046-6,0.0060195434,0.7,0.2859546,0.0,0.8384,0.13152646,0.7273,0.48714808,0.2128,0.5846,0.003388071,0.6,0.22931248,0.1429,0.8056,0.0,0.0,0.0,0.0,0.0,0.0,0.0,0.0,0.0,0.0,1.0,1.0,1.0,0.0,0.0,0.0,0.0,1.0,0.0,0.0,0.0,0.87901497,1.0,0.0,0.0,0.4535,0.18436216,0.32020843,0.13304892,0.0,0.0,0.01811264
1046-LARC,0.004782629,0.7,0.36445194,0.375,0.7515,0.11990282,0.7727,0.4528764,0.0408,0.5506,0.0021583433,0.8,0.34993824,0.0,0.9762,0.0,0.0,0.0,0.0,0.0,0.0,0.0,0.0,0.0,0.0,1.0,1.0,1.0,0.0,0.0,0.0,0.0,1.0,0.0,0.0,0.0,0.87901497,1.0,0.0,0.0,0.5995,0.26092765,0.2875003,0.08409109,0.0,0.0,0.017542718
1047-1,0.0047129425,0.0,0.12615645,0.0,0.0,0.17869481,0.1818,0.24031007,0.0,0.7292,0.0005905775,0.0,0.31700286,0.0,0.9125,0.0,0.0,0.0,0.0,0.0,0.0,0.0,0.0,0.0,0.0,1.0,1.0,1.0,0.0,0.0,0.0,1.0,0.0,0.0,0.0,0.0,0.3222698,1.0,0.0,0.0,0.14813334,0.1091236,0.19912851,0.23276976,0.0,0.0,0.024173532
1047-2,0.009842081,0.2,0.1682086,0.0,0.95,0.4437292,0.1364,0.2374541,0.069,0.6625,0.0012254525,0.6,0.33264717,0.0769,0.7953,0.0,0.0,0.0,0.0,0.0,0.0,0.0,0.0,0.0,0.0,1.0,1.0,1.0,0.0,0.0,0.0,1.0,0.0,0.0,0.0,0.0,0.3222698,1.0,0.0,0.0,0.13563333,0.110424355,0.23205942,0.2600321,0.0,0.0,0.020594161
1047-3,0.0073020356,0.2,0.21306421,0.0,1.0,0.3453393,0.0,0.23133415,0.0,0.9667,0.0009411068,0.0,0.26060104,0.0,0.9167,0.0,0.0,0.0,0.0,0.0,0.0,0.0,0.0,0.0,0.0,1.0,1.0,1.0,0.0,0.0,0.0,1.0,0.0,0.0,0.0,0.0,0.3222698,1.0,0.0,0.0,0.17856666,0.20996691,0.1766566,0.27571225,0.0,0.0,0.009209409
1047-4,0.0041622855,0.1,0.14718252,0.0,1.0,0.34822172,0.0,0.3231334,0.0714,0.95,0.0067233667,0.0,0.31906134,0.0,0.8333,0.0,0.0,0.0,0.0,0.0,0.0,0.0,0.0,0.0,0.0,1.0,1.0,1.0,0.0,0.0,0.0,1.0,0.0,0.0,0.0,0.0,0.3222698,1.0,0.0,0.0,0.17856666,0.17561916,0.22818008,0.174489,0.0,0.0,0.0155792525
1047-5,0.009432089,0.2,0.35520047,0.25,1.0,0.22809343,0.0909,0.16727866,0.0,0.8667,0.0,0.0,0.0,0.0,0.0,0.0,0.0,0.0,0.0,0.0,0.0,0.0,0.0,0.0,0.0,1.0,1.0,0.0,0.0,0.0,0.0,1.0,0.0,0.0,0.0,0.0,0.3222698,1.0,0.0,0.0,0.325,0.41062778,0.13129985,0.0,0.0,0.0,0.013983996
1047-6,0.012033889,0.1,0.18222597,0.1667,0.9286,0.3772625,0.1364,0.30395755,0.0909,0.7857,0.00068943854,0.4,0.24701522,0.0,0.95,0.0,0.0,0.0,0.0,0.0,0.0,0.0,0.0,0.0,0.0,1.0,1.0,1.0,0.0,0.0,0.0,1.0,0.0,0.0,0.0,0.0,0.3222698,1.0,0.0,0.0,0.08586667,0.16983561,0.20650686,0.13945106,0.0,0.0,0.042766817
1047-LARC,0.008131741,0.2,0.1611999,0.25,0.9583,0.37212753,0.1364,0.31456548,0.0,0.7619,0.0013733857,0.0,0.21943185,0.0,1.0,0.0,0.0,0.0,0.0,0.0,0.0,0.0,0.0,0.0,0.0,1.0,1.0,1.0,0.0,0.0,0.0,1.0,0.0,0.0,0.0,0.0,0.3222698,1.0,0.0,0.0,0.037033334,0.094505414,0.26258886,0.11519358,0.0,0.0,0.066695385
1049-1,0.01261896,0.8,0.47659102,0.2,0.7958,0.553136,0.8182,0.47123623,0.303,0.7608,0.004822004,0.8,0.49403045,0.0,0.8485,0.0,0.0,0.0,0.0,0.0,0.0,0.0,0.0,0.0,0.0,1.0,1.0,1.0,0.0,0.0,0.0,0.0,1.0,0.0,0.0,0.0,0.88329756,1.0,0.0,0.0,0.2611,0.47125247,0.23757961,0.38099432,0.0,0.0,0.0032253552
1049-2,0.010427267,0.6,0.22988507,0.1667,1.0,0.51356417,0.5,0.32925335,0.1333,0.8087,0.0080732005,0.8,0.36023054,0.0,0.8111,0.0,0.0,0.0,0.0,0.0,0.0,0.0,0.0,0.0,0.0,1.0,1.0,1.0,0.0,0.0,0.0,0.0,1.0,0.0,0.0,0.0,0.88329756,1.0,0.0,0.0,0.2278,0.16070852,0.25468892,0.10765342,0.0,0.0,0.0032087963
1049-3,0.013864037,0.6,0.43173537,0.0,0.8476,0.5617447,0.8636,0.5246838,0.2857,0.8094,0.0054670107,0.8,0.58666116,0.0,0.6353,0.0,0.0,0.0,0.0,0.0,0.0,0.0,0.0,0.0,0.0,1.0,1.0,1.0,0.0,0.0,0.0,0.0,1.0,0.0,0.0,0.0,0.88329756,1.0,0.0,0.0,0.4357,0.43945384,0.5061178,0.28858942,0.0,0.0,0.004303462
1049-4,0.018939907,0.8,0.30838242,0.2,0.881,0.5485472,0.6818,0.5463076,0.2778,0.7248,0.009321861,0.8,0.49403045,0.0,0.8667,0.0,0.0,0.0,0.0,0.0,0.0,0.0,0.0,0.0,0.0,1.0,1.0,1.0,0.0,0.0,0.0,0.0,1.0,0.0,0.0,0.0,0.88329756,1.0,0.0,0.0,0.12036667,0.2656505,0.4362789,0.14497304,0.0,0.0,0.0031883533
1049-5,0.018106814,0.8,0.3364172,0.75,0.8864,0.5697833,0.6364,0.44594043,0.4048,0.6996,0.0029070918,0.6,0.39522436,0.0,0.7902,0.0,0.0,0.0,0.0,0.0,0.0,0.0,0.0,0.0,0.0,1.0,1.0,1.0,0.0,0.0,0.0,0.0,1.0,0.0,0.0,0.0,0.88329756,1.0,0.0,0.0,0.2365,0.11287746,0.37306306,0.20244089,0.0,0.0,0.0029192355
1049-6,0.011861069,0.6,0.24754697,0.1667,0.8485,0.53169435,0.7727,0.43982047,0.2391,0.7758,0.0046081324,0.8,0.3157678,0.0,0.8583,0.0,0.0,0.0,0.0,0.0,0.0,0.0,0.0,0.0,0.0,1.0,1.0,1.0,0.0,0.0,0.0,0.0,1.0,0.0,0.0,0.0,0.88329756,1.0,0.0,0.0,0.2947,0.36664224,0.350928,0.15522654,0.0,0.0,0.004258049
1050-1,0.0024576588,0.0,0.14017382,0.0,1.0,0.033183884,0.0,0.14565483,0.0,1.0,0.0011903864,0.0,0.23342939,0.0,0.8333,0.0,0.0,0.0,0.0,0.0,0.0,0.0,0.0,0.0,0.0,1.0,1.0,1.0,0.0,0.0,1.0,0.0,0.0,0.0,0.0,0.0,0.29443255,1.0,0.0,0.0,0.13886666,0.12516041,0.11970531,0.16074853,0.0,0.0,0.016056335
1050-2,0.0028804748,0.0,0.14017382,0.0,1.0,0.024876192,0.0,0.08159935,0.0,0.0,0.0,0.0,0.0,0.0,0.0,0.0,0.0,0.0,0.0,0.0,0.0,0.0,0.0,0.0,0.0,1.0,1.0,0.0,0.0,0.0,1.0,0.0,0.0,0.0,0.0,0.0,0.29443255,1.0,0.0,0.0,0.25,0.1091236,0.011839045,0.0,0.0,0.0,0.027071916
1050-3,0.00097276585,0.0,0.0,0.0,0.0,0.0006532548,0.0,0.1631987,0.0,0.0,0.0038317353,0.0,0.0,0.0,0.0,0.0,0.0,0.0,0.0,0.0,0.0,0.0,0.0,0.0,0.0,1.0,1.0,1.0,0.0,0.0,1.0,0.0,0.0,0.0,0.0,0.0,0.29443255,1.0,0.0,0.0,0.0,0.0,0.108664945,0.0,0.0,0.0,0.14720733
1050-4,0.0006186055,0.2,0.14017382,0.0,1.0,0.0054770354,0.0,0.0,0.0,0.0,0.0,0.0,0.0,0.0,0.0,0.0,0.0,0.0,0.0,0.0,0.0,0.0,0.0,0.0,0.0,1.0,1.0,0.0,0.0,0.0,1.0,0.0,0.0,0.0,0.0,0.0,0.29443255,1.0,0.0,0.0,0.25,0.15277305,0.0,0.0,0.0,0.0,0.1811856
1050-5,0.0,0.0,0.0,0.0,0.0,0.027250512,0.0909,0.13586292,0.0,0.7917,0.0017581902,0.0,0.0,0.0,0.0,0.0,0.0,0.0,0.0,0.0,0.0,0.0,0.0,0.0,0.0,0.0,1.0,1.0,0.0,0.0,1.0,0.0,0.0,0.0,0.0,0.0,0.29443255,1.0,0.0,0.0,0.0,0.0,0.09694543,0.0,0.0,0.0,0.04189434
1050-6,0.0073861913,0.1,0.19624336,0.0,1.0,0.036585636,0.0,0.12239902,0.0,0.875,0.0,0.0,0.0,0.0,0.0,0.0,0.0,0.0,0.0,0.0,0.0,0.0,0.0,0.0,0.0,1.0,1.0,0.0,0.0,0.0,1.0,0.0,0.0,0.0,0.0,0.0,0.29443255,1.0,0.0,0.0,0.0147,0.0,0.067513525,0.0,0.0,0.0,0.036920696
1050-LARC,0.0,0.0,0.0,0.0,0.0,0.038781278,0.0,0.101999186,0.0,0.3333,0.0,0.0,0.0,0.0,0.0,0.0,0.0,0.0,0.0,0.0,0.0,0.0,0.0,0.0,0.0,0.0,1.0,0.0,0.0,0.0,1.0,0.0,0.0,0.0,0.0,0.0,0.29443255,1.0,0.0,0.0,0.0,0.0,0.050127137,0.0,0.0,0.0,0.047186602
1053-1,0.0,0.0,0.0,0.0,0.0,0.80815536,0.0,0.08159935,0.0,1.0,0.006622516,0.2,0.0,0.0,1.0,0.0,0.0,0.0,0.0,0.0,0.0,0.0,0.0,0.0,0.0,0.0,1.0,1.0,0.0,0.0,1.0,0.0,0.0,0.0,0.0,0.0,0.3340471,1.0,0.0,0.0,0.0,0.0,0.0,0.0,0.0,0.0,0.5373771
1053-5,0.042265426,0.1,0.07008691,0.0,0.5,0.0,0.0,0.0,0.0,0.0,0.0,0.0,0.0,0.0,0.0,0.0,0.0,0.0,0.0,0.0,0.0,0.0,0.0,0.0,0.0,1.0,0.0,0.0,0.0,0.0,1.0,0.0,0.0,0.0,0.0,0.0,0.3340471,1.0,0.0,0.0,0.0,0.021824721,0.0,0.0,0.0,0.0,0.0
1053-LARC,0.010989011,0.0,0.0,0.0,0.0,0.0,0.0,0.0,0.0,0.0,0.0,0.0,0.0,0.0,0.0,0.0,0.0,0.0,0.0,0.0,0.0,0.0,0.0,0.0,0.0,1.0,0.0,0.0,0.0,0.0,1.0,0.0,0.0,0.0,0.0,0.0,0.3340471,1.0,0.0,0.0,0.0,0.0,0.0,0.0,0.0,0.0,0.0
1056-2,0.003216296,0.1,0.0841043,0.0,1.0,0.04579042,0.0,0.13871889,0.0,1.0,0.0,0.0,0.0,0.0,0.0,0.0,0.0,0.0,0.0,0.0,0.0,0.0,0.0,0.0,0.0,1.0,1.0,0.0,0.0,0.0,0.0,0.0,0.0,1.0,0.0,0.0,0.54496783,1.0,0.0,0.0,0.0,0.034919556,0.04977941,0.0,0.0,0.0,0.043647822
1056-3,0.0016927874,0.1,0.1682086,0.0,1.0,0.056259234,0.0909,0.14973481,0.0,1.0,0.000973025,0.0,0.08233841,0.0,1.0,0.0,0.0,0.0,0.0,0.0,0.0,0.0,0.0,0.0,0.0,1.0,1.0,1.0,0.0,0.0,0.0,0.0,0.0,1.0,0.0,0.0,0.54496783,1.0,0.0,0.0,0.1037,0.087298885,0.088724926,0.044848584,0.0,0.0,0.03346524
1056-4,0.0010386589,0.0,0.0,0.0,0.0,0.055553854,0.0,0.17951857,0.0417,0.8889,0.0015570179,0.0,0.0,0.0,0.0,0.0,0.0,0.0,0.0,0.0,0.0,0.0,0.0,0.0,0.0,1.0,1.0,1.0,0.0,0.0,0.0,0.0,0.0,1.0,0.0,0.0,0.54496783,1.0,0.0,0.0,0.0139,0.0,0.17108208,0.0,0.0,0.0,0.027965246
1056-5,0.0013105558,0.1,0.0,0.0,1.0,0.02644319,0.0,0.13871889,0.0,0.8667,0.0,0.0,0.0,0.0,0.0,0.0,0.0,0.0,0.0,0.0,0.0,0.0,0.0,0.0,0.0,1.0,1.0,0.0,0.0,0.0,0.0,0.0,0.0,1.0,0.0,0.0,0.54496783,1.0,0.0,0.0,0.0,0.0,0.0632267,0.0,0.0,0.0,0.045019697
1056-LARC,0.008476995,0.1,0.09335577,0.25,1.0,0.033020355,0.0,0.12239902,0.0,1.0,0.000500316,0.0,0.0,0.0,0.0,0.0,0.0,0.0,0.0,0.0,0.0,0.0,0.0,0.0,0.0,1.0,1.0,1.0,0.0,0.0,0.0,0.0,0.0,1.0,0.0,0.0,0.54496783,1.0,0.0,0.0,0.0,0.048800077,0.05390868,0.0,0.0,0.0,0.04284713
1058-1,0.00066710135,0.0,0.05606953,0.0,1.0,0.19715251,0.0,0.24479803,0.0,1.0,0.001106651,0.0,0.14409222,0.0,0.0,0.0,0.0,0.0,0.0,0.0,0.0,0.0,0.0,0.0,0.0,1.0,1.0,1.0,0.0,0.0,0.0,0.0,0.0,0.0,1.0,0.0,0.15310493,1.0,0.0,0.0,0.55556667,0.020576347,0.19016366,0.11519358,0.0,0.0,0.05371698
1058-2,0.0031570059,0.0,0.11213906,0.0,1.0,0.06683337,0.0,0.1631987,0.0,0.0,0.0013205416,0.0,0.14409222,0.0,1.0,0.0,0.0,0.0,0.0,0.0,0.0,0.0,0.0,0.0,0.0,1.0,1.0,1.0,0.0,0.0,0.0,0.0,0.0,0.0,1.0,0.0,0.15310493,1.0,0.0,0.0,0.33333334,0.0,0.0,0.0,0.0,0.0,0.08931656
1058-3,0.0037643518,0.0,0.3223998,0.0,0.875,0.13861401,0.0,0.2855977,0.0,1.0,0.003106511,0.0,0.24701522,0.0,1.0,0.0,0.0,0.0,0.0,0.0,0.0,0.0,0.0,0.0,0.0,1.0,1.0,1.0,0.0,0.0,0.0,0.0,0.0,0.0,1.0,0.0,0.15310493,1.0,0.0,0.0,1.0,0.39284497,0.0,0.16818218,0.0,0.0,0.037436064
1058-4,0.0011424503,0.0,0.15419121,0.0,1.0,0.13686477,0.0,0.1631987,0.0,1.0,0.0007856668,0.0,0.24701522,0.0,1.0,0.0,0.0,0.0,0.0,0.0,0.0,0.0,0.0,0.0,0.0,1.0,1.0,1.0,0.0,0.0,0.0,0.0,0.0,0.0,1.0,0.0,0.15310493,1.0,0.0,0.0,0.23333333,0.124689,0.054332472,0.0,0.0,0.0,0.06070537
1058-5,0.0010835022,0.0,0.20325205,0.0,1.0,0.041420802,0.0455,0.1631987,0.0,1.0,0.0010289329,0.0,0.19555372,0.0,0.8333,0.0,0.0,0.0,0.0,0.0,0.0,0.0,0.0,0.0,0.0,1.0,1.0,1.0,0.0,0.0,0.0,0.0,0.0,0.0,1.0,0.0,0.15310493,1.0,0.0,0.0,0.69443333,0.28012902,0.11164237,0.30026686,0.0,0.0,0.0357001
1058-6,0.00017638385,0.0,0.11213906,0.0,0.0,0.059928976,0.0,0.1631987,0.0,0.75,0.0005669962,0.0,0.38410866,0.0,0.9167,0.0,0.0,0.0,0.0,0.0,0.0,0.0,0.0,0.0,0.0,1.0,1.0,1.0,0.0,0.0,0.0,0.0,0.0,0.0,1.0,0.0,0.15310493,1.0,0.0,0.0,0.30556667,0.087298885,0.044362463,0.27284756,0.0,0.0,0.05535277
1059-1,0.006843183,0.7,0.21867117,0.0,0.8333,0.4451974,0.6818,0.500612,0.4091,0.6952,0.012314596,0.4,0.37052283,0.0,1.0,0.0,0.0,0.0,0.0,0.0,0.0,0.0,0.0,0.0,0.0,1.0,1.0,1.0,0.0,0.0,0.0,0.0,1.0,0.0,0.0,0.0,0.9753747,1.0,0.0,0.0,0.3303,0.042767722,0.36016998,0.0,0.0,0.0,0.0059954147
1059-2,0.0134329805,0.8,0.30838242,0.1667,0.7756,0.5298258,0.7727,0.4745002,0.2667,0.6947,0.011454423,1.0,0.31741455,0.0,0.8392,0.0,0.0,0.0,0.0,0.0,0.0,0.0,0.0,0.0,0.0,1.0,1.0,1.0,0.0,0.0,0.0,0.0,1.0,0.0,0.0,0.0,0.9753747,1.0,0.0,0.0,0.3365,0.11931575,0.19972074,0.13684984,0.0,0.0,0.0035037308
1059-3,0.016308028,0.5,0.20325205,0.25,0.9048,0.5227996,0.9091,0.55773157,0.4815,0.7361,0.009621088,0.8,0.39810622,0.0,0.7244,0.0,0.0,0.0,0.0,0.0,0.0,0.0,0.0,0.0,0.0,1.0,1.0,1.0,0.0,0.0,0.0,0.0,1.0,0.0,0.0,0.0,0.9753747,1.0,0.0,0.0,0.26543334,0.03086452,0.2973616,0.15773807,0.0,0.0,0.0045129447
1059-4,0.012458019,0.7,0.26633027,0.25,0.8958,0.5207422,0.8182,0.5177478,0.3077,0.731,0.009575363,0.6,0.30177027,0.0,0.7652,0.0,0.0,0.0,0.0,0.0,0.0,0.0,0.0,0.0,0.0,1.0,1.0,1.0,0.0,0.0,0.0,0.0,1.0,0.0,0.0,0.0,0.9753747,1.0,0.0,0.0,0.1859,0.1358589,0.40600485,0.109363265,0.0,0.0,0.0034383421
1059-5,0.016949631,0.5,0.30838242,0.0,0.6375,0.49480575,0.9091,0.502244,0.3462,0.7083,0.010422023,0.8,0.45286125,0.0,0.8531,0.0,0.0,0.0,0.0,0.0,0.0,0.0,0.0,0.0,0.0,1.0,1.0,1.0,0.0,0.0,0.0,0.0,1.0,0.0,0.0,0.0,0.9753747,1.0,0.0,0.0,0.3077,0.11753049,0.33603004,0.23890278,0.0,0.0,0.003222522
1059-6,0.014714004,0.5,0.19624336,0.1111,0.7832,0.53955597,0.7273,0.58017135,0.4074,0.6415,0.0097687775,0.8,0.26471797,0.0,0.8409,0.0,0.0,0.0,0.0,0.0,0.0,0.0,0.0,0.0,0.0,1.0,1.0,1.0,0.0,0.0,0.0,0.0,1.0,0.0,0.0,0.0,0.9753747,1.0,0.0,0.0,0.1605,0.17872702,0.34642383,0.11605692,0.0,0.0,0.00420481
1059-LARC,0.012111751,0.8,0.3364172,0.4,0.7172,0.4957163,0.7273,0.57976335,0.4211,0.6586,0.008134937,0.6,0.41169202,0.0,0.8462,0.0,0.0,0.0,0.0,0.0,0.0,0.0,0.0,0.0,0.0,1.0,1.0,1.0,0.0,0.0,0.0,0.0,1.0,0.0,0.0,0.0,0.9753747,1.0,0.0,0.0,0.4456,0.23163013,0.22290441,0.10397583,0.0,0.0,0.0047269245
1060-1,0.008510881,0.6,0.29156154,0.3,0.8366,0.48600307,0.5909,0.43002856,0.4483,0.6899,0.0059397826,0.8,0.22643062,0.0,0.8393,0.0,0.0,0.0,0.0,0.0,0.0,0.0,0.0,0.0,0.0,1.0,1.0,1.0,0.0,0.0,0.0,0.0,0.0,1.0,0.0,0.0,0.6734475,1.0,0.0,0.0,0.2027,0.24181354,0.27208617,0.2211091,0.0,0.0,0.005186163
1060-2,0.009990276,0.4,0.23689376,0.1818,0.8524,0.4216443,0.7727,0.44267648,0.4576,0.7394,0.0051014125,0.8,0.44256893,0.375,0.8361,0.0,0.0,0.0,0.0,0.0,0.0,0.0,0.0,0.0,0.0,1.0,1.0,1.0,0.0,0.0,0.0,0.0,0.0,1.0,0.0,0.0,0.6734475,1.0,0.0,0.0,0.3346,0.13596365,0.32115382,0.32741147,0.0,0.0,0.028917834
1060-3,0.00884967,0.6,0.19904684,0.3,0.8516,0.41618395,0.6364,0.49530804,0.4419,0.7532,0.006904763,0.8,0.44092217,0.2857,0.8784,0.0,0.0,0.0,0.0,0.0,0.0,0.0,0.0,0.0,0.0,1.0,1.0,1.0,0.0,0.0,0.0,0.0,0.0,1.0,0.0,0.0,0.6734475,1.0,0.0,0.0,0.27043334,0.0623445,0.28339273,0.24238415,0.0,0.0,0.0064505353
1060-4,0.009624235,0.6,0.30557892,0.3667,0.7174,0.38994855,0.6818,0.4369645,0.4286,0.7256,0.006189829,1.0,0.33388224,0.1579,0.8012,0.0,0.0,0.0,0.0,0.0,0.0,0.0,0.0,0.0,0.0,1.0,1.0,1.0,0.0,0.0,0.0,0.0,0.0,1.0,0.0,0.0,0.6734475,1.0,0.0,0.0,0.29003334,0.3452322,0.27171126,0.23601004,0.0,0.0,0.0054705837
1060-5,0.009923952,0.6,0.23745447,0.2,0.7238,0.43347204,0.5455,0.4230926,0.3659,0.7085,0.005206727,1.0,0.45286125,0.3333,0.7836,0.0,0.0,0.0,0.0,0.0,0.0,0.0,0.0,0.0,0.0,1.0,1.0,1.0,0.0,0.0,0.0,0.0,0.0,1.0,0.0,0.0,0.6734475,1.0,0.0,0.0,0.24496667,0.14934656,0.31112945,0.33740148,0.0,0.0,0.0128719825
1060-6,0.011012089,0.6,0.2335296,0.4444,0.8044,0.43925866,0.4545,0.39371684,0.3469,0.7223,0.0071575763,0.8,0.37628654,0.2143,0.72,0.0,0.0,0.0,0.0,0.0,0.0,0.0,0.0,0.0,0.0,1.0,1.0,1.0,0.0,0.0,0.0,0.0,0.0,1.0,0.0,0.0,0.6734475,1.0,0.0,0.0,0.2071,0.1504247,0.2893639,0.2723262,0.0,0.0,0.005187243
1062-1,0.0012469407,0.4,0.20325205,0.0,0.9167,0.05674669,0.6818,0.4369645,0.0,0.8524,0.0014166076,0.6,0.2799506,0.0,0.75,0.0,0.0,0.0,0.0,0.0,0.0,0.0,0.0,0.0,0.0,1.0,1.0,1.0,0.0,0.0,1.0,0.0,0.0,0.0,0.0,0.0,0.6830835,1.0,0.0,0.0,0.5647,0.14866564,0.44769412,0.119712085,0.0,0.0,0.011247054
1062-2,0.0014855592,0.6,0.14718252,0.0,1.0,0.061360907,0.7727,0.621379,0.0,0.6892,0.0014838591,0.8,0.4775628,0.2,0.8353,0.0,0.0,0.0,0.0,0.0,0.0,0.0,0.0,0.0,0.0,1.0,1.0,1.0,0.0,0.0,1.0,0.0,0.0,0.0,0.0,0.0,0.6830835,1.0,0.0,0.0,0.20513333,0.05670063,0.3300426,0.34991983,0.0,0.0,0.010348554
1062-3,0.0022361903,0.4,0.14578077,0.0,0.875,0.057008922,0.7273,0.42390862,0.0,0.75,0.00075458805,1.0,0.39110744,0.25,0.8409,0.0,0.0,0.0,0.0,0.0,0.0,0.0,0.0,0.0,0.0,1.0,1.0,1.0,0.0,0.0,1.0,0.0,0.0,0.0,0.0,0.0,0.6830835,1.0,0.0,0.0,0.25723332,0.11905822,0.3032404,0.26994923,0.0,0.0,0.009194486
1062-4,0.0022779745,0.3,0.19624336,0.0,0.9206,0.06808403,0.8182,0.5667075,0.1053,0.7538,0.0010327814,1.0,0.4648003,0.0,0.7026,0.0,0.0,0.0,0.0,0.0,0.0,0.0,0.0,0.0,0.0,1.0,1.0,1.0,0.0,0.0,1.0,0.0,0.0,0.0,0.0,0.0,0.6830835,1.0,0.0,0.0,0.3847,0.16477227,0.5616185,0.42043865,0.0,0.0,0.006260444
1062-5,0.0019844915,0.5,0.12335297,0.0,0.9762,0.081048265,0.8182,0.4643003,0.0,0.7477,0.00094548846,1.0,0.4775628,0.2,0.75,0.0,0.0,0.0,0.0,0.0,0.0,0.0,0.0,0.0,0.0,1.0,1.0,1.0,0.0,0.0,1.0,0.0,0.0,0.0,0.0,0.0,0.6830835,1.0,0.0,0.0,0.28276667,0.15954308,0.47801712,0.14358273,0.0,0.0,0.009363112
1062-6,0.0026352545,0.3,0.11774601,0.0,0.9333,0.06550521,0.6818,0.3875969,0.0,0.7244,0.0010985313,0.8,0.18526141,0.0,0.8095,0.0,0.0,0.0,0.0,0.0,0.0,0.0,0.0,0.0,0.0,1.0,1.0,1.0,0.0,0.0,1.0,0.0,0.0,0.0,0.0,0.0,0.6830835,1.0,0.0,0.0,0.19443333,0.06172904,0.36821115,0.16503718,0.0,0.0,0.008196691
1063-1,0.002063987,0.0,0.0841043,0.0,0.0,0.14005926,0.0,0.18155853,0.0,0.6,0.002402122,0.0,0.24701522,0.0,1.0,0.0,0.0,0.0,0.0,0.0,0.0,0.0,0.0,0.0,0.0,1.0,1.0,1.0,0.0,0.0,1.0,0.0,0.0,0.0,0.0,0.0,0.26980728,1.0,0.0,0.0,0.05556667,0.0,0.16721904,0.028030364,0.0,0.0,0.037540995
1063-2,0.0015784557,0.1,0.1494253,0.0,1.0,0.14209674,0.0,0.23459813,0.0,0.6875,0.0030556058,0.0,0.32935363,0.0,1.0,0.0,0.0,0.0,0.0,0.0,0.0,0.0,0.0,0.0,0.0,1.0,1.0,1.0,0.0,0.0,1.0,0.0,0.0,0.0,0.0,0.0,0.26980728,1.0,0.0,0.0,0.2892,0.14269876,0.21074478,0.22424291,0.0,0.0,0.023110552
1063-3,0.005949654,0.0,0.15138774,0.0,0.85,0.17356832,0.0,0.14973481,0.0,0.0,0.0028989173,0.0,0.19761218,0.0,0.75,0.0,0.0,0.0,0.0,0.0,0.0,0.0,0.0,0.0,0.0,1.0,1.0,1.0,0.0,0.0,1.0,0.0,0.0,0.0,0.0,0.0,0.26980728,1.0,0.0,0.0,0.31666666,0.096513286,0.12149284,0.16780658,0.0,0.0,0.036794532
1063-4,0.0074228076,0.0,0.11213906,0.1667,0.6667,0.18119389,0.0,0.22439821,0.0,0.6667,0.0030754718,0.0,0.17167558,0.0,0.7333,0.0,0.0,0.0,0.0,0.0,0.0,0.0,0.0,0.0,0.0,1.0,1.0,1.0,0.0,0.0,1.0,0.0,0.0,0.0,0.0,0.0,0.26980728,1.0,0.0,0.0,0.22223334,0.021824721,0.22826159,0.11519358,0.0,0.0,0.020066878
1063-5,0.0040146,0.0,0.106532104,0.4,1.0,0.19342819,0.0,0.18359853,0.25,0.5,0.0011854146,0.0,0.26759982,0.0,0.0,0.0,0.0,0.0,0.0,0.0,0.0,0.0,0.0,0.0,0.0,1.0,1.0,1.0,0.0,0.0,1.0,0.0,0.0,0.0,0.0,0.0,0.26980728,1.0,0.0,0.0,0.6611,0.064151585,0.16959338,0.056060728,0.0,0.0,0.068582274
1063-6,0.0018540596,0.0,0.12139053,0.3333,1.0,0.19177294,0.0,0.24479803,0.1667,0.6778,0.001437659,0.0,0.23342939,0.3333,1.0,0.0,0.0,0.0,0.0,0.0,0.0,0.0,0.0,0.0,0.0,1.0,1.0,1.0,0.0,0.0,1.0,0.0,0.0,0.0,0.0,0.0,0.26980728,1.0,0.0,0.0,0.3333,0.09429153,0.24712582,0.22579579,0.0,0.0,0.019483667
1064-1,0.0,0.0,0.0,0.0,0.0,0.080409944,0.3182,0.3614851,0.0,0.5887,0.0017886716,1.0,0.5277892,0.0,0.6772,0.0,0.0,0.0,0.0,0.0,0.0,0.0,0.0,0.0,0.0,0.0,1.0,1.0,0.0,0.0,1.0,0.0,0.0,0.0,0.0,0.0,0.617773,1.0,0.0,0.0,0.52275,0.0,0.34642383,0.53262174,0.0,0.0,0.014179227
1064-2,0.002224727,0.8,0.3470704,0.0,0.7361,0.07408018,0.2727,0.67523456,0.0909,0.7161,0.0017950239,1.0,0.41169202,0.0,0.75,0.0,0.0,0.0,0.0,0.0,0.0,0.0,0.0,0.0,0.0,1.0,1.0,1.0,0.0,0.0,1.0,0.0,0.0,0.0,0.0,0.0,0.617773,1.0,0.0,0.0,0.33713335,0.31627077,0.66557825,0.2236711,0.0,0.0,0.0166797
1064-3,0.0017130182,0.5,0.31539112,0.1111,0.5942,0.07244928,0.3636,0.49286005,0.0,0.7511,0.0012289712,1.0,0.4343351,0.0,0.6023,0.0,0.0,0.0,0.0,0.0,0.0,0.0,0.0,0.0,0.0,1.0,1.0,1.0,0.0,0.0,1.0,0.0,0.0,0.0,0.0,0.0,0.617773,1.0,0.0,0.0,0.4722,0.37761134,0.30207226,0.3057384,0.0,0.0,0.01134115
1064-4,0.0027284138,0.6,0.3052986,0.1,0.6308,0.07037818,0.4545,0.5271318,0.0417,0.6342,0.0025051453,1.0,0.43227664,0.0,0.4964,0.0,0.0,0.0,0.0,0.0,0.0,0.0,0.0,0.0,0.0,1.0,1.0,1.0,0.0,0.0,1.0,0.0,0.0,0.0,0.0,0.0,0.617773,1.0,0.0,0.0,0.40556666,0.42858952,0.57604915,0.3312292,0.0,0.0,0.017938903
1064-5,0.0031760146,0.8,0.3294085,0.2,0.6758,0.034414716,0.3636,0.39534882,0.0,0.4852,0.0011372787,0.8,0.46027172,0.0,0.5692,0.0,0.0,0.0,0.0,0.0,0.0,0.0,0.0,0.0,0.0,1.0,1.0,1.0,0.0,0.0,1.0,0.0,0.0,0.0,0.0,0.0,0.617773,1.0,0.0,0.0,0.25993332,0.5535055,0.41442093,0.3333427,0.0,0.0,0.015630156
1064-6,0.0029663064,0.7,0.25848055,0.0,0.6391,0.056774568,0.2273,0.38841292,0.129,0.4932,0.0010835859,0.8,0.30876902,0.0,0.8571,0.0,0.0,0.0,0.0,0.0,0.0,0.0,0.0,0.0,0.0,1.0,1.0,1.0,0.0,0.0,1.0,0.0,0.0,0.0,0.0,0.0,0.617773,1.0,0.0,0.0,0.16936667,0.2647906,0.47741398,0.2151891,0.0,0.0,0.0149886245
1065-1,0.0057638707,0.5,0.26633027,0.25,0.7917,0.3038984,0.6818,0.57568336,0.3889,0.6571,0.0053103385,1.0,0.2634829,0.0,0.8611,0.0,0.0,0.0,0.0,0.0,0.0,0.0,0.0,0.0,0.0,1.0,1.0,1.0,0.0,0.0,0.0,0.0,1.0,0.0,0.0,0.0,0.90792286,1.0,0.0,0.0,0.33333334,0.25169578,0.5201302,0.13547635,0.0,0.0,0.014625177
1065-2,0.01039111,0.5,0.15419121,0.25,1.0,0.2529472,0.6364,0.47123623,0.2727,0.6303,0.0056074476,1.0,0.37052283,0.0,0.7619,0.0,0.0,0.0,0.0,0.0,0.0,0.0,0.0,0.0,0.0,1.0,1.0,1.0,0.0,0.0,0.0,0.0,1.0,0.0,0.0,0.0,0.90792286,1.0,0.0,0.0,0.38636667,0.047564797,0.36162606,0.10487841,0.0,0.0,0.006060365
1065-3,0.008165771,0.5,0.36445194,0.6667,0.9792,0.24533968,0.6364,0.4736842,0.3226,0.6573,0.0053924536,0.8,0.362289,0.0,0.75,0.0,0.0,0.0,0.0,0.0,0.0,0.0,0.0,0.0,0.0,1.0,1.0,1.0,0.0,0.0,0.0,0.0,1.0,0.0,0.0,0.0,0.90792286,1.0,0.0,0.0,0.2172,0.102881745,0.4269174,0.2174091,0.0,0.0,0.007904706
1067-1,0.004142238,0.1,0.07933839,0.0,1.0,0.21315445,0.0,0.1370869,0.0,0.8333,0.0020324858,0.0,0.08233841,0.0,0.0,0.0,0.0,0.0,0.0,0.0,0.0,0.0,0.0,0.0,0.0,1.0,1.0,1.0,0.0,0.0,1.0,0.0,0.0,0.0,0.0,0.0,0.24518201,1.0,0.0,0.0,0.0196,0.036368713,0.11673331,0.024274295,0.0,0.0,0.017227633
1067-2,0.0042387703,0.0,0.0,0.0,0.0,0.18457213,0.0,0.19624643,0.0233,0.2381,0.0019775263,0.2,0.18526141,0.0,1.0,0.0,0.0,0.0,0.0,0.0,0.0,0.0,0.0,0.0,0.0,1.0,1.0,1.0,0.0,0.0,1.0,0.0,0.0,0.0,0.0,0.0,0.24518201,1.0,0.0,0.0,0.007766667,0.0,0.105774455,0.11494692,0.0,0.0,0.017034533
1067-3,0.0009867046,0.1,0.11802636,0.0,0.2,0.11812605,0.0,0.22358221,0.0,0.1177,0.00031794436,0.0,0.15273775,0.0,0.3333,0.0,0.0,0.0,0.0,0.0,0.0,0.0,0.0,0.0,0.0,1.0,1.0,1.0,0.0,0.0,1.0,0.0,0.0,0.0,0.0,0.0,0.24518201,1.0,0.0,0.0,0.0,0.06145405,0.14244887,0.058852553,0.0,0.0,0.018457135
1069-1,0.0135388225,0.8,0.47659102,0.6667,0.9821,0.44719073,0.8182,0.7960016,0.6047,0.7504,0.0054713804,1.0,0.44586247,0.0,0.6792,0.0,0.0,0.0,0.0,0.0,0.0,0.0,0.0,0.0,0.0,1.0,1.0,1.0,0.0,0.0,0.0,0.0,1.0,0.0,0.0,0.0,0.9892933,1.0,0.0,0.0,0.37596667,0.09429153,0.6240682,0.33441344,0.0,0.0,0.007401165
1069-2,0.0141693875,0.8,0.51163447,0.5,0.7262,0.5203217,0.9545,0.7144023,0.451,0.7416,0.006872346,0.8,0.5076163,0.1,0.6761,0.0,0.0,0.0,0.0,0.0,0.0,0.0,0.0,0.0,0.0,1.0,1.0,1.0,0.0,0.0,0.0,0.0,1.0,0.0,0.0,0.0,0.9892933,1.0,0.0,0.0,0.55326664,0.20819475,0.8200781,0.4050724,0.0,0.0,0.0042506023
1069-3,0.012921272,0.9,0.4165966,0.4286,0.7206,0.46753922,0.9091,0.7576499,0.5,0.7509,0.007281936,0.8,0.65870726,0.0,0.7709,0.0,0.0,0.0,0.0,0.0,0.0,0.0,0.0,0.0,0.0,1.0,1.0,1.0,0.0,0.0,0.0,0.0,1.0,0.0,0.0,0.0,0.9892933,1.0,0.0,0.0,0.5488,0.38881612,0.6650947,0.36903656,0.0,0.0,0.006067695
1069-4,0.013969621,0.9,0.43734235,0.4,0.6741,0.36375222,0.9091,0.8412893,0.4688,0.7253,0.00646743,1.0,0.47344583,0.1667,0.809,0.0,0.0,0.0,0.0,0.0,0.0,0.0,0.0,0.0,0.0,1.0,1.0,1.0,0.0,0.0,0.0,0.0,1.0,0.0,0.0,0.0,0.9892933,1.0,0.0,0.0,0.4736,0.19046435,0.6193359,0.31380552,0.0,0.0,0.0050826333
1069-5,0.010859064,1.0,0.38323525,0.5,0.8348,0.62386006,1.0,0.7025704,0.5435,0.7867,0.0075173443,0.8,0.38863727,0.0,0.8576,0.0,0.0,0.0,0.0,0.0,0.0,0.0,0.0,0.0,0.0,1.0,1.0,1.0,0.0,0.0,0.0,0.0,1.0,0.0,0.0,0.0,0.9892933,1.0,0.0,0.0,0.37436667,0.27721325,0.50778586,0.28585365,0.0,0.0,0.0034057505
1069-6,0.013676538,0.9,0.36445194,0.3333,0.7795,0.5617478,0.9091,0.6956344,0.5366,0.7996,0.006642814,0.8,0.4392754,0.2222,0.7648,0.0,0.0,0.0,0.0,0.0,0.0,0.0,0.0,0.0,0.0,1.0,1.0,1.0,0.0,0.0,0.0,0.0,1.0,0.0,0.0,0.0,0.9892933,1.0,0.0,0.0,0.46476668,0.23154283,0.58565515,0.36533654,0.0,0.0,0.0037493976
1070-1,0.0030155764,0.1,0.116904974,0.0,0.5893,0.0,0.0,0.0,0.0,0.0,0.0,0.0,0.0,0.0,0.0,0.0,0.0,0.0,0.0,0.0,0.0,0.0,0.0,0.0,0.0,1.0,0.0,0.0,0.0,0.0,1.0,0.0,0.0,0.0,0.0,0.0,0.24197002,1.0,0.0,0.0,0.2857,0.07325249,0.0,0.0,0.0,0.0,0.038573075
1070-3,0.0016632166,0.1,0.05606953,0.0,1.0,0.0,0.0,0.0,0.0,0.0,0.0,0.0,0.0,0.0,0.0,0.0,0.0,0.0,0.0,0.0,0.0,0.0,0.0,0.0,0.0,1.0,0.0,0.0,0.0,0.0,1.0,0.0,0.0,0.0,0.0,0.0,0.24197002,1.0,0.0,0.0,0.0,0.0,0.0,0.0,0.0,0.0,0.0
1070-4,0.0,0.0,0.0,0.0,0.0,0.0,0.0,0.0,0.0,0.0,0.0031028502,0.0,0.22643062,0.0,1.0,0.0,0.0,0.0,0.0,0.0,0.0,0.0,0.0,0.0,0.0,0.0,0.0,1.0,0.0,0.0,1.0,0.0,0.0,0.0,0.0,0.0,0.24197002,1.0,0.0,0.0,0.5,0.0,0.0,0.056060728,0.0,0.0,0.0
1070-5,0.0,0.0,0.0,0.0,0.0,0.0,0.0,0.0,0.0,0.0,0.00087999064,0.0,0.14409222,0.0,1.0,0.0,0.0,0.0,0.0,0.0,0.0,0.0,0.0,0.0,0.0,0.0,0.0,1.0,0.0,0.0,1.0,0.0,0.0,0.0,0.0,0.0,0.24197002,1.0,0.0,0.0,0.0,0.0,0.0,0.08409109,0.0,0.0,0.0
1070-6,0.001801696,0.1,0.12615645,0.0,1.0,0.29325414,0.0,0.08159935,0.0,1.0,0.0,0.0,0.0,0.0,0.0,0.0,0.0,0.0,0.0,0.0,0.0,0.0,0.0,0.0,0.0,1.0,1.0,0.0,0.0,0.0,1.0,0.0,0.0,0.0,0.0,0.0,0.24197002,1.0,0.0,0.0,0.0,0.08969088,0.0,0.0,0.0,0.0,0.09516522
1072-1,0.0030125638,0.5,0.2453042,0.0,0.925,0.13120174,0.5,0.5381477,0.25,0.727,0.0014701514,0.8,0.52161384,0.0,0.7625,0.0,0.0,0.0,0.0,0.0,0.0,0.0,0.0,0.0,0.0,1.0,1.0,1.0,0.0,0.0,1.0,0.0,0.0,0.0,0.0,0.0,0.7152034,1.0,0.0,0.0,0.49306667,0.36307168,0.44853628,0.48080483,0.0,0.0,0.030040741
1072-2,0.003454351,0.8,0.2635268,0.2,0.8889,0.112814255,0.5909,0.42350063,0.2308,0.7275,0.0024916823,0.8,0.39110744,0.0,0.9286,0.0,0.0,0.0,0.0,0.0,0.0,0.0,0.0,0.0,0.0,1.0,1.0,1.0,0.0,0.0,1.0,0.0,0.0,0.0,0.0,0.0,0.7152034,1.0,0.0,0.0,0.45126668,0.13411291,0.28632128,0.44936037,0.0,0.0,0.020181037
1072-3,0.0039248457,0.6,0.38127282,0.4,0.8083,0.13520098,0.5909,0.5124439,0.3333,0.6898,0.0016770717,0.8,0.3363524,0.0,0.8409,0.0,0.0,0.0,0.0,0.0,0.0,0.0,0.0,0.0,0.0,1.0,1.0,1.0,0.0,0.0,1.0,0.0,0.0,0.0,0.0,0.0,0.7152034,1.0,0.0,0.0,0.39876667,0.15120603,0.42276096,0.19148663,0.0,0.0,0.022645883
1072-4,0.0029162285,0.5,0.2682927,0.1429,0.6084,0.15801194,0.6818,0.49449205,0.2917,0.6835,0.0021919722,0.8,0.4648003,0.1429,0.631,0.0,0.0,0.0,0.0,0.0,0.0,0.0,0.0,0.0,0.0,1.0,1.0,1.0,0.0,0.0,1.0,0.0,0.0,0.0,0.0,0.0,0.7152034,1.0,0.0,0.0,0.6428667,0.20568053,0.4197618,0.2354046,0.0,0.0,0.012597521
1072-5,0.0037196535,0.6,0.3223998,0.5,0.9182,0.14259385,0.6818,0.47939616,0.1667,0.6553,0.0022400843,0.8,0.32935363,0.4,0.9524,0.0,0.0,0.0,0.0,0.0,0.0,0.0,0.0,0.0,0.0,1.0,1.0,1.0,0.0,0.0,1.0,0.0,0.0,0.0,0.0,0.0,0.7152034,1.0,0.0,0.0,0.71666664,0.21933408,0.30369136,0.16780658,0.0,0.0,0.013630711
1072-6,0.0040621515,0.7,0.22427812,0.1667,0.8889,0.11771505,0.6364,0.4500204,0.3226,0.7095,0.0027571726,0.8,0.48373815,0.0,0.9111,0.0,0.0,0.0,0.0,0.0,0.0,0.0,0.0,0.0,0.0,1.0,1.0,1.0,0.0,0.0,1.0,0.0,0.0,0.0,0.0,0.0,0.7152034,1.0,0.0,0.0,0.5932,0.06863002,0.3480158,0.2992802,0.0,0.0,0.018588554
1077-1,0.008397356,0.7,0.7476872,0.6667,0.7802,0.5194957,0.5909,0.7278662,0.5789,0.7365,0.0056566074,0.6,0.25730753,0.25,0.9762,0.0,0.0,0.0,0.0,0.0,0.0,0.0,0.0,0.0,0.0,1.0,1.0,1.0,0.0,0.0,0.0,0.0,0.0,1.0,0.0,0.0,0.61563164,1.0,0.0,0.0,0.38013333,0.4746004,0.4944907,0.17728084,0.0,0.0,0.047467254
1077-2,0.0072456445,0.6,0.34454727,0.1429,0.8431,0.57961386,0.6818,0.626683,0.5778,0.6867,0.0037079998,0.4,0.50514615,0.4545,0.8011,0.0,0.0,0.0,0.0,0.0,0.0,0.0,0.0,0.0,0.0,1.0,1.0,1.0,0.0,0.0,0.0,0.0,0.0,1.0,0.0,0.0,0.61563164,1.0,0.0,0.0,0.34303334,0.2816393,0.35854542,0.3736784,0.0,0.0,0.009926756
1077-3,0.009817037,0.8,1.0,0.6667,0.8824,0.60013664,0.7727,0.74459404,0.6875,0.7207,0.0057527237,0.8,0.38040343,0.1765,0.7368,0.0,0.0,0.0,0.0,0.0,0.0,0.0,0.0,0.0,0.0,1.0,1.0,1.0,0.0,0.0,0.0,0.0,0.0,1.0,0.0,0.0,0.61563164,1.0,0.0,0.0,0.6084333,0.22912902,0.514534,0.40015027,0.0,0.0,0.0125047965
1077-4,0.009365634,0.6,0.44575277,0.5,0.7556,0.6401384,0.6818,0.74745,0.7273,0.6885,0.007286434,0.8,0.38822562,0.1429,0.7912,0.0,0.0,0.0,0.0,0.0,0.0,0.0,0.0,0.0,0.0,1.0,1.0,1.0,0.0,0.0,0.0,0.0,0.0,1.0,0.0,0.0,0.61563164,1.0,0.0,0.0,0.2775,0.40327722,0.5788962,0.30393323,0.0,0.0,0.01235676
1077-5,0.010756654,0.5,0.5494814,0.6,0.7924,0.63545036,0.6818,0.5985312,0.4286,0.6804,0.005893666,0.8,0.3268835,0.0556,0.8498,0.0,0.0,0.0,0.0,0.0,0.0,0.0,0.0,0.0,0.0,1.0,1.0,1.0,0.0,0.0,0.0,0.0,0.0,1.0,0.0,0.0,0.61563164,1.0,0.0,0.0,0.34233335,0.19983587,0.42646644,0.27208516,0.0,0.0,0.009378093
1077-6,0.009751678,0.6,0.48135692,0.1667,0.8831,0.48790744,0.6818,0.6119951,0.5,0.7228,0.0037549199,0.8,0.3108275,0.0,0.7842,0.0,0.0,0.0,0.0,0.0,0.0,0.0,0.0,0.0,0.0,1.0,1.0,1.0,0.0,0.0,0.0,0.0,0.0,1.0,0.0,0.0,0.61563164,1.0,0.0,0.0,0.2601,0.97298974,0.53477824,0.33828723,0.0,0.0,0.005984726
1079-1,0.0065516788,0.8,0.3058593,0.1818,0.7307,0.34525692,0.9545,0.46838024,0.3438,0.6682,0.005456309,0.8,0.2799506,0.0,0.8056,0.0,0.0,0.0,0.0,0.0,0.0,0.0,0.0,0.0,0.0,1.0,1.0,1.0,0.0,0.0,0.0,0.0,0.0,1.0,0.0,0.0,0.89079225,1.0,0.0,0.0,0.48343334,0.15990974,0.3790179,0.044848584,0.0,0.0,0.004909072
1079-2,0.0064439867,0.5,0.2629661,0.0625,0.7692,0.38368866,0.9545,0.45858833,0.3368,0.6518,0.0027262128,0.6,0.4392754,0.0,0.6786,0.0,0.0,0.0,0.0,0.0,0.0,0.0,0.0,0.0,0.0,1.0,1.0,1.0,0.0,0.0,0.0,0.0,0.0,1.0,0.0,0.0,0.89079225,1.0,0.0,0.0,0.2894,0.26448506,0.2990405,0.31712994,0.0,0.0,0.0053953826
1079-3,0.008570464,0.8,0.3770676,0.3636,0.88,0.36664274,1.0,0.5091799,0.3511,0.6784,0.006169261,0.8,0.4293948,0.1429,0.8625,0.0,0.0,0.0,0.0,0.0,0.0,0.0,0.0,0.0,0.0,1.0,1.0,1.0,0.0,0.0,0.0,0.0,0.0,1.0,0.0,0.0,0.89079225,1.0,0.0,0.0,0.33153334,0.34634525,0.34406582,0.15279353,0.0,0.0,0.0056027626
1079-4,0.008146061,0.7,0.37202135,0.5455,0.7788,0.3360743,0.9091,0.5585475,0.3908,0.6825,0.004697258,1.0,0.45738983,0.1111,0.6285,0.0,0.0,0.0,0.0,0.0,0.0,0.0,0.0,0.0,0.0,1.0,1.0,1.0,0.0,0.0,0.0,0.0,0.0,1.0,0.0,0.0,0.89079225,1.0,0.0,0.0,0.4379,0.22572874,0.36335927,0.38296765,0.0,0.0,0.004821547
1079-5,0.0074824174,0.8,0.4165966,0.7143,0.875,0.3388292,1.0,0.47205222,0.2561,0.719,0.004730539,0.6,0.45862496,0.1429,0.7679,0.0,0.0,0.0,0.0,0.0,0.0,0.0,0.0,0.0,0.0,1.0,1.0,1.0,0.0,0.0,0.0,0.0,0.0,1.0,0.0,0.0,0.89079225,1.0,0.0,0.0,0.39546666,0.23842634,0.3317269,0.13208468,0.0,0.0,0.0060831737
1079-6,0.009807749,0.7,0.2929633,0.2727,0.9132,0.4195802,0.9091,0.52998775,0.3824,0.6809,0.006000954,0.8,0.25277892,0.1429,0.7576,0.0,0.0,0.0,0.0,0.0,0.0,0.0,0.0,0.0,0.0,1.0,1.0,1.0,0.0,0.0,0.0,0.0,0.0,1.0,0.0,0.0,0.89079225,1.0,0.0,0.0,0.27346668,0.23117617,0.4308239,0.11494692,0.0,0.0,0.0053896587
1080-1,0.0016388464,0.6,0.15895712,0.0,1.0,0.054342534,0.1818,0.17951857,0.0,0.9,0.0031404938,0.8,0.37052283,0.0,1.0,0.0,0.0,0.0,0.0,0.0,0.0,0.0,0.0,0.0,0.0,1.0,1.0,1.0,0.0,0.0,1.0,0.0,0.0,0.0,0.0,0.0,0.7623126,1.0,0.0,0.0,0.16666667,0.13492917,0.17744985,0.0,0.0,0.0,0.044213686
1080-2,0.0027194028,0.8,0.39248672,0.5,1.0,0.015682593,0.1818,0.36719707,0.0,0.6,0.001304501,0.6,0.32935363,0.5,1.0,0.0,0.0,0.0,0.0,0.0,0.0,0.0,0.0,0.0,0.0,1.0,1.0,1.0,0.0,0.0,1.0,0.0,0.0,0.0,0.0,0.0,0.7623126,1.0,0.0,0.0,0.55556667,0.1091236,0.11164237,0.112121455,0.0,0.0,0.06687353
1080-3,0.0032991385,0.6,0.26633027,0.0,1.0,0.026344946,0.1818,0.30599755,0.0,1.0,0.0014478413,0.8,0.20584601,0.25,1.0,0.0,0.0,0.0,0.0,0.0,0.0,0.0,0.0,0.0,0.0,1.0,1.0,1.0,0.0,0.0,1.0,0.0,0.0,0.0,0.0,0.0,0.7623126,1.0,0.0,0.0,0.19443333,0.21018516,0.17928629,0.06865757,0.0,0.0,0.04266095
1080-4,0.003470214,0.7,0.21726944,0.25,0.9792,0.055997856,0.4091,0.24479803,0.0,1.0,0.0017982866,0.6,0.2387814,0.0,0.9143,0.0,0.0,0.0,0.0,0.0,0.0,0.0,0.0,0.0,0.0,1.0,1.0,1.0,0.0,0.0,1.0,0.0,0.0,0.0,0.0,0.0,0.7623126,1.0,0.0,0.0,0.23333333,0.18615177,0.18173125,0.28142485,0.0,0.0,0.027743058
1080-5,0.0018664107,0.5,0.11213906,0.0,0.8,0.04180813,0.5,0.33986127,0.0,0.9,0.001658983,0.8,0.3458213,0.2,0.825,0.0,0.0,0.0,0.0,0.0,0.0,0.0,0.0,0.0,0.0,1.0,1.0,1.0,0.0,0.0,1.0,0.0,0.0,0.0,0.0,0.0,0.7623126,1.0,0.0,0.0,0.31666666,0.05670063,0.24094822,0.2867338,0.0,0.0,0.019481622
1080-6,0.0013219295,0.7,0.3364172,0.0,0.8889,0.07941869,0.5909,0.29130965,0.2381,0.6812,0.0021948544,0.6,0.20584601,0.0,1.0,0.0,0.0,0.0,0.0,0.0,0.0,0.0,0.0,0.0,0.0,1.0,1.0,1.0,0.0,0.0,1.0,0.0,0.0,0.0,0.0,0.0,0.7623126,1.0,0.0,0.0,0.2222,0.17938176,0.31169996,0.06267589,0.0,0.0,0.028024092
1082-1,0.004482993,0.7,0.12783852,0.0,0.9048,0.10457938,0.7273,0.32109344,0.2,0.6368,0.0025485102,1.0,0.2223137,0.0,0.9524,0.0,0.0,0.0,0.0,0.0,0.0,0.0,0.0,0.0,0.0,1.0,1.0,1.0,0.0,0.0,1.0,0.0,0.0,0.0,0.0,0.0,0.76552457,1.0,0.0,0.0,0.2734,0.06172904,0.30797818,0.18961419,0.0,0.0,0.0130933225
1082-2,0.003023204,0.9,0.18026353,0.25,0.7273,0.13321386,0.9091,0.3508772,0.129,0.6524,0.0018029257,1.0,0.23507616,0.125,0.7667,0.0,0.0,0.0,0.0,0.0,0.0,0.0,0.0,0.0,0.0,1.0,1.0,1.0,0.0,0.0,1.0,0.0,0.0,0.0,0.0,0.0,0.76552457,1.0,0.0,0.0,0.3992,0.19390391,0.3333786,0.16920248,0.0,0.0,0.010903902
1082-3,0.002518586,0.8,0.14017382,0.3333,0.8889,0.13349767,0.8636,0.3602611,0.1875,0.6298,0.0029398762,1.0,0.22643062,0.0,0.9125,0.0,0.0,0.0,0.0,0.0,0.0,0.0,0.0,0.0,0.0,1.0,1.0,1.0,0.0,0.0,1.0,0.0,0.0,0.0,0.0,0.0,0.76552457,1.0,0.0,0.0,0.24303333,0.1039075,0.36714625,0.2468466,0.0,0.0,0.012268534
1082-4,0.0037776693,0.9,0.13512757,0.1818,0.7622,0.12757881,0.8636,0.32190943,0.2586,0.6548,0.0035600234,1.0,0.17826265,0.1111,0.6768,0.0,0.0,0.0,0.0,0.0,0.0,0.0,0.0,0.0,0.0,1.0,1.0,1.0,0.0,0.0,1.0,0.0,0.0,0.0,0.0,0.0,0.76552457,1.0,0.0,0.0,0.2621,0.085474335,0.22036164,0.08675958,0.0,0.0,0.008740622
1082-5,0.0033293376,0.9,0.25791985,0.4,0.7216,0.12541749,0.8182,0.37862095,0.22,0.6843,0.0016607805,0.8,0.22354877,0.125,0.85,0.0,0.0,0.0,0.0,0.0,0.0,0.0,0.0,0.0,0.0,1.0,1.0,1.0,0.0,0.0,1.0,0.0,0.0,0.0,0.0,0.0,0.76552457,1.0,0.0,0.0,0.39,0.15095288,0.29424837,0.16686475,0.0,0.0,0.01357312
1082-6,0.002656554,0.8,0.18923466,0.375,0.7375,0.108424835,0.9091,0.3508772,0.2558,0.7002,0.0012212209,0.8,0.25154385,0.3,0.6923,0.0,0.0,0.0,0.0,0.0,0.0,0.0,0.0,0.0,0.0,1.0,1.0,1.0,0.0,0.0,1.0,0.0,0.0,0.0,0.0,0.0,0.76552457,1.0,0.0,0.0,0.34186667,0.11007517,0.19653141,0.17451145,0.0,0.0,0.018210096
1084-1,0.011053301,0.5,0.5536866,0.5,0.7743,0.45824337,0.7727,0.52264386,0.25,0.784,0.007613039,1.0,0.44586247,0.0,0.7385,0.0,0.0,0.0,0.0,0.0,0.0,0.0,0.0,0.0,0.0,1.0,1.0,1.0,0.0,0.0,0.0,0.0,1.0,0.0,0.0,0.0,0.9850106,1.0,0.0,0.0,0.43056667,0.49130067,0.3138135,0.20892712,0.0,0.0,0.0040845466
1084-2,0.0110093765,0.6,0.40370062,0.3,0.6593,0.3893727,0.6364,0.6066911,0.4667,0.7761,0.00676048,0.8,0.4693289,0.0,0.7679,0.0,0.0,0.0,0.0,0.0,0.0,0.0,0.0,0.0,0.0,1.0,1.0,1.0,0.0,0.0,0.0,0.0,1.0,0.0,0.0,0.0,0.9850106,1.0,0.0,0.0,0.3111,0.32122934,0.25318933,0.14182243,0.0,0.0,0.0038516126
1084-3,0.009903035,0.7,0.42977294,0.5,0.8993,0.40183645,0.6818,0.5279478,0.3529,0.7071,0.005854931,1.0,0.45986,0.2857,0.6732,0.0,0.0,0.0,0.0,0.0,0.0,0.0,0.0,0.0,0.0,1.0,1.0,1.0,0.0,0.0,0.0,0.0,1.0,0.0,0.0,0.0,0.9850106,1.0,0.0,0.0,0.19283333,0.49217367,0.35272098,0.28382987,0.0,0.0,0.0042222743
1084-4,0.009059605,0.9,0.27193722,0.5,0.875,0.43621352,0.8636,0.5883313,0.4167,0.6389,0.005893833,0.8,0.61753803,0.2727,0.5397,0.0,0.0,0.0,0.0,0.0,0.0,0.0,0.0,0.0,0.0,1.0,1.0,1.0,0.0,0.0,0.0,0.0,1.0,0.0,0.0,0.0,0.9850106,1.0,0.0,0.0,0.3212,0.17938612,0.49386585,0.26560453,0.0,0.0,0.004554035
1084-5,0.012673285,0.7,0.3364172,0.125,0.805,0.41198662,0.9091,0.65728277,0.6111,0.7141,0.0063244984,1.0,0.59448326,0.2222,0.5936,0.0,0.0,0.0,0.0,0.0,0.0,0.0,0.0,0.0,0.0,1.0,1.0,1.0,0.0,0.0,0.0,0.0,1.0,0.0,0.0,0.0,0.9850106,1.0,0.0,0.0,0.1898,0.36188006,0.46205422,0.53169113,0.0,0.0,0.003409284
1084-6,0.012054047,0.7,0.3111859,0.1,0.5449,0.386312,0.7727,0.39575684,0.25,0.8721,0.007837297,1.0,0.49403045,0.125,0.5257,0.0,0.0,0.0,0.0,0.0,0.0,0.0,0.0,0.0,0.0,1.0,1.0,1.0,0.0,0.0,0.0,0.0,1.0,0.0,0.0,0.0,0.9850106,1.0,0.0,0.0,0.33333334,0.2189456,0.23343948,0.25536785,0.0,0.0,0.0046694214
1087-1,0.0024782228,0.8,0.20016822,0.1429,0.6364,0.09472054,0.5455,0.50714,0.3,0.4101,0.0023623137,0.8,0.24701522,0.0,0.9333,0.0,0.0,0.0,0.0,0.0,0.0,0.0,0.0,0.0,0.0,1.0,1.0,1.0,0.0,0.0,0.0,0.0,0.0,0.0,0.0,1.0,0.8351177,1.0,0.0,0.0,0.3651,0.111895345,0.55728817,0.27272424,0.0,0.0,0.01018168
1087-2,0.004004325,0.6,0.2399776,0.3333,0.5725,0.14877872,0.5909,0.49530804,0.1892,0.5525,0.00320329,0.8,0.38410866,0.0,0.5275,0.0,0.0,0.0,0.0,0.0,0.0,0.0,0.0,0.0,0.0,1.0,1.0,1.0,0.0,0.0,0.0,0.0,0.0,0.0,0.0,1.0,0.8351177,1.0,0.0,0.0,0.75486666,0.15595509,0.51907074,0.27257288,0.0,0.0,0.014957989
1087-3,0.0034307253,0.7,0.8270256,0.5,0.6667,0.1246102,0.7273,0.59567523,0.2667,0.4926,0.002483961,0.8,0.28242075,0.0,0.6364,0.0,0.0,0.0,0.0,0.0,0.0,0.0,0.0,0.0,0.0,1.0,1.0,1.0,0.0,0.0,0.0,0.0,0.0,0.0,0.0,1.0,0.8351177,1.0,0.0,0.0,0.59206665,0.37102026,0.7078978,0.13871667,0.0,0.0,0.013400172
1087-4,0.0030890335,0.6,0.27109617,0.2,0.4551,0.13509217,0.6818,0.6776826,0.439,0.4432,0.0019056686,0.6,0.37628654,0.25,0.4917,0.0,0.0,0.0,0.0,0.0,0.0,0.0,0.0,0.0,0.0,1.0,1.0,1.0,0.0,0.0,0.0,0.0,0.0,0.0,0.0,1.0,0.8351177,1.0,0.0,0.0,0.5861667,0.23923822,0.7289407,0.31464085,0.0,0.0,0.00761681
1087-5,0.004252913,0.6,0.4123914,0.1429,0.5278,0.14223559,0.7727,0.5728274,0.3556,0.4184,0.0019342874,0.6,0.3157678,0.0,0.6786,0.0,0.0,0.0,0.0,0.0,0.0,0.0,0.0,0.0,0.0,1.0,1.0,1.0,0.0,0.0,0.0,0.0,0.0,0.0,0.0,1.0,0.8351177,1.0,0.0,0.0,0.6497333,0.34997252,0.45577338,0.21141621,0.0,0.0,0.01168138
1087-6,0.005596256,0.6,0.2453042,0.25,0.8333,0.10164916,0.5,0.7315382,0.2857,0.4788,0.002113794,0.8,0.6311239,0.0,0.7639,0.0,0.0,0.0,0.0,0.0,0.0,0.0,0.0,0.0,0.0,1.0,1.0,1.0,0.0,0.0,0.0,0.0,0.0,0.0,0.0,1.0,0.8351177,1.0,0.0,0.0,0.6785667,0.18259871,0.67648816,0.33740148,0.0,0.0,0.018572725
1089-1,0.008834893,0.5,0.24418281,0.2857,0.8397,0.29518506,0.8182,0.38718888,0.2,0.6708,0.0061647967,0.8,0.4363936,0.2,0.9091,0.0,0.0,0.0,0.0,0.0,0.0,0.0,0.0,0.0,0.0,1.0,1.0,1.0,0.0,0.0,0.0,1.0,0.0,0.0,0.0,0.0,0.73875797,1.0,0.0,0.0,0.2,0.17725167,0.31603026,0.18895268,0.0,0.0,0.005814056
1089-2,0.0052305334,0.6,0.2859546,0.2,0.7692,0.26419103,0.8182,0.42227665,0.1774,0.613,0.005370239,0.6,0.53519964,0.0,0.8,0.0,0.0,0.0,0.0,0.0,0.0,0.0,0.0,0.0,0.0,1.0,1.0,1.0,0.0,0.0,0.0,1.0,0.0,0.0,0.0,0.0,0.73875797,1.0,0.0,0.0,0.38996667,0.20769279,0.35397065,0.43595064,0.0,0.0,0.007320999
1089-3,0.007981843,0.5,0.40454167,0.2857,0.8246,0.36741862,0.9091,0.48918808,0.32,0.6116,0.004276581,0.6,0.4363936,0.2,0.6591,0.0,0.0,0.0,0.0,0.0,0.0,0.0,0.0,0.0,0.0,1.0,1.0,1.0,0.0,0.0,0.0,1.0,0.0,0.0,0.0,0.0,0.73875797,1.0,0.0,0.0,0.5625333,0.42172346,0.33496514,0.33208692,0.0,0.0,0.0036501028
1089-4,0.0059811543,0.6,0.29240263,0.2857,0.6872,0.3447108,0.8636,0.5507956,0.2973,0.6418,0.0039806957,0.6,0.46191847,0.1111,0.5896,0.0,0.0,0.0,0.0,0.0,0.0,0.0,0.0,0.0,0.0,1.0,1.0,1.0,0.0,0.0,0.0,1.0,0.0,0.0,0.0,0.0,0.73875797,1.0,0.0,0.0,0.3895,0.3811382,0.42460284,0.37930128,0.0,0.0,0.0069318516
1089-5,0.006402097,0.6,0.5147183,0.3636,0.721,0.31915733,0.8182,0.499796,0.3143,0.6275,0.0034755727,0.6,0.5557842,0.0,0.6403,0.0,0.0,0.0,0.0,0.0,0.0,0.0,0.0,0.0,0.0,1.0,1.0,1.0,0.0,0.0,0.0,1.0,0.0,0.0,0.0,0.0,0.73875797,1.0,0.0,0.0,0.5792,0.535391,0.40109316,0.34150514,0.0,0.0,0.005925675
1089-6,0.007381975,0.5,0.3700589,0.3333,0.7024,0.40396744,0.9091,0.48225212,0.3303,0.6414,0.0049222996,0.8,0.39522436,0.1,0.6572,0.0,0.0,0.0,0.0,0.0,0.0,0.0,0.0,0.0,0.0,1.0,1.0,1.0,0.0,0.0,0.0,1.0,0.0,0.0,0.0,0.0,0.73875797,1.0,0.0,0.0,0.47623333,0.3486368,0.42207637,0.17558782,0.0,0.0,0.010795204
1092-1,0.0030634624,0.3,0.17746006,0.3333,0.9,0.18671127,0.0455,0.46919626,0.375,0.6458,0.002785496,0.2,0.24701522,0.0,1.0,0.0,0.0,0.0,0.0,0.0,0.0,0.0,0.0,0.0,0.0,1.0,1.0,1.0,0.0,0.0,0.0,0.0,0.0,0.0,1.0,0.0,0.21092077,1.0,0.0,0.0,0.19443333,0.07419096,0.28354487,0.25227326,0.0,0.0,0.032434326
1092-2,0.0010966392,0.3,0.077095605,0.0,1.0,0.2261804,0.0455,0.3263974,0.4,0.5064,0.003268841,0.2,0.20584601,0.5,1.0,0.0,0.0,0.0,0.0,0.0,0.0,0.0,0.0,0.0,0.0,1.0,1.0,1.0,0.0,0.0,0.0,0.0,0.0,0.0,1.0,0.0,0.21092077,1.0,0.0,0.0,0.16666667,0.034919556,0.23688959,0.16818218,0.0,0.0,0.022766585
1092-3,0.004736643,0.1,0.15419121,0.0,1.0,0.27771002,0.0455,0.45573235,0.0,0.6176,0.0027197192,0.6,0.2778921,0.0,0.8286,0.0,0.0,0.0,0.0,0.0,0.0,0.0,0.0,0.0,0.0,1.0,1.0,1.0,0.0,0.0,0.0,0.0,0.0,0.0,1.0,0.0,0.21092077,1.0,0.0,0.0,0.19443333,0.087298885,0.11490231,0.04648556,0.0,0.0,0.022405034
1092-4,0.0018383554,0.1,0.3176339,0.3333,0.8778,0.21274383,0.0,0.57935536,0.5,0.8646,0.0029940333,0.0,0.43227664,0.5,1.0,0.0,0.0,0.0,0.0,0.0,0.0,0.0,0.0,0.0,0.0,1.0,1.0,1.0,0.0,0.0,0.0,0.0,0.0,0.0,1.0,0.0,0.21092077,1.0,0.0,0.0,0.13333334,0.30311045,0.3726447,0.028030364,0.0,0.0,0.021806667
1092-5,0.004185404,0.0,0.22427812,0.0,0.7917,0.18446769,0.1364,0.52019584,0.1667,0.4372,0.0015240232,0.2,0.16467682,0.0,1.0,0.0,0.0,0.0,0.0,0.0,0.0,0.0,0.0,0.0,0.0,1.0,1.0,1.0,0.0,0.0,0.0,0.0,0.0,0.0,1.0,0.0,0.21092077,1.0,0.0,0.0,0.75,0.087298885,0.37846372,0.0,0.0,0.0,0.017450023
1092-6,0.0011922708,0.0,0.07008691,0.0,0.5,0.200549,0.0,0.5373317,0.5,0.8167,0.001727613,0.2,0.109921776,0.0,1.0,0.0,0.0,0.0,0.0,0.0,0.0,0.0,0.0,0.0,0.0,1.0,1.0,1.0,0.0,0.0,0.0,0.0,0.0,0.0,1.0,0.0,0.21092077,1.0,0.0,0.0,0.16666667,0.037800416,0.24700086,0.026427027,0.0,0.0,0.023214519
1093-2,0.015675483,0.5,0.26464817,0.4444,0.75,0.50475746,0.7727,0.5140759,0.325,0.6976,0.006857009,0.8,0.55084395,0.0,0.8471,0.0,0.0,0.0,0.0,0.0,0.0,0.0,0.0,0.0,0.0,1.0,1.0,1.0,0.0,0.0,0.0,0.0,1.0,0.0,0.0,0.0,0.9657387,1.0,0.0,0.0,0.4037,0.056141917,0.27028775,0.2992802,0.0,0.0,0.00472526
1093-3,0.014858235,0.7,0.2629661,0.375,0.9167,0.37497827,0.7273,0.44512445,0.2963,0.6757,0.009727641,0.8,0.47344583,0.0,0.7527,0.0,0.0,0.0,0.0,0.0,0.0,0.0,0.0,0.0,0.0,1.0,1.0,1.0,0.0,0.0,0.0,0.0,1.0,0.0,0.0,0.0,0.9657387,1.0,0.0,0.0,0.2037,0.1479236,0.28753287,0.22365987,0.0,0.0,0.0044063493
1093-4,0.012782049,0.6,0.33137092,0.3636,0.9306,0.5220302,0.9091,0.38841292,0.1897,0.7053,0.008893084,0.8,0.35570192,0.0909,0.7513,0.0,0.0,0.0,0.0,0.0,0.0,0.0,0.0,0.0,0.0,1.0,1.0,1.0,0.0,0.0,0.0,0.0,1.0,0.0,0.0,0.0,0.9657387,1.0,0.0,0.0,0.112333335,0.18544465,0.2932758,0.3523529,0.0,0.0,0.0032442797
1093-5,0.018142767,0.6,0.22175498,0.3636,0.8333,0.5762911,0.8182,0.4365565,0.3889,0.7195,0.009290491,0.8,0.35858378,0.0714,0.7379,0.0,0.0,0.0,0.0,0.0,0.0,0.0,0.0,0.0,0.0,1.0,1.0,1.0,0.0,0.0,0.0,0.0,1.0,0.0,0.0,0.0,0.9657387,1.0,0.0,0.0,0.1273,0.09356695,0.38649404,0.19153708,0.0,0.0,0.0031276664
1093-6,0.013415434,0.6,0.23128681,0.5,1.0,1.0,0.8636,0.41942063,0.3404,0.6168,0.0014128034,0.8,0.3614656,0.0,0.7326,0.0,0.0,0.0,0.0,0.0,0.0,0.0,0.0,0.0,0.0,1.0,1.0,1.0,0.0,0.0,0.0,0.0,1.0,0.0,0.0,0.0,0.9657387,1.0,0.0,0.0,0.26536667,0.1091236,0.31238997,0.19598831,0.0,0.0,0.0029034065
1095-1,0.001779231,0.0,0.08971125,0.0,0.0,0.10897626,0.0,0.10485516,0.0,1.0,0.0011792579,0.0,0.20584601,0.0,0.0,0.0,0.0,0.0,0.0,0.0,0.0,0.0,0.0,0.0,0.0,1.0,1.0,1.0,0.0,0.0,1.0,0.0,0.0,0.0,0.0,0.0,0.30085653,1.0,0.0,0.0,0.058066666,0.098966375,0.08907265,0.08409109,0.0,0.0,0.027652409
1095-2,0.001579259,0.0,0.0,0.0,0.0,0.08301822,0.0,0.09506324,0.0,0.5,0.0,0.0,0.0,0.0,0.0,0.0,0.0,0.0,0.0,0.0,0.0,0.0,0.0,0.0,0.0,1.0,1.0,0.0,0.0,0.0,1.0,0.0,0.0,0.0,0.0,0.0,0.30085653,1.0,0.0,0.0,0.0909,0.0,0.052273273,0.0,0.0,0.0,0.021140048
1095-3,0.00087225914,0.0,0.0,0.0,0.0,0.006258771,0.0,0.0,0.0,0.0,0.00081612525,0.6,0.12350761,0.0,0.85,0.0,0.0,0.0,0.0,0.0,0.0,0.0,0.0,0.0,0.0,1.0,1.0,1.0,0.0,0.0,1.0,0.0,0.0,0.0,0.0,0.0,0.30085653,1.0,0.0,0.0,0.0,0.0,0.0,0.082913816,0.0,0.0,0.08842661
1095-4,0.0,0.0,0.0,0.0,0.0,0.10647785,0.0,0.10689514,0.0,0.35,0.0001620835,0.4,0.109921776,0.0,0.75,0.0,0.0,0.0,0.0,0.0,0.0,0.0,0.0,0.0,0.0,0.0,1.0,1.0,0.0,0.0,1.0,0.0,0.0,0.0,0.0,0.0,0.30085653,1.0,0.0,0.0,0.09375,0.0,0.106089585,0.03964054,0.0,0.0,0.015512171
1095-5,0.0009570688,0.1,0.07008691,0.0,1.0,0.08490703,0.0,0.12239902,0.0,1.0,0.00064348336,0.0,0.08233841,0.0,1.0,0.0,0.0,0.0,0.0,0.0,0.0,0.0,0.0,0.0,0.0,1.0,1.0,1.0,0.0,0.0,1.0,0.0,0.0,0.0,0.0,0.0,0.30085653,1.0,0.0,0.0,0.083333336,0.034919556,0.094109274,0.028030364,0.0,0.0,0.22805564
1095-6,0.0020745846,0.4,0.20325205,0.0,0.7143,0.03901402,0.0,0.13259894,0.0,0.7429,0.00023299575,0.0,0.102923006,0.0,1.0,0.0,0.0,0.0,0.0,0.0,0.0,0.0,0.0,0.0,0.0,1.0,1.0,1.0,0.0,0.0,1.0,0.0,0.0,0.0,0.0,0.0,0.30085653,1.0,0.0,0.0,0.3106,0.33722687,0.108664945,0.0,0.0,0.0,0.10398848
1096-1,0.00954736,0.3,0.23128681,0.25,0.9286,0.22028,0.5909,0.40228477,0.0455,0.644,0.005953285,0.8,0.49403045,0.25,0.7545,0.0,0.0,0.0,0.0,0.0,0.0,0.0,0.0,0.0,0.0,1.0,1.0,1.0,0.0,0.0,1.0,0.0,0.0,0.0,0.0,0.0,0.82655245,1.0,0.0,0.0,0.045466665,0.10857799,0.34625542,0.55408746,0.0,0.0,0.014485843
1096-2,0.008471975,0.6,0.43930477,0.3333,0.8194,0.24569638,0.7727,0.50877196,0.1176,0.6356,0.004533927,0.8,0.3828736,0.2,0.7139,0.0,0.0,0.0,0.0,0.0,0.0,0.0,0.0,0.0,0.0,1.0,1.0,1.0,0.0,0.0,1.0,0.0,0.0,0.0,0.0,0.0,0.82655245,1.0,0.0,0.0,0.17973334,0.07419096,0.4687534,0.41424394,0.0,0.0,0.0071457443
1096-3,0.012847848,0.6,0.37846932,0.5,0.875,0.2465953,0.7273,0.6642187,0.2,0.6007,0.0051073395,1.0,0.65870726,0.3333,0.7348,0.0,0.0,0.0,0.0,0.0,0.0,0.0,0.0,0.0,0.0,1.0,1.0,1.0,0.0,0.0,1.0,0.0,0.0,0.0,0.0,0.0,0.82655245,1.0,0.0,0.0,0.2,0.1828868,0.53267014,0.5574847,0.0,0.0,0.0038136179
1096-4,0.010302198,0.5,0.5606953,0.5,0.8889,0.23262717,0.8182,0.55609953,0.3158,0.6182,0.0055549513,0.8,0.6669411,0.2,0.9667,0.0,0.0,0.0,0.0,0.0,0.0,0.0,0.0,0.0,0.0,1.0,1.0,1.0,0.0,0.0,1.0,0.0,0.0,0.0,0.0,0.0,0.82655245,1.0,0.0,0.0,0.1544,0.06547417,0.41151413,0.5554273,0.0,0.0,0.0057006846
1096-5,0.0066356333,0.6,0.34566864,0.3333,0.7937,0.2586157,0.7727,0.6013872,0.2222,0.6688,0.005780964,0.8,0.5269658,0.0,0.7802,0.0,0.0,0.0,0.0,0.0,0.0,0.0,0.0,0.0,0.0,1.0,1.0,1.0,0.0,0.0,1.0,0.0,0.0,0.0,0.0,0.0,0.82655245,1.0,0.0,0.0,0.20246667,0.31137767,0.42223936,0.42310154,0.0,0.0,0.005005622
1096-6,0.0083460845,0.5,0.4953743,0.3333,0.9293,0.24702021,0.5909,0.56956345,0.1923,0.6287,0.0058035683,0.8,0.43227664,0.0,0.8889,0.0,0.0,0.0,0.0,0.0,0.0,0.0,0.0,0.0,0.0,1.0,1.0,1.0,0.0,0.0,1.0,0.0,0.0,0.0,0.0,0.0,0.82655245,1.0,0.0,0.0,0.2265,0.33685148,0.47436592,0.38535583,0.0,0.0,0.008235999
1101-1,0.005067653,0.2,0.26044297,0.0,0.775,0.2058109,0.2273,0.5181559,0.3636,0.6431,0.0026851792,0.4,0.39810622,0.1667,0.7677,0.0,0.0,0.0,0.0,0.0,0.0,0.0,0.0,0.0,0.0,1.0,1.0,1.0,0.0,0.0,1.0,0.0,0.0,0.0,0.0,0.0,0.5995717,1.0,0.0,0.0,0.7078,0.22978812,0.36148483,0.35847473,0.0,0.0,0.023146998
1101-2,0.0036920523,0.7,0.4017382,0.2857,0.775,0.22523803,0.2727,0.5507956,0.25,0.7941,0.0023894582,0.8,0.7204611,0.0,0.9365,0.0,0.0,0.0,0.0,0.0,0.0,0.0,0.0,0.0,0.0,1.0,1.0,1.0,0.0,0.0,1.0,0.0,0.0,0.0,0.0,0.0,0.5995717,1.0,0.0,0.0,0.71033335,0.32889855,0.32308263,0.5265616,0.0,0.0,0.04000263
1101-3,0.0042513357,0.7,0.14522009,0.0909,0.8182,0.29986772,0.2727,0.4153407,0.1818,0.781,0.005068252,0.8,0.34293947,0.0,1.0,0.0,0.0,0.0,0.0,0.0,0.0,0.0,0.0,0.0,0.0,1.0,1.0,1.0,0.0,0.0,1.0,0.0,0.0,0.0,0.0,0.0,0.5995717,1.0,0.0,0.0,0.22726667,0.1417472,0.30105624,0.19056724,0.0,0.0,0.025065579
1101-4,0.004159607,0.5,0.18811327,0.1429,0.9394,0.29697,0.3182,0.41656467,0.3571,0.6904,0.0037021553,0.6,0.4034582,0.0,0.875,0.0,0.0,0.0,0.0,0.0,0.0,0.0,0.0,0.0,0.0,1.0,1.0,1.0,0.0,0.0,1.0,0.0,0.0,0.0,0.0,0.0,0.5995717,1.0,0.0,0.0,0.3762,0.2236161,0.3096951,0.22591913,0.0,0.0,0.099795066
1101-5,0.0059260656,0.5,0.21614805,0.1429,0.8833,0.0,0.0,0.0,0.0,0.0,0.004096153,0.8,0.8439687,0.0,0.8788,0.0,0.0,0.0,0.0,0.0,0.0,0.0,0.0,0.0,0.0,1.0,0.0,1.0,0.0,0.0,1.0,0.0,0.0,0.0,0.0,0.0,0.5995717,1.0,0.0,0.0,0.7143,0.124400906,0.0,0.44848582,0.0,0.0,0.10003358
1101-6,0.004372483,0.3,0.23829551,0.2727,0.8322,0.1705441,0.3636,0.44879642,0.0455,0.6795,0.00404552,0.8,0.34293947,0.1667,0.7628,0.0,0.0,0.0,0.0,0.0,0.0,0.0,0.0,0.0,0.0,1.0,1.0,1.0,0.0,0.0,1.0,0.0,0.0,0.0,0.0,0.0,0.5995717,1.0,0.0,0.0,0.41923332,0.21464613,0.45501274,0.3311339,0.0,0.0,0.050337747
1102-1,0.0011386593,0.6,0.10877489,0.0909,0.8095,0.0573854,0.1818,0.24071808,0.2,0.7375,0.00053892715,0.8,0.23672292,0.0,0.9524,0.0,0.0,0.0,0.0,0.0,0.0,0.0,0.0,0.0,0.0,1.0,1.0,1.0,0.0,0.0,1.0,0.0,0.0,0.0,0.0,0.0,0.47430405,1.0,0.0,0.0,0.16363333,0.09272015,0.1374503,0.29231185,0.0,0.0,0.020265847
1102-2,0.0024567887,0.4,0.14493974,0.1667,0.746,0.0649769,0.3636,0.1631987,0.0,0.9231,0.0004852591,0.0,0.13379991,0.0,1.0,0.0,0.0,0.0,0.0,0.0,0.0,0.0,0.0,0.0,0.0,1.0,1.0,1.0,0.0,0.0,1.0,0.0,0.0,0.0,0.0,0.0,0.47430405,1.0,0.0,0.0,0.0812,0.11931575,0.081259646,0.07282288,0.0,0.0,0.021353036
1102-3,0.0047203656,0.2,0.13092236,0.0,0.9167,0.03744873,0.5909,0.1366789,0.0,0.7674,0.0007274012,0.6,0.14409222,0.0,0.8875,0.0,0.0,0.0,0.0,0.0,0.0,0.0,0.0,0.0,0.0,1.0,1.0,1.0,0.0,0.0,1.0,0.0,0.0,0.0,0.0,0.0,0.47430405,1.0,0.0,0.0,0.18116666,0.14403443,0.11898268,0.12601891,0.0,0.0,0.077797845
1102-4,0.00184242,0.5,0.15138774,0.0,0.8095,0.052218255,0.4545,0.1750306,0.0,0.7743,0.0013495447,0.6,0.16467682,0.0,1.0,0.0,0.0,0.0,0.0,0.0,0.0,0.0,0.0,0.0,0.0,1.0,1.0,1.0,0.0,0.0,1.0,0.0,0.0,0.0,0.0,0.0,0.47430405,1.0,0.0,0.0,0.11666667,0.06983911,0.1878002,0.11471707,0.0,0.0,0.06320985
1102-5,0.0020454186,0.4,0.14718252,0.2,0.8571,0.04698591,0.4545,0.13586292,0.0,0.8219,0.000980925,0.4,0.11321531,0.0,1.0,0.0,0.0,0.0,0.0,0.0,0.0,0.0,0.0,0.0,0.0,1.0,1.0,1.0,0.0,0.0,1.0,0.0,0.0,0.0,0.0,0.0,0.47430405,1.0,0.0,0.0,0.14783333,0.13967822,0.109789625,0.07604638,0.0,0.0,0.052116584
1102-6,0.0012767775,0.5,0.106532104,0.0,0.7857,0.047858212,0.2727,0.13055895,0.0,0.9182,0.0007295529,0.6,0.20584601,0.0,0.9107,0.0,0.0,0.0,0.0,0.0,0.0,0.0,0.0,0.0,0.0,1.0,1.0,1.0,0.0,0.0,1.0,0.0,0.0,0.0,0.0,0.0,0.47430405,1.0,0.0,0.0,0.06666667,0.09974771,0.082498424,0.11759298,0.0,0.0,0.1058394
1104-1,0.0050912667,1.0,0.24894872,0.2941,0.7319,0.22370572,1.0,0.6923704,0.4944,0.6163,0.0033466327,0.6,0.45574307,0.2667,0.5685,0.0,0.0,0.0,0.0,0.0,0.0,0.0,0.0,0.0,0.0,1.0,1.0,1.0,0.0,0.0,0.0,0.0,1.0,0.0,0.0,0.0,0.87794423,1.0,0.0,0.0,0.40563333,0.3066548,0.621683,0.40143967,0.0,0.0,0.008416249
1104-2,0.0047353343,0.9,0.4799552,0.375,0.7569,0.3063717,1.0,0.53080374,0.4235,0.583,0.0019064972,0.8,0.6142445,0.0417,0.4608,0.0,0.0,0.0,0.0,0.0,0.0,0.0,0.0,0.0,0.0,1.0,1.0,1.0,0.0,0.0,0.0,0.0,1.0,0.0,0.0,0.0,0.87794423,1.0,0.0,0.0,0.60573334,0.27687278,0.40642318,1.0,0.0,0.0,0.008272739
1104-3,0.0060720183,0.8,0.5012616,0.375,0.6856,0.32642013,1.0,0.64055485,0.4194,0.607,0.003478436,0.8,0.58666116,0.25,0.4686,0.0,0.0,0.0,0.0,0.0,0.0,0.0,0.0,0.0,0.0,1.0,1.0,1.0,0.0,0.0,0.0,0.0,1.0,0.0,0.0,0.0,0.87794423,1.0,0.0,0.0,0.6303667,0.34330723,0.6016452,0.5176984,0.0,0.0,0.048311055
1104-4,0.0075312546,0.8,0.42977294,0.4444,0.6462,0.33862936,1.0,0.60097915,0.5214,0.6374,0.0037037393,1.0,0.5570193,0.2105,0.5037,0.0,0.0,0.0,0.0,0.0,0.0,0.0,0.0,0.0,0.0,1.0,1.0,1.0,0.0,0.0,0.0,0.0,1.0,0.0,0.0,0.0,0.87794423,1.0,0.0,0.0,0.57103336,0.1941178,0.44721058,0.5645988,0.0,0.0,0.004950192
1104-5,0.0067481366,0.9,0.47659102,0.3636,0.569,0.31849092,1.0,0.57976335,0.4286,0.5972,0.0046162456,0.8,0.6615891,0.3793,0.5312,0.0,0.0,0.0,0.0,0.0,0.0,0.0,0.0,0.0,0.0,1.0,1.0,1.0,0.0,0.0,0.0,0.0,1.0,0.0,0.0,0.0,0.87794423,1.0,0.0,0.0,0.6303,0.33143023,0.47894073,0.57461125,0.0,0.0,0.00469223
1104-6,0.00496004,0.8,0.46733955,0.3333,0.6863,0.33526623,0.9545,0.6870665,0.4565,0.6251,0.004585928,1.0,0.5730753,0.52,0.5727,0.0,0.0,0.0,0.0,0.0,0.0,0.0,0.0,0.0,0.0,1.0,1.0,1.0,0.0,0.0,0.0,0.0,1.0,0.0,0.0,0.0,0.87794423,1.0,0.0,0.0,0.6721,0.24389999,0.57883096,0.5652996,0.0,0.0,0.0046208547
1105-1,0.010083673,0.7,0.19624336,0.0,0.9048,0.0,0.0,0.0,0.0,0.0,0.0,0.0,0.0,0.0,0.0,0.0,0.0,0.0,0.0,0.0,0.0,0.0,0.0,0.0,0.0,1.0,0.0,0.0,0.0,0.0,0.0,0.0,1.0,0.0,0.0,0.0,0.96038544,1.0,0.0,0.0,0.25,0.06901413,0.0,0.0,0.0,0.0,0.0013083539
1106-1,0.0,0.0,0.78497344,0.0,1.0,0.0,0.0,0.0,0.0,0.0,0.00080478867,0.4,0.65870726,0.5,1.0,0.0,0.0,0.0,0.0,0.0,0.0,0.0,0.0,0.0,0.0,1.0,0.0,1.0,0.0,0.0,1.0,0.0,0.0,0.0,0.0,0.0,0.34475377,1.0,0.0,0.0,0.5,0.0,0.0,0.4765162,0.0,0.0,1.0
1106-2,0.0,0.0,0.0,0.0,0.0,0.0,0.1818,0.1631987,0.0,1.0,0.0,0.0,0.0,0.0,0.0,0.0,0.0,0.0,0.0,0.0,0.0,0.0,0.0,0.0,0.0,0.0,1.0,0.0,0.0,0.0,1.0,0.0,0.0,0.0,0.0,0.0,0.34475377,1.0,0.0,0.0,0.0,0.0,0.0,0.0,0.0,0.0,0.0
1106-3,0.0,0.0,0.0,0.0,0.0,0.0,0.0,0.0,0.0,0.0,0.0032202103,0.0,0.15767805,0.0,1.0,0.0,0.0,0.0,0.0,0.0,0.0,0.0,0.0,0.0,0.0,0.0,0.0,1.0,0.0,0.0,1.0,0.0,0.0,0.0,0.0,0.0,0.34475377,1.0,0.0,0.0,0.0,0.0,0.0,0.0,0.0,0.0,0.0081772115
1106-6,0.0016448564,0.1,0.05606953,0.0,1.0,0.29678497,0.0,0.17135862,0.0,0.875,0.0009469756,0.6,0.24701522,0.0,1.0,0.0,0.0,0.0,0.0,0.0,0.0,0.0,0.0,0.0,0.0,1.0,1.0,1.0,0.0,0.0,1.0,0.0,0.0,0.0,0.0,0.0,0.34475377,1.0,0.0,0.0,0.0,0.0,0.0,0.15856215,0.0,0.0,0.11371508
1108-1,0.0053994525,0.4,0.10400898,0.0,0.4603,0.17015493,0.2727,0.33945328,0.3478,0.4708,0.002438484,0.6,0.1399753,0.0,0.9306,0.0,0.0,0.0,0.0,0.0,0.0,0.0,0.0,0.0,0.0,1.0,1.0,1.0,0.0,0.0,1.0,0.0,0.0,0.0,0.0,0.0,0.58565307,1.0,0.0,0.0,0.05796667,0.037800416,0.22820182,0.0784682,0.0,0.0,0.038458623
1108-2,0.012498033,0.4,0.25623778,0.4286,0.6726,0.26183608,0.3182,0.38841292,0.4,0.323,0.004466374,0.6,0.24248661,0.1111,0.6618,0.0,0.0,0.0,0.0,0.0,0.0,0.0,0.0,0.0,0.0,1.0,1.0,1.0,0.0,0.0,1.0,0.0,0.0,0.0,0.0,0.0,0.58565307,1.0,0.0,0.0,0.291,0.23214519,0.24271946,0.12674208,0.0,0.0,0.010830483
1108-3,0.007732217,0.4,0.19848613,0.4167,0.4548,0.21521398,0.1818,0.3977968,0.55,0.255,0.005235326,0.4,0.31123918,0.0,0.5455,0.0,0.0,0.0,0.0,0.0,0.0,0.0,0.0,0.0,0.0,1.0,1.0,1.0,0.0,0.0,1.0,0.0,0.0,0.0,0.0,0.0,0.58565307,1.0,0.0,0.0,0.35923332,0.12194782,0.27246106,0.26690513,0.0,0.0,0.015963085
1108-4,0.00683982,0.4,0.3364172,0.1667,0.7216,0.31516066,0.1818,0.2876377,0.2857,0.2844,0.0063373363,0.6,0.40469328,0.3333,0.5321,0.0,0.0,0.0,0.0,0.0,0.0,0.0,0.0,0.0,0.0,1.0,1.0,1.0,0.0,0.0,1.0,0.0,0.0,0.0,0.0,0.0,0.58565307,1.0,0.0,0.0,0.4921,0.33943552,0.13478799,0.25365236,0.0,0.0,0.00961608
1108-5,0.008522715,0.4,0.21362491,0.375,0.5833,0.21866424,0.2727,0.34679723,0.3636,0.4549,0.0060301283,0.6,0.18773156,0.2222,0.5385,0.0,0.0,0.0,0.0,0.0,0.0,0.0,0.0,0.0,0.0,1.0,1.0,1.0,0.0,0.0,1.0,0.0,0.0,0.0,0.0,0.0,0.58565307,1.0,0.0,0.0,0.32953334,0.13409545,0.3872221,0.067087874,0.0,0.0,0.010822628
1108-6,0.008990638,0.5,0.38687977,1.0,0.475,0.3320108,0.1818,0.3243574,0.1818,0.3714,0.00592067,0.6,0.34993824,0.3333,0.6593,0.0,0.0,0.0,0.0,0.0,0.0,0.0,0.0,0.0,0.0,1.0,1.0,1.0,0.0,0.0,1.0,0.0,0.0,0.0,0.0,0.0,0.58565307,1.0,0.0,0.0,0.4283,0.09563157,0.29284117,0.22752807,0.0,0.0,0.007683746
1109-1,0.012122597,0.9,0.5747127,0.75,0.7876,0.49231133,0.7727,0.74745,0.32,0.6823,0.006455138,1.0,0.61753803,0.2,0.8348,0.0,0.0,0.0,0.0,0.0,0.0,0.0,0.0,0.0,0.0,1.0,1.0,1.0,0.0,0.0,0.0,0.0,1.0,0.0,0.0,0.0,0.9817987,1.0,0.0,0.0,0.49,0.23379079,0.6065786,0.244621,0.0,0.0,0.0077940803
1109-2,0.009479145,0.8,0.43453887,0.5,0.6975,0.48291573,0.9091,0.7278662,0.56,0.7179,0.007758174,1.0,0.34293947,0.0,0.8512,0.0,0.0,0.0,0.0,0.0,0.0,0.0,0.0,0.0,0.0,1.0,1.0,1.0,0.0,0.0,0.0,0.0,1.0,0.0,0.0,0.0,0.9817987,1.0,0.0,0.0,0.26,0.30078396,0.56441116,0.19532119,0.0,0.0,0.007090168
1109-3,0.009255064,0.9,0.37370342,0.1667,0.7098,0.5072704,0.8182,0.75561,0.48,0.7033,0.004992707,1.0,0.40592834,0.1429,0.8583,0.0,0.0,0.0,0.0,0.0,0.0,0.0,0.0,0.0,0.0,1.0,1.0,1.0,0.0,0.0,0.0,0.0,1.0,0.0,0.0,0.0,0.9817987,1.0,0.0,0.0,0.3054,0.33974543,0.6559614,0.21756607,0.0,0.0,0.007545902
1109-4,0.013131494,0.8,0.6355481,0.3333,0.7857,0.52175695,0.8182,0.68788254,0.6364,0.7323,0.009495025,1.0,0.356937,0.2222,0.6978,0.0,0.0,0.0,0.0,0.0,0.0,0.0,0.0,0.0,0.0,1.0,1.0,1.0,0.0,0.0,0.0,0.0,1.0,0.0,0.0,0.0,0.9817987,1.0,0.0,0.0,0.2626,0.44275376,0.24932629,0.12704483,0.0,0.0,0.0059245653
1109-5,0.012162799,0.7,0.32716572,0.3333,0.7088,0.46654195,0.9545,0.6744186,0.5333,0.7053,0.0068933684,1.0,0.40469328,0.1667,0.8397,0.0,0.0,0.0,0.0,0.0,0.0,0.0,0.0,0.0,0.0,1.0,1.0,1.0,0.0,0.0,0.0,0.0,1.0,0.0,0.0,0.0,0.9817987,1.0,0.0,0.0,0.37776667,0.31341174,0.39144373,0.17554857,0.0,0.0,0.0077402275
1109-6,0.010975222,0.8,0.48780492,0.4,0.7169,0.50138783,0.9545,0.65973073,0.5172,0.7316,0.007628529,1.0,0.46315354,0.0,0.925,0.0,0.0,0.0,0.0,0.0,0.0,0.0,0.0,0.0,0.0,1.0,1.0,1.0,0.0,0.0,0.0,0.0,1.0,0.0,0.0,0.0,0.9817987,1.0,0.0,0.0,0.21896666,0.3750797,0.42228827,0.09710278,0.0,0.0,0.0071723196
1110-1,0.008104781,0.8,0.4135128,0.55,0.5971,0.3257356,0.5909,0.5887393,0.3563,0.63,0.0045787925,0.4,0.5257307,0.2857,0.8575,0.0,0.0,0.0,0.0,0.0,0.0,0.0,0.0,0.0,0.0,1.0,1.0,1.0,0.0,0.0,0.0,0.0,0.0,1.0,0.0,0.0,0.6648822,1.0,0.0,0.0,0.43813333,0.43109062,0.6387108,0.48847952,0.0,0.0,0.0083204005
1110-2,0.007352943,0.7,0.37538552,0.5,0.5642,0.37150148,0.5,0.5862913,0.3196,0.6569,0.004967868,0.8,0.5339646,0.303,0.604,0.0,0.0,0.0,0.0,0.0,0.0,0.0,0.0,0.0,0.0,1.0,1.0,1.0,0.0,0.0,0.0,0.0,0.0,1.0,0.0,0.0,0.6648822,1.0,0.0,0.0,0.5014,0.47334328,0.54443854,0.53992087,0.0,0.0,0.0051349388
1110-3,0.0073444345,0.5,0.31847492,0.3182,0.658,0.36522764,0.5909,0.5764994,0.4286,0.6493,0.005140766,0.6,0.503911,0.4,0.6427,0.0,0.0,0.0,0.0,0.0,0.0,0.0,0.0,0.0,0.0,1.0,1.0,1.0,0.0,0.0,0.0,0.0,0.0,1.0,0.0,0.0,0.6648822,1.0,0.0,0.0,0.6183,0.297615,0.42627627,0.3041799,0.0,0.0,0.006553305
1110-4,0.0087698065,0.6,0.40005612,0.5455,0.6012,0.3506023,0.5455,0.6601387,0.4362,0.6603,0.004404934,0.8,0.4763277,0.0714,0.6871,0.0,0.0,0.0,0.0,0.0,0.0,0.0,0.0,0.0,0.0,1.0,1.0,1.0,0.0,0.0,0.0,0.0,0.0,1.0,0.0,0.0,0.6648822,1.0,0.0,0.0,0.5744333,0.43484885,0.6185643,0.3601229,0.0,0.0,0.004175781
1110-5,0.009333446,0.7,0.41547522,0.5,0.6356,0.3789139,0.6364,0.60505915,0.3577,0.6182,0.0048623374,0.8,0.6735282,0.3571,0.6433,0.0,0.0,0.0,0.0,0.0,0.0,0.0,0.0,0.0,0.0,1.0,1.0,1.0,0.0,0.0,0.0,0.0,0.0,1.0,0.0,0.0,0.6648822,1.0,0.0,0.0,0.5858333,0.39516276,0.51084477,0.6270448,0.0,0.0,0.0058705374
1110-6,0.009566445,0.6,0.36024675,0.3846,0.7382,0.39102662,0.5909,0.7099143,0.4545,0.6522,0.0032318581,0.8,0.4664471,0.1333,0.6946,0.0,0.0,0.0,0.0,0.0,0.0,0.0,0.0,0.0,0.0,1.0,1.0,1.0,0.0,0.0,0.0,0.0,0.0,1.0,0.0,0.0,0.6648822,1.0,0.0,0.0,0.6055,0.29627496,0.633647,0.34911817,0.0,0.0,0.0046900394
1112-1,0.00038797793,0.5,0.12026914,0.0,0.8081,0.0,0.1818,0.22439821,0.0,1.0,0.0007686201,0.6,0.41169202,0.0,1.0,0.0,0.0,0.0,0.0,0.0,0.0,0.0,0.0,0.0,0.0,1.0,1.0,1.0,0.0,0.0,1.0,0.0,0.0,0.0,0.0,0.0,0.6723768,1.0,0.0,0.0,0.083333336,0.071641825,0.13515203,0.308334,0.0,0.0,0.068539955
1112-2,0.0011704315,0.5,0.228203,0.1429,0.4816,0.026656227,0.3636,0.53039575,0.0,0.5938,0.00075745676,0.4,0.36023054,0.0,0.8333,0.0,0.0,0.0,0.0,0.0,0.0,0.0,0.0,0.0,0.0,1.0,1.0,1.0,0.0,0.0,1.0,0.0,0.0,0.0,0.0,0.0,0.6723768,1.0,0.0,0.0,0.13333334,0.14516932,0.52407473,0.44231355,0.0,0.0,0.024932465
1112-3,0.00035696375,0.7,0.28034765,0.0,0.5655,0.006273441,0.2727,0.499796,0.25,0.5989,0.00069027685,0.6,0.3157678,0.3333,0.9714,0.0,0.0,0.0,0.0,0.0,0.0,0.0,0.0,0.0,0.0,1.0,1.0,1.0,0.0,0.0,1.0,0.0,0.0,0.0,0.0,0.0,0.6723768,1.0,0.0,0.0,0.39443332,0.20473336,0.75383043,0.19952013,0.0,0.0,0.15992816
1112-4,0.0006558553,0.8,0.29716852,0.2,0.7333,0.026962196,0.2273,0.70705837,0.6667,0.6845,0.0007912048,0.6,0.38410866,0.0,0.9306,0.0,0.0,0.0,0.0,0.0,0.0,0.0,0.0,0.0,0.0,1.0,1.0,1.0,0.0,0.0,1.0,0.0,0.0,0.0,0.0,0.0,0.6723768,1.0,0.0,0.0,0.2889,0.2459908,0.4065862,0.23038717,0.0,0.0,0.119017355
1112-5,0.0006946717,0.7,0.27558175,0.1667,0.6484,0.026776806,0.1818,0.26927784,0.0,0.7619,0.0015395691,0.6,0.32935363,0.0,1.0,0.0,0.0,0.0,0.0,0.0,0.0,0.0,0.0,0.0,0.0,1.0,1.0,1.0,0.0,0.0,1.0,0.0,0.0,0.0,0.0,0.0,0.6723768,1.0,0.0,0.0,0.083333336,0.3052842,0.13039795,0.23241657,0.0,0.0,0.05399807
1112-6,0.0008569321,0.5,0.35043457,0.5,0.8167,0.01352191,0.1364,0.54385966,0.0,0.6218,0.0010821843,0.8,0.28818443,0.2,0.8333,0.0,0.0,0.0,0.0,0.0,0.0,0.0,0.0,0.0,0.0,1.0,1.0,1.0,0.0,0.0,1.0,0.0,0.0,0.0,0.0,0.0,0.6723768,1.0,0.0,0.0,0.5389,0.15851295,0.51988024,0.2566572,0.0,0.0,0.054850314
1113-1,0.009501766,0.8,0.38687977,0.6,0.9451,0.25399363,0.8182,0.6107711,0.4,0.7842,0.0067134798,0.8,0.3412927,0.0,0.7583,0.0,0.0,0.0,0.0,0.0,0.0,0.0,0.0,0.0,0.0,1.0,1.0,1.0,0.0,0.0,0.0,0.0,1.0,0.0,0.0,0.0,0.987152,1.0,0.0,0.0,0.24763334,0.30165693,0.48852497,0.2076097,0.0,0.0,0.008808171
1113-2,0.01281478,0.8,0.36445194,0.5,0.8722,0.36825424,0.7273,0.5458996,0.3846,0.7486,0.004616036,0.8,0.32935363,0.0,0.7125,0.0,0.0,0.0,0.0,0.0,0.0,0.0,0.0,0.0,0.0,1.0,1.0,1.0,0.0,0.0,0.0,0.0,1.0,0.0,0.0,0.0,0.987152,1.0,0.0,0.0,0.39103332,0.33152625,0.42416817,0.31828478,0.0,0.0,0.004165355
1113-3,0.010648685,0.6,0.33305302,0.75,0.8483,0.3826935,0.5909,0.5458996,0.3103,0.8082,0.0051631737,0.8,0.41622064,0.3333,0.7194,0.0,0.0,0.0,0.0,0.0,0.0,0.0,0.0,0.0,0.0,1.0,1.0,1.0,0.0,0.0,0.0,0.0,1.0,0.0,0.0,0.0,0.987152,1.0,0.0,0.0,0.5056,0.148024,0.5096006,0.1687596,0.0,0.0,0.00590015
1113-4,0.016242817,0.8,0.5606953,0.25,0.8205,0.40250972,0.8182,0.61525905,0.3846,0.8084,0.005496016,0.8,0.36475912,0.2857,0.8782,0.0,0.0,0.0,0.0,0.0,0.0,0.0,0.0,0.0,0.0,1.0,1.0,1.0,0.0,0.0,0.0,0.0,1.0,0.0,0.0,0.0,0.987152,1.0,0.0,0.0,0.3489,0.5155436,0.38868365,0.18644677,0.0,0.0,0.0062279105
1113-5,0.0109354975,0.7,0.39248672,0.5,0.9545,0.43386742,0.8182,0.4406365,0.28,0.8557,0.0076310923,1.0,0.362289,0.4,0.899,0.0,0.0,0.0,0.0,0.0,0.0,0.0,0.0,0.0,0.0,1.0,1.0,1.0,0.0,0.0,0.0,0.0,1.0,0.0,0.0,0.0,0.987152,1.0,0.0,0.0,0.19,0.06901413,0.32085496,0.041950244,0.0,0.0,0.007003315
1113-6,0.009871689,0.6,0.3036165,0.3333,0.7684,0.34604254,0.6818,0.5177478,0.4483,0.7984,0.00490219,0.8,0.2778921,0.25,0.9226,0.0,0.0,0.0,0.0,0.0,0.0,0.0,0.0,0.0,0.0,1.0,1.0,1.0,0.0,0.0,0.0,0.0,1.0,0.0,0.0,0.0,0.987152,1.0,0.0,0.0,0.33906665,0.13974805,0.38693956,0.13128862,0.0,0.0,0.006161266
1114-1,0.0095435595,0.4,0.20185031,0.2,0.6667,0.33556715,0.0909,0.34883723,0.2174,0.753,0.005556579,0.4,0.19226019,0.25,1.0,0.0,0.0,0.0,0.0,0.0,0.0,0.0,0.0,0.0,0.0,1.0,1.0,1.0,0.0,0.0,0.0,0.0,0.0,1.0,0.0,0.0,0.5535332,1.0,0.0,0.0,0.24056667,0.15019336,0.22477889,0.174489,0.0,0.0,0.024749033
1114-2,0.008174413,0.4,0.1558733,0.0,0.9111,0.3885775,0.2727,0.3284374,0.1667,0.6224,0.006727465,0.2,0.32935363,0.2,0.875,0.0,0.0,0.0,0.0,0.0,0.0,0.0,0.0,0.0,0.0,1.0,1.0,1.0,0.0,0.0,0.0,0.0,0.0,1.0,0.0,0.0,0.5535332,1.0,0.0,0.0,0.22406666,0.11415202,0.23469996,0.16401687,0.0,0.0,0.104085684
1114-3,0.013933976,0.4,0.19960752,0.125,0.9222,0.40359387,0.1364,0.25581396,0.0625,0.9583,0.007962375,1.0,0.28818443,0.0,0.8958,0.0,0.0,0.0,0.0,0.0,0.0,0.0,0.0,0.0,0.0,1.0,1.0,1.0,0.0,0.0,0.0,0.0,0.0,1.0,0.0,0.0,0.5535332,1.0,0.0,0.0,0.0625,0.15953872,0.218786,0.11965601,0.0,0.0,0.039974883
1114-4,0.01272111,0.4,0.19343989,0.1,0.7692,0.35141876,0.2727,0.30477354,0.25,0.8577,0.006016671,0.2,0.28818443,0.0,0.7778,0.0,0.0,0.0,0.0,0.0,0.0,0.0,0.0,0.0,0.0,1.0,1.0,1.0,0.0,0.0,0.0,0.0,0.0,1.0,0.0,0.0,0.5535332,1.0,0.0,0.0,0.26666668,0.17617351,0.17863974,0.0814226,0.0,0.0,0.040210854
1114-5,0.00981633,0.4,0.17746006,0.1111,0.8333,0.42152303,0.2273,0.25907794,0.0952,0.6753,0.0040396126,0.8,0.32935363,0.0,0.775,0.0,0.0,0.0,0.0,0.0,0.0,0.0,0.0,0.0,0.0,1.0,1.0,1.0,0.0,0.0,0.0,0.0,0.0,1.0,0.0,0.0,0.5535332,1.0,0.0,0.0,0.2328,0.16129342,0.16457306,0.2557098,0.0,0.0,0.012656366
1114-6,0.012950897,0.7,0.24418281,0.1429,0.9697,0.5148937,0.1364,0.37698898,0.2778,0.8877,0.0061696777,0.2,0.65870726,0.0,0.9583,0.0,0.0,0.0,0.0,0.0,0.0,0.0,0.0,0.0,0.0,1.0,1.0,1.0,0.0,0.0,0.0,0.0,0.0,1.0,0.0,0.0,0.5535332,1.0,0.0,0.0,0.05556667,0.10872202,0.30908114,0.58863765,0.0,0.0,0.009744608
1116-1,0.003270116,0.1,0.35744324,0.25,0.875,0.07453617,0.1364,0.22847816,0.0588,0.619,0.0024024756,0.0,0.3157678,0.0,0.8571,0.0,0.0,0.0,0.0,0.0,0.0,0.0,0.0,0.0,0.0,1.0,1.0,1.0,0.0,0.0,0.0,1.0,0.0,0.0,0.0,0.0,0.31691647,1.0,0.0,0.0,0.0,0.13974805,0.15078892,0.13213514,0.0,0.0,0.04119939
1116-2,0.0059221173,0.3,0.2453042,0.0,0.8056,0.12605743,0.1364,0.2855977,0.0,0.6905,0.0030405864,0.0,0.39110744,0.0,0.9333,0.0,0.0,0.0,0.0,0.0,0.0,0.0,0.0,0.0,0.0,1.0,1.0,1.0,0.0,0.0,0.0,1.0,0.0,0.0,0.0,0.0,0.31691647,1.0,0.0,0.0,0.0,0.089319855,0.191071,0.13369362,0.0,0.0,0.01499616
1116-3,0.0010499055,0.0,0.39248672,0.0,1.0,0.046590637,0.0,0.50999594,0.0,1.0,0.00073456555,0.0,0.61753803,0.0,1.0,0.0,0.0,0.0,0.0,0.0,0.0,0.0,0.0,0.0,0.0,1.0,1.0,1.0,0.0,0.0,0.0,1.0,0.0,0.0,0.0,0.0,0.31691647,1.0,0.0,0.0,0.33333334,0.0,0.13583118,0.0,0.0,0.0,0.16632156
1116-4,0.002118789,0.1,0.1682086,0.0,0.8571,0.15685567,0.1364,0.3108935,0.0625,0.5689,0.0007318275,0.0,0.30876902,0.0,0.8,0.0,0.0,0.0,0.0,0.0,0.0,0.0,0.0,0.0,0.0,1.0,1.0,1.0,0.0,0.0,0.0,1.0,0.0,0.0,0.0,0.0,0.31691647,1.0,0.0,0.0,0.37916666,0.050903983,0.11071327,0.15352792,0.0,0.0,0.015504081
1116-5,0.0021818024,0.1,0.21026073,0.0,1.0,0.07375951,0.0,0.17339861,0.0833,0.697,0.0010419246,0.0,0.30876902,0.0,0.9,0.0,0.0,0.0,0.0,0.0,0.0,0.0,0.0,0.0,0.0,1.0,1.0,1.0,0.0,0.0,0.0,1.0,0.0,0.0,0.0,0.0,0.31691647,1.0,0.0,0.0,0.16666667,0.043649442,0.11201182,0.19011314,0.0,0.0,0.04002453
1116-6,0.0023435724,0.0,0.143538,0.0,0.5417,0.20740752,0.1364,0.26764587,0.0526,0.6383,0.0012497857,0.0,0.37875667,0.0,0.2381,0.0,0.0,0.0,0.0,0.0,0.0,0.0,0.0,0.0,0.0,1.0,1.0,1.0,0.0,0.0,0.0,1.0,0.0,0.0,0.0,0.0,0.31691647,1.0,0.0,0.0,0.1879,0.13648744,0.20485516,0.41590893,0.0,0.0,0.016068717
1117-1,0.012696957,0.8,0.29436505,0.0,0.8375,0.5602813,0.7727,0.45940435,0.2879,0.6487,0.0046703676,0.8,0.37052283,0.0,0.9038,0.0,0.0,0.0,0.0,0.0,0.0,0.0,0.0,0.0,0.0,1.0,1.0,1.0,0.0,0.0,0.0,0.0,0.0,1.0,0.0,0.0,0.7783726,1.0,0.0,0.0,0.21816666,0.15585907,0.34776586,0.34666833,0.0,0.0,0.0037934668
1117-2,0.011629723,0.8,0.28034765,0.2857,0.875,0.53916603,0.6364,0.4765402,0.4,0.6864,0.005094441,0.8,0.31288594,0.0,0.9556,0.0,0.0,0.0,0.0,0.0,0.0,0.0,0.0,0.0,0.0,1.0,1.0,1.0,0.0,0.0,0.0,0.0,0.0,1.0,0.0,0.0,0.7783726,1.0,0.0,0.0,0.24206667,0.17370296,0.34716275,0.13913712,0.0,0.0,0.004855336
1117-3,0.01052963,0.8,0.36697507,0.2727,0.648,0.51785994,0.8636,0.48225212,0.2836,0.7265,0.0066599785,0.8,0.5434335,0.2,0.817,0.0,0.0,0.0,0.0,0.0,0.0,0.0,0.0,0.0,0.0,1.0,1.0,1.0,0.0,0.0,0.0,0.0,0.0,1.0,0.0,0.0,0.7783726,1.0,0.0,0.0,0.50123334,0.31225067,0.40669486,0.32379556,0.0,0.0,0.0041348655
1117-4,0.017334534,0.7,0.30557892,0.4,0.8551,0.59070086,0.8182,0.4634843,0.3457,0.6621,0.007262484,0.8,0.356937,0.0,0.7885,0.0,0.0,0.0,0.0,0.0,0.0,0.0,0.0,0.0,0.0,1.0,1.0,1.0,0.0,0.0,0.0,0.0,0.0,1.0,0.0,0.0,0.7783726,1.0,0.0,0.0,0.30823332,0.28489554,0.29869276,0.24649902,0.0,0.0,0.003419418
1117-5,0.014658178,0.7,0.3765069,0.2857,0.8472,0.6220464,0.8636,0.45736435,0.3364,0.6728,0.006231429,0.8,0.37052283,0.0,0.8889,0.0,0.0,0.0,0.0,0.0,0.0,0.0,0.0,0.0,0.0,1.0,1.0,1.0,0.0,0.0,0.0,0.0,0.0,1.0,0.0,0.0,0.7783726,1.0,0.0,0.0,0.14733334,0.3604833,0.3111784,0.101066284,0.0,0.0,0.0033334405
1117-6,0.010371439,0.8,0.31398937,0.6,0.8889,0.45235413,0.8636,0.49857202,0.3933,0.6421,0.0063046566,0.8,0.33758748,0.4,0.7625,0.0,0.0,0.0,0.0,0.0,0.0,0.0,0.0,0.0,0.0,1.0,1.0,1.0,0.0,0.0,0.0,0.0,0.0,1.0,0.0,0.0,0.7783726,1.0,0.0,0.0,0.25693333,0.226641,0.34150675,0.15616837,0.0,0.0,0.004457544
garrett01a,0.0087893875,0.6,0.20521449,0.0968,0.4652,0.3182646,0.2273,0.25744593,0.1165,0.4779,0.008429509,0.8,0.33429393,0.0,0.7991,0.56898475,0.2,0.34482756,0.4037798,0.6222,0.014179556,0.0,0.27962965,0.26371428,0.6634,1.0,1.0,1.0,1.0,1.0,0.0,1.0,0.0,0.0,0.0,0.0,0.55888647,1.0,0.0,0.0,0.12706,0.14756568,0.18771869,0.14292683,0.35150433,0.25196898,0.039993722
garrett02a,0.0048409044,0.7,0.3252033,0.4667,0.7914,0.19651307,0.1818,0.23663811,0.0,1.0,0.0017599179,1.0,0.3417044,0.1,0.8048,0.25370505,0.4,0.34930587,0.59997004,1.0,0.061010685,0.0,0.34296298,0.2657143,0.6692,1.0,1.0,1.0,1.0,1.0,0.0,0.0,1.0,0.0,0.0,0.0,0.99892926,1.0,0.0,0.0,0.2172,0.23471613,0.27105927,0.19548936,0.42748633,0.3345331,0.015165515
kansas01a,0.00039488438,0.1,0.22427812,0.0,0.3472,0.02927807,0.0,0.33986127,0.0,0.8,0.0025927348,0.0,0.39110744,0.0,0.5,0.082160585,0.0,0.3134796,0.16664167,1.0,0.008616193,0.0,0.26666665,0.0,0.9167,1.0,1.0,1.0,1.0,1.0,1.0,0.0,0.0,0.0,0.0,0.0,0.2280514,1.0,0.0,0.0,0.19444,0.13547477,0.21519463,0.112121455,0.2287993,0.21253815,0.09601046
kansas02a,0.00031119847,0.0,0.14017382,0.0,0.75,0.010379078,0.0,0.1631987,0.25,1.0,0.0,0.0,0.37052283,0.0,0.0,0.028084783,0.0,0.17913121,0.0,1.0,0.0076826154,0.0,0.5185185,0.71428573,0.5,1.0,1.0,1.0,1.0,1.0,1.0,0.0,0.0,0.0,0.0,0.0,0.2601713,1.0,0.0,0.0,0.07858,0.122192256,0.08907265,0.0,0.11948595,0.45007774,0.16308412
kansas05a,0.006000957,0.6,0.54219234,0.5,0.6504,0.11552941,0.0,0.34475723,0.25,0.9091,0.0071402513,0.4,0.6661177,0.3529,0.5994,0.4097606,0.0,0.40214956,0.520324,0.6639,0.03847312,0.0,0.43629628,0.47614285,0.696,1.0,1.0,1.0,1.0,1.0,0.0,1.0,0.0,0.0,0.0,0.0,0.3554604,1.0,0.0,0.0,0.41796,0.47525948,0.20552345,0.4654554,0.34531966,0.4402152,0.014836557
kansas06a,0.0005376177,0.0,0.14718252,0.0,1.0,0.018079298,0.0,0.3263974,0.0,0.75,2.1643309e-05,0.0,0.0,0.0,0.0,0.08895078,0.0,0.1343484,0.0,1.0,0.01722122,0.0,0.1388889,0.0,0.0,1.0,1.0,1.0,1.0,1.0,1.0,0.0,0.0,0.0,0.0,0.0,0.21413277,1.0,0.0,0.0,0.32968,0.14948624,0.2198944,0.0,0.28072694,0.18606602,0.13259147
kansas08a,0.00010989011,0.0,0.0,0.0,0.0,0.9999999,0.0,0.20399837,0.0,1.0,0.0,0.0,0.0,0.0,0.0,0.11314018,0.2,0.1643529,0.0,1.0,1.0,0.0,0.16037036,0.17857143,1.0,1.0,1.0,1.0,1.0,1.0,1.0,0.0,0.0,0.0,0.0,0.0,0.17773019,1.0,0.0,0.0,0.08214,0.0,0.08149871,0.0,0.1545747,0.15467231,0.17492174
kansas09a,0.0006708493,0.5,0.08774882,0.0556,0.8081,0.019858783,0.4091,0.15299878,0.0,0.891,1.4823774e-05,0.6,0.08233841,0.0,1.0,0.16084273,0.2,0.18808776,0.0,1.0,0.009329415,0.0,0.11111111,0.0,0.8,1.0,1.0,1.0,1.0,1.0,1.0,0.0,0.0,0.0,0.0,0.0,0.64025694,1.0,0.0,0.0,0.0293,0.07111367,0.11596722,0.04648556,0.1774969,0.121627286,0.17981286
kansas10a,0.0065002027,0.7,0.30277547,0.2333,0.6479,0.16255252,0.4091,0.45573235,0.1,0.7707,0.0037690063,0.2,0.61753803,0.6667,0.9524,0.34810182,0.4,0.49484998,0.37498125,0.7922,0.03922577,0.0,0.3148148,0.1587143,0.857,1.0,1.0,1.0,1.0,1.0,0.0,0.0,0.0,1.0,0.0,0.0,0.65524626,1.0,0.0,0.0,0.36666,0.30452472,0.33225393,0.7562984,0.55963737,0.3823558,0.013053604
kansas11a,0.006410351,0.8,0.45416322,0.5556,0.6465,0.22714692,1.0,0.7841697,0.5472,0.6992,0.00021461894,1.0,0.41169202,0.125,0.7321,0.7022519,0.8,0.55038065,0.6461677,0.6862,0.03742815,0.0,0.44777778,0.6382857,0.713,1.0,1.0,1.0,1.0,1.0,0.0,0.0,1.0,0.0,0.0,0.0,0.9379015,1.0,0.0,0.0,0.41824,0.45127413,0.7500109,0.21791366,0.5748794,0.37561524,0.009134618
kansas12a,0.0032354144,0.3,0.21979256,0.0526,0.8346,0.054242134,0.3636,0.23908609,0.0556,0.8106,0.0011405431,0.6,0.15891312,0.0,0.8667,0.34748167,0.2,0.2413793,0.0,0.7831,0.021568839,0.0,0.22444445,0.08400001,0.8462,1.0,1.0,1.0,1.0,1.0,0.0,1.0,0.0,0.0,0.0,0.0,0.49250534,1.0,0.0,0.0,0.17098,0.12371562,0.146915,0.06981803,0.18074131,0.23228905,0.025247842
kansas13a,0.002833372,0.8,0.20128961,0.1429,0.6764,0.076040834,0.3636,0.26927784,0.0455,0.8509,0.0011347354,0.6,0.1704405,0.0,0.8036,0.25747338,0.2,0.24093148,0.12854357,0.731,0.023414895,0.0,0.22851852,0.10585715,0.7556,1.0,1.0,1.0,1.0,1.0,0.0,0.0,0.0,1.0,0.0,0.0,0.751606,1.0,0.0,0.0,0.23788,0.2235899,0.2495219,0.09479869,0.32571796,0.25636807,0.020563146
kansas14a,0.009437608,0.6,0.36164847,0.4384,0.6727,0.5026394,0.4545,0.5716034,0.4342,0.6152,0.00434863,0.8,0.5006175,0.0526,0.4744,0.74699247,0.2,0.43215403,0.39133042,0.8769,0.043578524,0.0,0.2703704,0.10985714,0.8182,1.0,1.0,1.0,1.0,1.0,0.0,1.0,0.0,0.0,0.0,0.0,0.71948606,1.0,0.0,0.0,0.30374,0.24612173,0.39054182,0.34771666,0.6004799,0.33432025,0.0120284455
kansas15a,0.009742502,0.9,0.43369782,0.25,0.6595,0.3371856,0.8636,0.499796,0.2985,0.6593,0.0004980459,1.0,0.41169202,0.0,0.7348,0.64073265,0.8,0.4742499,0.43752813,0.7385,0.06278474,0.0,0.39962962,0.42857146,0.7318,1.0,1.0,1.0,1.0,1.0,0.0,0.0,1.0,0.0,0.0,0.0,0.977516,1.0,0.0,0.0,0.37074,0.42099014,0.39069396,0.2654083,0.38640723,0.3960434,0.01682362
kansas16a,0.0007022723,0.3,0.19876648,0.0,0.8586,0.012597306,0.0,0.21746226,0.0,0.75,2.8689536e-05,0.6,0.20584601,0.0,0.9583,0.107663706,0.2,0.19793999,0.100044996,0.881,0.011338144,0.0,0.21481483,0.19042858,0.8214,1.0,1.0,1.0,1.0,1.0,1.0,0.0,0.0,0.0,0.0,0.0,0.34475377,1.0,0.0,0.0,0.1489,0.19511737,0.22246975,0.13983788,0.15931462,0.24529934,0.11638453
kansas17a,0.0019159946,0.3,0.15811607,0.1765,0.6115,0.07010912,0.2273,0.3875969,0.0,0.6625,4.4600594e-05,0.4,0.2745986,0.3333,0.9667,0.38265234,0.2,0.52530223,0.55257237,0.8238,0.02989681,0.0,0.4074074,0.35714287,0.7706,1.0,1.0,1.0,1.0,1.0,0.0,0.0,0.0,0.0,0.0,1.0,0.7676659,1.0,0.0,0.0,0.38696,0.19469833,0.50710124,0.30477414,0.43045193,0.36056015,0.09721733
kansas18a,0.008406786,0.8,0.299972,0.4444,0.6532,0.6158526,0.3182,0.47613218,0.0,0.7778,0.007243255,0.8,0.4775628,0.4,0.725,0.5676953,0.8,0.6238245,0.66656667,0.8437,0.0711707,0.0,0.49666667,0.43957144,0.6525,1.0,1.0,1.0,1.0,1.0,0.0,0.0,1.0,0.0,0.0,0.0,0.9507494,1.0,0.0,0.0,0.43866,0.20947804,0.31509572,0.2849735,0.66056925,0.47633058,0.01871936
kansas19a,0.008593257,0.6,0.3341744,0.4167,0.6111,0.27544963,0.4091,0.44430846,0.3243,0.5379,0.008186052,0.8,0.29641825,0.0,0.7556,0.57526433,0.6,0.50067174,0.39478028,0.6756,0.05749544,0.0,0.28777778,0.24485715,0.4788,1.0,1.0,1.0,1.0,1.0,0.0,0.0,1.0,0.0,0.0,0.0,0.9261241,1.0,0.0,0.0,0.29672,0.26679412,0.43323085,0.18961419,0.5898933,0.30760944,0.0090926215
kansas20a,0.0041341153,0.6,0.20044857,0.15,0.8177,0.15714386,0.6818,0.44104448,0.3333,0.73,0.0023589896,0.6,0.19555372,0.25,1.0,0.5197493,0.2,0.39408866,0.38293085,0.7496,0.058892373,0.0,0.36222222,0.34014288,0.8026,1.0,1.0,1.0,1.0,1.0,0.0,0.0,0.0,1.0,0.0,0.0,0.65738755,1.0,0.0,0.0,0.13242,0.1466665,0.27030948,0.26994923,0.27279332,0.32258064,0.014326913
kansas21a,0.0036513817,0.7,0.35379875,0.1875,0.6484,0.12624772,0.8636,0.5915953,0.3636,0.6778,0.0036606465,0.8,0.28818443,0.0,0.8615,0.3112402,0.8,0.66905504,0.0,0.6961,0.023297466,0.0,0.41,0.09528571,0.7877,1.0,1.0,1.0,1.0,1.0,0.0,0.0,0.0,1.0,0.0,0.0,0.82441103,1.0,0.0,0.0,0.38438,0.33035645,0.6700878,0.16388233,0.6770618,0.45925656,0.017584423
kansas22a,0.0052047013,0.7,0.2094197,0.1212,0.777,0.2044467,0.4545,0.2656059,0.1064,0.5604,0.0022336054,0.8,0.22025524,0.0,0.7079,0.48893487,0.2,0.3340797,0.19349031,0.8156,0.031989764,0.0,0.21296297,0.16800001,0.7647,1.0,1.0,1.0,1.0,1.0,0.0,0.0,0.0,1.0,0.0,0.0,0.72055674,1.0,0.0,0.0,0.11472,0.19711652,0.18797407,0.16481854,0.3047644,0.16115487,0.01137491
kansas23a,0.0062976503,0.9,0.32576397,0.4615,0.8364,0.12413052,0.2727,0.5985312,0.5,0.7411,0.003990196,0.0,0.4804446,0.0,0.7679,0.7582864,0.4,0.63367665,0.7499625,0.7558,0.04702527,0.0,0.3685185,0.42857146,0.831,1.0,1.0,1.0,1.0,1.0,0.0,1.0,0.0,0.0,0.0,0.0,0.58351177,1.0,0.0,0.0,0.3232,0.19920732,0.50527567,0.16503718,0.65949625,0.33780986,0.018118978
kempler02a,0.0016113323,0.7,0.13905244,0.0769,0.8034,0.03211542,0.4091,0.19828641,0.0,0.8561,3.664728e-05,0.6,0.21943185,0.1667,0.7375,0.11489486,0.4,0.2539185,0.25003752,1.0,0.014918423,0.0,0.16666667,0.10985714,0.9423,1.0,1.0,1.0,1.0,1.0,0.0,0.0,1.0,0.0,0.0,0.0,0.83832973,1.0,0.0,0.0,0.12588,0.18069123,0.15712951,0.20320892,0.302348,0.1417394,0.11347549
kempler03a,0.0027766987,0.8,0.17774041,0.1091,0.4867,0.18362701,0.5,0.3508772,0.0556,0.6526,0.0019598342,0.6,0.19349524,0.0,0.6917,0.35568243,0.4,0.2543663,0.14999251,0.9071,0.041151054,0.0,0.18185185,0.039714284,0.6413,1.0,1.0,1.0,1.0,1.0,1.0,0.0,0.0,0.0,0.0,0.0,0.64775157,1.0,0.0,0.0,0.25324,0.21881029,0.30407166,0.13686106,0.3953885,0.1546336,0.02243456
kempler04a,0.0045037256,0.3,0.18446875,0.1373,0.5,0.19163686,0.3182,0.30803755,0.0652,0.5067,0.00011282993,0.8,0.23672292,0.125,0.7348,0.28142738,0.0,0.41603222,0.25003752,0.7941,0.039650936,0.0,0.31555557,0.27771428,0.6354,1.0,1.0,1.0,1.0,1.0,1.0,0.0,0.0,0.0,0.0,0.0,0.58244103,1.0,0.0,0.0,0.48124,0.1394556,0.25141263,0.11704919,0.47284907,0.3563739,0.05426295
kurland01a,0.010701442,0.7,0.30109337,0.3614,0.5712,0.4173022,0.5455,0.52264386,0.321,0.6073,0.006979047,0.8,0.50514615,0.0909,0.6383,0.7977342,0.8,0.43125838,0.39583024,0.5863,0.06758125,0.0,0.38592592,0.4,0.6689,1.0,1.0,1.0,1.0,1.0,0.0,0.0,0.0,0.0,0.0,1.0,0.58672374,0.0,0.0,0.0,0.4473,0.24878873,0.39364964,0.35682094,0.33469924,0.3919539,0.0049979994
kurland01b,0.009813859,0.5,0.30277547,0.2381,0.5665,0.55690086,0.5909,0.4133007,0.2899,0.6096,0.0055878265,0.8,0.50432277,0.0625,0.4778,0.81392664,0.6,0.48858038,0.46332684,0.6207,0.091926664,0.0,0.3540741,0.402,0.6013,1.0,1.0,1.0,1.0,1.0,0.0,0.0,0.0,0.0,0.0,1.0,0.58672374,0.0,0.0,0.0,0.45812,0.32434157,0.29958382,0.44715717,0.5527936,0.37495083,0.002913599
kurland01c,0.010890478,0.8,0.34735075,0.4583,0.5727,0.48178583,0.6364,0.46552426,0.3154,0.5937,0.0064429166,0.6,0.443804,0.0,0.4022,0.81522864,0.8,0.49753693,0.5080246,0.6452,0.11872766,0.0,0.47,0.63100004,0.6152,1.0,1.0,1.0,1.0,1.0,0.0,1.0,0.0,0.0,0.0,0.0,0.5942184,1.0,0.0,0.0,0.40188,0.29158264,0.38884664,0.5630571,0.46663904,0.46166897,0.003520027
kurland01d,0.010366285,0.7,0.34622937,0.2281,0.6301,0.50801164,0.5,0.4859241,0.2759,0.63,0.00453344,0.4,0.4236311,0.1429,0.5569,0.0,0.0,0.0,0.0,0.0,0.12903404,0.0,0.5185185,0.6592857,0.5798,1.0,1.0,1.0,0.0,1.0,0.0,1.0,0.0,0.0,0.0,0.0,0.5942184,1.0,0.0,0.0,0.471375,0.31888974,0.42094082,0.19844937,0.0,0.37826627,0.004972037
kurland01e,0.010263658,0.7,0.29857025,0.2273,0.5132,0.45001307,0.5455,0.49326807,0.2373,0.6106,0.0071102763,0.4,0.40057632,0.0,0.5344,0.0,0.0,0.0,0.0,0.0,0.17260581,0.0,0.4,0.26157144,0.5809,1.0,1.0,1.0,0.0,1.0,0.0,0.0,0.0,0.0,0.0,1.0,0.58672374,0.0,0.0,0.0,0.507275,0.3207361,0.40664053,0.23536536,0.0,0.38179463,0.003934582
kurland01f,0.01275042,0.7857,0.26044297,0.1613,0.6,0.4580611,0.5909,0.41248468,0.3057,0.6277,0.0,0.0,0.0,0.0,0.0,0.90149564,0.8,0.49171516,0.46107695,0.625,0.0,0.0,0.0,0.0,0.0,1.0,1.0,0.0,1.0,0.0,0.0,0.0,0.0,0.0,0.0,1.0,0.58672374,0.0,0.0,0.0,0.40396667,0.24755345,0.32055616,0.0,0.4977061,0.0,0.0028427783
kurland02a,0.0016308904,0.7,0.1488646,0.093,0.7308,0.023955151,0.5,0.14116687,0.0,0.7619,0.004173033,0.8,0.34993824,0.0,1.0,0.071543895,0.0,0.12539184,0.09374531,0.8,0.0063795,0.0,0.121851854,0.0,1.0,1.0,1.0,1.0,1.0,1.0,0.0,0.0,1.0,0.0,0.0,0.0,0.78693783,1.0,0.0,0.0,0.14104,0.13812867,0.12566558,0.19056724,0.08899347,0.099980004,0.03156675
kurland02b,0.0020848343,0.8,0.18502945,0.0476,0.6424,0.11577035,0.5,0.25826192,0.0385,0.8078,0.0022894614,0.6,0.14121038,0.0,1.0,0.09352239,0.2,0.22704881,0.13049348,0.4762,0.0046280865,0.0,0.12592593,0.0,0.7143,1.0,1.0,1.0,1.0,1.0,0.0,0.0,1.0,0.0,0.0,0.0,0.78693783,1.0,0.0,0.0,0.07588,0.1288357,0.2511464,0.100090824,0.1860135,0.081512734,0.026704408
kurland02c,0.0035076314,0.8,0.3165125,0.4286,0.5961,0.024080478,0.3636,0.24071808,0.0,0.4818,0.0054581175,0.6,0.12350761,0.0,1.0,0.13667776,0.0,0.24944022,0.074996255,0.8286,0.025501303,0.0,0.16666667,0.034,0.7941,1.0,1.0,1.0,1.0,1.0,0.0,0.0,1.0,0.0,0.0,0.0,0.8062098,1.0,0.0,0.0,0.1539,0.22439742,0.14247061,0.07928108,0.24282467,0.1759648,0.016919877
kurland02d,0.0022701498,0.7857,0.28034765,0.2,0.9583,0.0,0.0,0.0,0.0,0.0,0.0016301883,0.8,0.26759982,0.0,1.0,0.0,0.0,0.0,0.0,0.0,0.0,0.0,0.0,0.0,0.0,1.0,0.0,1.0,0.0,0.0,0.0,0.0,1.0,0.0,0.0,0.0,0.8062098,1.0,0.0,0.0,0.1,0.1884521,0.0,0.112121455,0.0,0.0,0.037652176
kurland02e,0.0029633981,0.8,0.29969162,0.0769,0.5274,0.0067778565,0.1818,0.2855977,0.3333,0.875,0.005441673,0.6,0.16467682,0.0,1.0,0.0,0.0,0.0,0.0,0.0,0.036319215,0.0,0.1574074,0.0,0.875,1.0,1.0,1.0,0.0,1.0,0.0,0.0,1.0,0.0,0.0,0.0,0.8062098,1.0,0.0,0.0,0.243575,0.1712062,0.19336927,0.08409109,0.0,0.13641143,0.045238
kurland02f,0.00317408,0.6,0.22904404,0.0556,0.4714,0.05638621,0.4545,0.34230927,0.15,0.606,0.0020988325,0.6,0.16467682,0.0,0.9333,0.0,0.0,0.0,0.0,0.0,0.03125586,0.0,0.16666667,0.0,0.8333,1.0,1.0,1.0,0.0,1.0,0.0,0.0,0.0,0.0,0.0,1.0,0.58672374,0.0,0.0,0.0,0.151,0.13132808,0.19091888,0.1700434,0.0,0.13752088,0.025919396
kurland02g,0.0036560697,0.7857,0.34342587,0.125,0.8235,0.09546457,0.5909,0.4385965,0.25,0.5647,0.0,0.0,0.0,0.0,0.0,0.1893837,0.0,0.25078368,0.0,0.7095,0.0,0.0,0.0,0.0,0.0,1.0,1.0,0.0,1.0,0.0,0.0,0.0,0.0,0.0,0.0,1.0,0.58672374,0.0,0.0,0.0,0.2718,0.14962156,0.32331082,0.0,0.24355973,0.0,0.016061883
kurland03a,0.0048535564,0.6,0.2671713,0.2432,0.6188,0.10040482,0.7727,0.61893106,0.5,0.7021,0.0036285212,1.0,0.3935776,0.0,0.7608,0.3493901,0.4,0.41603222,0.42852858,0.7114,0.027591499,0.0,0.4222222,0.25214285,0.8074,1.0,1.0,1.0,1.0,1.0,0.0,0.0,1.0,0.0,0.0,0.0,0.89293355,1.0,0.0,0.0,0.49202,0.20763603,0.50186366,0.3505982,0.3530505,0.38571644,0.018619016
kurland03b,0.0058233486,0.7,0.25399497,0.3226,0.6063,0.15461493,0.6818,0.35903713,0.1944,0.6874,0.0027767364,1.0,0.3202964,0.1111,0.8258,0.28973326,0.6,0.45633674,0.33328333,0.7466,0.010110876,0.0,0.5555556,0.23814288,1.0,1.0,1.0,1.0,1.0,1.0,0.0,0.0,1.0,0.0,0.0,0.0,0.89293355,1.0,0.0,0.0,0.34498,0.24923831,0.32232738,0.26161858,0.47695532,0.47351176,0.016549625
kurland07a,0.004891977,0.6,0.36248952,0.4,0.6419,0.23348045,0.5,0.41901267,0.2714,0.699,0.007510225,0.6,0.31906134,0.0,0.881,0.51411927,0.4,0.49126735,0.40902957,0.6127,0.026423195,0.0,0.34777778,0.34014288,0.5897,1.0,1.0,1.0,1.0,1.0,0.0,0.0,1.0,0.0,0.0,0.0,0.8865096,1.0,0.0,0.0,0.5681,0.39631948,0.2637407,0.13732076,0.48429748,0.34970427,0.007663741
kurland07b,0.005573298,0.7,0.3036165,0.3333,0.7096,0.18300548,0.5,0.5524276,0.3125,0.6171,0.0039212266,0.8,0.22931248,0.0,0.6625,0.0,0.0,0.0,0.0,0.0,0.082332216,0.0,0.28444445,0.2857143,0.6904,1.0,1.0,1.0,0.0,1.0,0.0,0.0,1.0,0.0,0.0,0.0,0.8865096,1.0,0.0,0.0,0.415725,0.2567373,0.40589073,0.17943917,0.0,0.2797247,0.013189025
kurland07c,0.005912353,0.4,0.35379875,0.4231,0.6302,0.19829327,0.4545,0.5389637,0.4062,0.6632,0.006599144,0.8,0.24701522,0.0,1.0,0.0,0.0,0.0,0.0,0.0,0.059267066,0.0,0.25555557,0.19042858,0.7194,1.0,1.0,1.0,0.0,1.0,0.0,0.0,0.0,0.0,0.0,1.0,0.58672374,0.0,0.0,0.0,0.397025,0.33516225,0.43186167,0.17329493,0.0,0.30824804,0.011126556
kurland07d,0.0066633304,0.7857,0.34847215,0.2857,0.7589,0.17661257,0.7273,0.42064464,0.2424,0.7253,0.0,0.0,0.0,0.0,0.0,0.46655157,0.2,0.47872815,0.459727,0.5575,0.0,0.0,0.0,0.0,0.0,1.0,1.0,0.0,1.0,0.0,0.0,0.0,0.0,0.0,0.0,1.0,0.58672374,0.0,0.0,0.0,0.67,0.2161215,0.32213724,0.0,0.469875,0.0,0.0070874235
kurland08a,0.0022075255,0.7,0.32576397,0.5294,0.7992,0.03372528,0.4091,0.32068545,0.0,0.9293,0.0010412497,0.6,0.39110744,0.0,0.775,0.21173643,0.4,0.7241379,0.499925,0.9647,0.01872174,0.0,0.29074073,0.35714287,0.8706,1.0,1.0,1.0,1.0,1.0,0.0,0.0,1.0,0.0,0.0,0.0,0.9850106,1.0,0.0,0.0,0.12622,0.21759683,0.23312433,0.38509795,0.6646755,0.37403488,0.037847523
kurland08b,0.0031532045,0.9,0.26016262,0.28,0.7292,0.06040247,0.6364,0.40799674,0.1,0.8102,0.002006124,0.8,0.48826674,0.0,0.65,0.0,0.0,0.0,0.0,0.0,0.024157733,0.0,0.19740741,0.0,1.0,1.0,1.0,1.0,0.0,1.0,0.0,0.0,1.0,0.0,0.0,0.0,0.9850106,1.0,0.0,0.0,0.045,0.21956106,0.3419088,0.17176446,0.0,0.111339025,0.030529005
kurland08c,0.0028906115,0.7,0.28259042,0.28,0.7112,0.08362618,0.8182,0.41778865,0.2941,0.7771,0.002176713,0.6,0.53519964,0.0,0.8846,0.0,0.0,0.0,0.0,0.0,0.032218408,0.0,0.27555555,0.40814286,0.8182,1.0,1.0,1.0,0.0,1.0,0.0,0.0,0.0,0.0,0.0,1.0,0.58672374,0.0,0.0,0.0,0.15455,0.18663192,0.22133419,0.35896245,0.0,0.31594327,0.024719652
kurland09a,0.0011600001,0.7,0.20269135,0.1364,0.5271,0.061286937,0.2273,0.29742962,0.1333,0.8472,0.0016603976,0.8,0.35405517,0.0,0.9206,0.10302532,0.6,0.29108822,0.074996255,0.7444,0.004685772,0.0,0.1851852,0.1587143,0.9714,1.0,1.0,1.0,1.0,1.0,0.0,0.0,1.0,0.0,0.0,0.0,0.85331905,1.0,0.0,0.0,0.27454,0.26063082,0.24217069,0.16014308,0.35606682,0.16121937,0.036621876
kurland09b,0.0010147569,0.6,0.18951502,0.1053,0.8395,0.03250518,0.1364,0.33333334,0.1333,0.7879,0.0006537528,0.8,0.21284479,0.0,0.7937,0.0,0.0,0.0,0.0,0.0,0.018781988,0.0,0.3037037,0.40814286,0.8393,1.0,1.0,1.0,0.0,1.0,0.0,0.0,1.0,0.0,0.0,0.0,0.85331905,1.0,0.0,0.0,0.2609,0.22630927,0.22328474,0.11404994,0.0,0.23852004,0.04797585
kurland09c,0.00092161517,0.5,0.15222877,0.0,0.8036,0.01367894,0.2727,0.3129335,0.0,0.8375,0.0018961064,0.2,0.24701522,0.1667,1.0,0.0,0.0,0.0,0.0,0.0,0.02571289,0.0,0.25,0.1587143,1.0,1.0,1.0,1.0,0.0,1.0,0.0,0.0,0.0,0.0,0.0,1.0,0.58672374,0.0,0.0,0.0,0.186,0.18274276,0.1642851,0.15662247,0.0,0.22367786,0.053333495
kurland09d,0.0010822978,0.2857,0.13316514,0.0,0.9762,0.058797784,0.4091,0.25377396,0.2778,0.5583,0.0,0.0,0.0,0.0,0.0,0.05025906,0.2,0.14330497,0.0,1.0,0.0,0.0,0.0,0.0,0.0,1.0,1.0,0.0,1.0,0.0,0.0,0.0,0.0,0.0,0.0,1.0,0.58672374,0.0,0.0,0.0,0.09723333,0.09760451,0.16246496,0.0,0.071799725,0.0,0.043567337
kurland10a,0.0069121863,0.7,0.4294926,0.5128,0.7448,0.21576689,0.7273,0.45369238,0.2381,0.8082,0.003851633,0.8,0.48209137,0.1429,0.9137,0.64345324,0.2,0.44693235,0.5338233,0.7325,0.055891637,0.0,0.38814813,0.38957146,0.7544,1.0,1.0,1.0,1.0,1.0,0.0,0.0,1.0,0.0,0.0,0.0,0.90899354,1.0,0.0,0.0,0.39066,0.36149597,0.3992513,0.41024682,0.47066924,0.4114403,0.011468598
kurland10b,0.0069574513,0.7,0.3770676,0.3421,0.7347,0.19050866,0.5,0.44186047,0.3333,0.7356,0.0059853285,1.0,0.6998765,0.0,0.8889,0.0,0.0,0.0,0.0,0.0,0.10738477,0.0,0.21222222,0.119,0.8359,1.0,1.0,1.0,0.0,1.0,0.0,0.0,1.0,0.0,0.0,0.0,0.90899354,1.0,0.0,0.0,0.251825,0.32925647,0.28362092,0.22424291,0.0,0.18307307,0.012274783
kurland12a,0.013004555,0.9,0.29632747,0.3125,0.6652,0.41207573,0.8636,0.3867809,0.2326,0.7094,0.009020015,0.8,0.43598187,0.3529,0.6441,0.4718288,1.0,0.49529782,0.44997752,0.7085,0.016478065,0.0,0.37814814,0.34914285,0.7253,1.0,1.0,1.0,1.0,1.0,0.0,0.0,1.0,0.0,0.0,0.0,0.9518201,1.0,0.0,0.0,0.3246,0.2456678,0.29076022,0.21689895,0.5142746,0.5344028,0.00687245
kurland12b,0.0138006825,0.8,0.23857586,0.2963,0.6909,0.42153,0.8182,0.34516525,0.2308,0.6553,0.008154713,1.0,0.38657883,0.0968,0.6749,0.0,0.0,0.0,0.0,0.0,0.10392392,0.0,0.29222223,0.34014288,0.8746,1.0,1.0,1.0,0.0,1.0,0.0,0.0,1.0,0.0,0.0,0.0,0.9518201,1.0,0.0,0.0,0.137,0.18030275,0.25084215,0.29194742,0.0,0.27182952,0.005742097
kurland12c,0.012596818,0.7,0.29240263,0.3478,0.6823,0.4159113,0.8182,0.42839658,0.2389,0.6568,0.01018426,1.0,0.54425687,0.2963,0.5823,0.0,0.0,0.0,0.0,0.0,0.1396641,0.0,0.46296296,0.61228573,0.7779,1.0,1.0,1.0,0.0,1.0,0.0,0.0,0.0,0.0,0.0,1.0,0.58672374,0.0,0.0,0.0,0.2173,0.27170032,0.33049357,0.36395746,0.0,0.47257644,0.005478673
kurland12d,0.017017785,0.9286,0.25203255,0.2267,0.6353,0.53068686,0.8182,0.40881276,0.2252,0.6945,0.0,0.0,0.0,0.0,0.0,0.58465034,0.6,0.5087326,0.46662667,0.7434,0.0,0.0,0.0,0.0,0.0,1.0,1.0,0.0,1.0,0.0,0.0,0.0,0.0,0.0,0.0,1.0,0.58672374,0.0,0.0,0.0,0.30363333,0.19072625,0.31766567,0.0,0.5243374,0.0,0.00441733
kurland13a,0.00209527,0.5,0.16484442,0.1111,0.5984,0.041863423,0.4545,0.27947778,0.0667,0.7795,0.0023294112,0.4,0.14409222,0.0,1.0,0.14367574,0.2,0.294223,0.0,0.875,0.012069337,0.0,0.1962963,0.18628572,0.8091,1.0,1.0,1.0,1.0,1.0,1.0,0.0,0.0,0.0,0.0,0.0,0.5760171,1.0,0.0,0.0,0.30032,0.122074395,0.1636005,0.04648556,0.30373362,0.21113841,0.03373164
kurland13b,0.001891597,0.4,0.1682086,0.16,0.6635,0.048595633,0.2273,0.2741738,0.2632,0.3552,0.0017711209,0.4,0.08233841,0.0,1.0,0.0,0.0,0.0,0.0,0.0,0.03359343,0.0,0.1388889,0.0,1.0,1.0,1.0,1.0,0.0,1.0,1.0,0.0,0.0,0.0,0.0,0.0,0.5760171,1.0,0.0,0.0,0.147625,0.14933783,0.14723556,0.026427027,0.0,0.12900646,0.03744027
kurland13c,0.0012611569,0.4,0.15335016,0.0526,0.8111,0.031508714,0.1818,0.31619748,0.1429,0.7795,0.004750972,0.6,0.26060104,0.3333,1.0,0.0,0.0,0.0,0.0,0.0,0.030615145,0.0,0.17037037,0.17857143,0.7,1.0,1.0,1.0,0.0,1.0,0.0,0.0,0.0,0.0,0.0,1.0,0.58672374,0.0,0.0,0.0,0.1243,0.1619918,0.25249928,0.11519358,0.0,0.111429326,0.058645003
kurland13d,0.0027833914,0.7143,0.13484722,0.0625,0.6381,0.02054432,0.3182,0.25295797,0.0,0.9333,0.0,0.0,0.0,0.0,0.0,0.28419134,0.2,0.35826242,0.31033447,0.7033,0.0,0.0,0.0,0.0,0.0,1.0,1.0,0.0,1.0,0.0,0.0,0.0,0.0,0.0,0.0,1.0,0.58672374,0.0,0.0,0.0,0.2076,0.091257885,0.18624085,0.0,0.36955988,0.0,0.024088372
kurland14a,0.0097717885,0.9,0.38015142,0.4107,0.6073,0.16286269,0.5455,0.6474908,0.2667,0.7016,0.006598094,0.8,0.784685,0.375,0.4076,0.7942749,0.8,0.705777,0.6337183,0.5983,0.03286633,0.0,0.47962964,0.7857143,0.6917,1.0,1.0,1.0,1.0,1.0,0.0,0.0,0.0,1.0,0.0,0.0,0.8062098,1.0,0.0,0.0,0.61466,0.38433334,0.47468108,0.5106908,0.6734456,0.42566326,0.0068599796
kurland14b,0.00932356,1.0,0.5032241,0.6842,0.6297,0.38435355,0.5909,0.79640967,0.4783,0.6298,0.005493101,0.8,1.0,0.7143,0.6083,0.0,0.0,0.0,0.0,0.0,0.170194,0.0,0.5577778,0.898,0.6297,1.0,1.0,1.0,0.0,1.0,0.0,0.0,0.0,1.0,0.0,0.0,0.8062098,1.0,0.0,0.0,0.752425,0.41117337,0.63488036,0.39689314,0.0,0.59878993,0.010182323
kurland15a,0.00031896716,0.2,0.0841043,0.0,0.8958,0.003207185,0.0909,0.14279886,0.0,0.7857,4.611993e-05,0.4,0.109921776,0.0,1.0,0.03988094,0.2,0.089565605,0.0,0.8333,0.0036755253,0.0,0.11111111,0.0,1.0,1.0,1.0,1.0,1.0,1.0,1.0,0.0,0.0,0.0,0.0,0.0,0.113490365,1.0,0.0,0.0,0.05,0.073431455,0.10521483,0.07282288,0.04858183,0.025801292,0.06767855
kurland15b,0.00036244935,0.2857,0.11466219,0.0,0.8741,0.0,0.0,0.0,0.0,0.0,0.00026105734,0.4,0.17167558,0.0,1.0,0.0,0.0,0.0,0.0,0.0,0.0,0.0,0.0,0.0,0.0,1.0,0.0,1.0,0.0,0.0,1.0,0.0,0.0,0.0,0.0,0.0,0.113490365,1.0,0.0,0.0,0.05555,0.08998769,0.0,0.1288668,0.0,0.0,0.03609386
kurland15c,0.0003037812,0.2,0.10597141,0.0,0.6542,0.0075483546,0.0909,0.1379029,0.0,0.875,0.00016289549,0.4,0.08233841,0.0,1.0,0.0,0.0,0.0,0.0,0.0,0.020574251,0.0,0.074074075,0.0,0.0,1.0,1.0,1.0,0.0,1.0,1.0,0.0,0.0,0.0,0.0,0.0,0.113490365,1.0,0.0,0.0,0.1411,0.08621202,0.159694,0.0,0.0,0.042662438,0.058497287
kurland15d,0.00016924395,0.5,0.0841043,0.0,0.8095,0.49877223,0.0,0.0,0.0,0.0,0.00015639733,0.6,0.08233841,0.0,1.0,0.0,0.0,0.0,0.0,0.0,0.035105318,0.0,0.1851852,0.0,1.0,1.0,1.0,1.0,0.0,1.0,0.0,0.0,0.0,0.0,0.0,1.0,0.58672374,0.0,0.0,0.0,0.10715,0.059158087,0.0,0.0,0.0,0.228335,0.12778047
kurland15e,0.00057483924,0.0,0.05606953,0.0,1.0,0.010802665,0.0,0.09506324,0.0,1.0,0.0,0.0,0.0,0.0,0.0,0.42042384,0.0,0.0,0.0,0.0,0.0,0.0,0.0,0.0,0.0,1.0,1.0,0.0,1.0,0.0,0.0,0.0,0.0,0.0,0.0,1.0,0.58672374,0.0,0.0,0.0,0.0,0.0,0.04065699,0.0,0.0,0.0,0.17889361
kurland16a,0.007126491,0.5,0.5256519,0.4091,0.6725,0.13462396,0.2273,0.6034272,0.3,0.6082,0.0048168246,0.6,0.5059695,0.0,0.8681,0.6452755,0.2,0.56157637,0.6922154,0.5902,0.06543819,0.0,0.36037037,0.6391429,0.6073,1.0,1.0,1.0,1.0,1.0,0.0,1.0,0.0,0.0,0.0,0.0,0.39507493,1.0,0.0,0.0,0.26888,0.4616409,0.50860083,0.3641985,0.5242782,0.31415007,0.013177927
kurland16b,0.0048755384,0.4,0.38603872,0.2286,0.6268,0.1172665,0.2727,0.7115463,0.3333,0.5859,0.0074706553,0.6,0.26759982,0.0,0.9762,0.0,0.0,0.0,0.0,0.0,0.0624266,0.0,0.28407407,0.61228573,0.7632,1.0,1.0,1.0,0.0,1.0,0.0,1.0,0.0,0.0,0.0,0.0,0.39507493,1.0,0.0,0.0,0.12105,0.32010317,0.5716319,0.20244089,0.0,0.18406641,0.024706073
kurland16c,0.004769985,0.5,0.5637792,0.6429,0.6344,0.12582192,0.2273,0.64014685,0.6471,0.5169,0.0052773887,0.6,0.21284479,0.0,0.8333,0.0,0.0,0.0,0.0,0.0,0.14738116,0.0,0.5388889,0.90914285,0.7769,1.0,1.0,1.0,0.0,1.0,0.0,0.0,0.0,0.0,0.0,1.0,0.58672374,0.0,0.0,0.0,0.2983,0.41416338,0.37691522,0.11494692,0.0,0.49819067,0.021639327
kurland16d,0.009375842,0.2857,0.28315115,0.15,0.495,0.16932741,0.3182,0.501836,0.1538,0.4343,0.0,0.0,0.0,0.0,0.0,0.75817686,0.6,0.5320197,0.80995953,0.552,0.16206695,0.0,0.47925925,0.9244286,0.4788,1.0,1.0,0.0,1.0,1.0,0.0,0.0,0.0,0.0,0.0,1.0,0.58672374,0.0,0.0,0.0,0.237975,0.18615177,0.32848328,0.0,0.51483226,0.31813636,0.009117212
kurland17a,0.0069762506,0.7,0.2828708,0.303,0.5741,0.24219637,0.9091,0.44308445,0.2245,0.713,0.007011487,1.0,0.5557842,0.0,0.7048,0.57778966,0.8,0.559785,0.58167094,0.6739,0.12151244,0.0,0.57666665,0.3174286,0.8431,1.0,1.0,1.0,1.0,1.0,0.0,0.0,1.0,0.0,0.0,0.0,0.85653096,1.0,0.0,0.0,0.23116,0.34524962,0.33257994,0.335843,0.64164346,0.56651247,0.0099812215
kurland17b,0.008898756,0.9286,0.37846932,0.5,0.7583,0.0,0.0,0.0,0.0,0.0,0.005643233,1.0,0.3664059,0.2,0.6993,0.0,0.0,0.0,0.0,0.0,0.0,0.0,0.0,0.0,0.0,1.0,0.0,1.0,0.0,0.0,0.0,0.0,1.0,0.0,0.0,0.0,0.85653096,1.0,0.0,0.0,0.3,0.24983194,0.0,0.23391339,0.0,0.0,0.006217923
kurland17c,0.0064935624,0.7,0.24418281,0.2444,0.6936,0.2786587,0.9545,0.48714808,0.3714,0.647,0.0053919186,1.0,0.4178674,0.05,0.5495,0.0,0.0,0.0,0.0,0.0,0.14862983,0.0,0.3703704,0.7792857,0.6816,1.0,1.0,1.0,0.0,1.0,0.0,0.0,1.0,0.0,0.0,0.0,0.85653096,1.0,0.0,0.0,0.211525,0.15478966,0.34703237,0.37139112,0.0,0.25774845,0.011165749
kurland17d,0.010404506,0.7,0.30249512,0.2143,0.7054,0.37235287,0.9091,0.5516116,0.4,0.7271,0.004827257,1.0,0.34993824,0.2,0.4902,0.0,0.0,0.0,0.0,0.0,0.095726684,0.0,0.3951852,0.52914286,0.8262,1.0,1.0,1.0,0.0,1.0,0.0,0.0,0.0,0.0,0.0,1.0,0.58672374,0.0,0.0,0.0,0.2869,0.22878855,0.36575535,0.30479658,0.0,0.35474843,0.00912352
kurland17e,0.0138905095,0.9286,0.46089154,0.7778,0.8083,0.33132243,0.8182,0.48959607,0.2381,0.6425,0.0,0.0,0.0,0.0,0.0,0.7077981,0.4,0.69950736,1.0,0.7489,0.0,0.0,0.0,0.0,0.0,1.0,1.0,0.0,1.0,0.0,0.0,0.0,0.0,0.0,0.0,1.0,0.58672374,0.0,0.0,0.0,0.32313332,0.22204036,0.3404364,0.0,0.6123085,0.0,0.009745426
kurland18a,0.002839546,0.7,0.28847772,0.25,0.5848,0.06049372,0.5,0.47286823,0.3684,0.5021,0.0032069734,0.8,0.2651297,0.0,0.6607,0.21178207,0.4,0.49753693,0.38713065,0.4827,0.02087759,0.0,0.34111112,0.51942855,0.5689,1.0,1.0,1.0,1.0,1.0,0.0,1.0,0.0,0.0,0.0,0.0,0.46895075,1.0,0.0,0.0,0.4357,0.23863587,0.28493038,0.17485341,0.5479693,0.34707898,0.02358042
kurland18b,0.0027171557,0.6,0.31455007,0.2692,0.5292,0.13336053,0.6364,0.5614035,0.3448,0.6175,0.0030530232,0.8,0.2844792,0.0,0.6845,0.0,0.0,0.0,0.0,0.0,0.059254557,0.0,0.39407408,0.37600002,0.5073,1.0,1.0,1.0,0.0,1.0,0.0,1.0,0.0,0.0,0.0,0.0,0.46895075,1.0,0.0,0.0,0.52685,0.2701944,0.44983482,0.16292368,0.0,0.5932491,0.026460726
kurland18c,0.0034072553,0.6,0.35632187,0.2927,0.4328,0.15984315,0.4091,0.52386785,0.4324,0.545,0.002977248,0.6,0.39810622,0.0,0.8667,0.0,0.0,0.0,0.0,0.0,0.05130344,0.0,0.29777777,0.1587143,0.5081,1.0,1.0,1.0,0.0,1.0,0.0,0.0,0.0,0.0,0.0,1.0,0.58672374,0.0,0.0,0.0,0.63235,0.21702066,0.33172148,0.21141621,0.0,0.4696287,0.022701954
kurland18d,0.0023272499,0.6429,0.52929634,0.25,0.6,0.14736982,0.3182,0.623827,0.5417,0.571,0.0,0.0,0.0,0.0,0.0,0.12865172,0.2,1.0,0.6250188,0.5257,0.0,0.0,0.0,0.0,0.0,1.0,1.0,0.0,1.0,0.0,0.0,0.0,0.0,0.0,0.0,1.0,0.58672374,0.0,0.0,0.0,0.75,0.3798593,0.34573925,0.0,1.0,0.0,0.035372224
kurland19a,0.0019046261,0.8,0.22035326,0.25,0.49,0.020137029,0.2727,0.26805386,0.0,0.6964,0.002733081,0.6,0.2745986,0.0,0.9,0.15470551,0.4,0.21943574,0.06254688,0.6138,0.012699374,0.0,0.14,0.057142857,0.7244,1.0,1.0,1.0,1.0,1.0,1.0,0.0,0.0,0.0,0.0,0.0,0.7173447,1.0,0.0,0.0,0.39,0.14506018,0.22163302,0.18327373,0.20210887,0.14559025,0.024106333
kurland19b,0.0015476479,0.6429,0.114942536,0.0909,0.7778,0.0,0.0,0.0,0.0,0.0,0.0013827007,0.6,0.1193907,0.0,0.6333,0.0,0.0,0.0,0.0,0.0,0.0,0.0,0.0,0.0,0.0,1.0,0.0,1.0,0.0,0.0,1.0,0.0,0.0,0.0,0.0,0.0,0.7173447,1.0,0.0,0.0,0.24545,0.1397306,0.0,0.109424934,0.0,0.0,0.01703211
kurland19c,0.0025909976,0.9,0.19063641,0.0357,0.5423,0.12325743,0.4545,0.23704611,0.0,0.6667,0.0028584115,0.6,0.08233841,0.0,1.0,0.0,0.0,0.0,0.0,0.0,0.035078235,0.0,0.16555555,0.068,0.8,1.0,1.0,1.0,0.0,1.0,1.0,0.0,0.0,0.0,0.0,0.0,0.7173447,1.0,0.0,0.0,0.291075,0.14789304,0.21271163,0.022424292,0.0,0.14301656,0.012692959
kurland19d,0.0018861071,0.7,0.15278946,0.0488,0.4219,0.061370607,0.6364,0.18971848,0.0244,0.4656,0.0019359981,0.6,0.15109098,0.0,0.6667,0.0,0.0,0.0,0.0,0.0,0.058734432,0.0,0.13333333,0.0,0.9333,1.0,1.0,1.0,0.0,1.0,0.0,0.0,0.0,0.0,0.0,1.0,0.58672374,0.0,0.0,0.0,0.3648,0.15608168,0.16649643,0.106414475,0.0,0.14423567,0.015480046
kurland19e,0.002591748,0.5714,0.074852824,0.0,0.725,0.069837295,0.5909,0.18849449,0.0714,0.4973,0.0,0.0,0.0,0.0,0.0,0.23341174,0.2,0.2686968,0.0,0.625,0.02229986,0.0,0.14814815,0.0,0.8333,1.0,1.0,0.0,1.0,1.0,0.0,0.0,0.0,0.0,0.0,1.0,0.58672374,0.0,0.0,0.0,0.342225,0.04579263,0.16940321,0.0,0.26731837,0.08116441,0.018452667
kurland20a,0.0075108684,0.8,0.32912815,0.3617,0.6131,0.23342237,0.6364,0.5822114,0.4545,0.6255,0.006598207,0.8,0.43515846,0.0,0.7426,0.72366476,0.4,0.520824,0.7211639,0.6166,0.06614792,0.0,0.37888888,0.5418572,0.6365,1.0,1.0,1.0,1.0,1.0,0.0,0.0,0.0,1.0,0.0,0.0,0.7152034,1.0,0.0,0.0,0.3285,0.32470384,0.40855846,0.38985193,0.54303503,0.3787694,0.008102215
kurland21a,0.0017017913,0.6,0.16624615,0.2667,0.8125,0.027415793,0.5,0.22766218,0.0,0.7905,0.0022618526,0.8,0.14409222,0.0,1.0,0.090294726,0.6,0.20152262,0.0,0.9524,0.008236469,0.0,0.14,0.0,0.8413,1.0,1.0,1.0,1.0,1.0,0.0,0.0,1.0,0.0,0.0,0.0,0.87366164,1.0,0.0,0.0,0.15058,0.12325293,0.2938463,0.09190596,0.24617894,0.09557443,0.031602237
kurland21b,0.002086575,0.6,0.15026635,0.1538,0.8762,0.048555948,0.2273,0.29783762,0.0769,0.7857,0.0039423294,0.8,0.24701522,0.0,1.0,0.0,0.0,0.0,0.0,0.0,0.023174971,0.0,0.22222222,0.0,1.0,1.0,1.0,1.0,0.0,1.0,0.0,0.0,1.0,0.0,0.0,0.0,0.87366164,1.0,0.0,0.0,0.116975,0.138683,0.24125248,0.028030364,0.0,0.14048159,0.024719067
kurland21c,0.0023794568,1.0,0.29100087,0.0476,0.6184,0.07054977,0.4545,0.30803755,0.0417,0.743,0.00357565,0.8,0.4392754,0.0,0.8095,0.0,0.0,0.0,0.0,0.0,0.01863632,0.0,0.24703704,0.23814288,1.0,1.0,1.0,1.0,0.0,1.0,0.0,0.0,1.0,0.0,0.0,0.0,0.87366164,1.0,0.0,0.0,0.14285,0.26543662,0.24230653,0.21141621,0.0,0.16089685,0.019815253
kurland21d,0.00240292,0.8571,0.14634147,0.1111,0.9545,0.057094082,0.5909,0.33170134,0.1111,0.82,0.0,0.0,0.0,0.0,0.0,0.0,0.0,0.0,0.0,0.0,0.016812019,0.0,0.3111111,0.3174286,0.7714,1.0,1.0,0.0,0.0,1.0,0.0,0.0,0.0,0.0,0.0,1.0,0.58672374,0.0,0.0,0.0,0.24073334,0.11080848,0.19712909,0.0,0.0,0.23377906,0.025734942
kurland21e,0.0020187255,0.7,0.15082704,0.0952,0.7383,0.08063223,0.4545,0.33292532,0.0417,0.7203,0.005644498,1.0,0.29641825,0.0,0.7143,0.13496658,0.6,0.2857143,0.0,0.7164,0.024439333,0.0,0.2777778,0.1587143,1.0,1.0,1.0,1.0,1.0,1.0,0.0,0.0,0.0,0.0,0.0,1.0,0.58672374,0.0,0.0,0.0,0.24638,0.1288357,0.25290135,0.15697004,0.29465094,0.22136864,0.016408626
kurland22a,0.0012388289,0.1,0.0841043,0.0,1.0,0.022038136,0.0455,0.20971031,0.0,0.8333,0.0014001708,0.4,0.22643062,0.0,1.0,0.070083745,0.0,0.17017464,0.0,1.0,0.007567273,0.0,0.16925927,0.0,1.0,1.0,1.0,1.0,1.0,1.0,1.0,0.0,0.0,0.0,0.0,0.0,0.38543898,1.0,0.0,0.0,0.07636,0.064343646,0.12401387,0.19621255,0.14972498,0.1389464,0.03493547
kurland22b,0.0010930648,0.3,0.114942536,0.0,0.4545,0.024609288,0.0909,0.20399837,0.0,1.0,0.0011968402,0.6,0.61753803,0.0,1.0,0.0,0.0,0.0,0.0,0.0,0.034727585,0.0,0.096296296,0.0,1.0,1.0,1.0,1.0,0.0,1.0,1.0,0.0,0.0,0.0,0.0,0.0,0.38543898,1.0,0.0,0.0,0.071425,0.0654567,0.08149871,0.0,0.0,0.072559685,0.06064214
kurland22c,0.00062081596,0.5,0.10737315,0.0,0.7857,0.012718894,0.0455,0.1631987,0.0,0.0,0.0018313517,0.4,0.14409222,0.0,1.0,0.0,0.0,0.0,0.0,0.0,0.004096513,0.0,0.1851852,0.0,1.0,1.0,1.0,1.0,0.0,1.0,0.0,0.0,0.0,0.0,0.0,1.0,0.58672374,0.0,0.0,0.0,0.0,0.089625396,0.1556245,0.06991894,0.0,0.16125807,0.050570417
kurland22d,0.004001894,0.0,0.0,0.0,0.0,0.0,0.1818,0.24479803,0.0,1.0,0.0,0.0,0.0,0.0,0.0,0.0,0.0,0.0,0.0,0.0,0.04727015,0.0,0.25925925,0.2857143,1.0,1.0,1.0,0.0,0.0,1.0,0.0,0.0,0.0,0.0,0.0,1.0,0.58672374,0.0,0.0,0.0,0.0,0.0,0.13583118,0.0,0.0,0.35423884,0.049589388
kurland22e,0.0026178164,0.2857,0.10821419,0.0,0.5333,0.015648268,0.0909,0.13586292,0.0,1.0,0.0,0.0,0.0,0.0,0.0,0.061589856,0.2,0.18808776,0.124943756,1.0,0.0,0.0,0.0,0.0,0.0,1.0,1.0,0.0,1.0,0.0,0.0,0.0,0.0,0.0,0.0,1.0,0.58672374,0.0,0.0,0.0,0.027766667,0.07636907,0.0947341,0.0,0.12654088,0.0,0.036969233
kurland23a,0.008043037,0.8,0.30754137,0.3788,0.708,0.3057457,0.6818,0.65728277,0.625,0.6565,0.0055275103,1.0,0.44545078,0.2941,0.7759,0.8745096,0.8,0.62113744,0.6490176,0.6927,0.06748891,0.0,0.5462963,0.74228567,0.7012,1.0,1.0,1.0,1.0,1.0,0.0,0.0,0.0,1.0,0.0,0.0,0.82655245,1.0,0.0,0.0,0.46934,0.23934735,0.49853846,0.26020586,0.6003447,0.46543598,0.004533592
kurland23b,0.0076060044,0.8,0.37202135,0.3729,0.6892,0.33732185,0.7273,0.58343536,0.4314,0.6997,0.0045481226,1.0,0.4153973,0.087,0.6929,0.0,0.0,0.0,0.0,0.0,0.17166017,0.0,0.47333333,0.64928573,0.6221,1.0,1.0,1.0,0.0,1.0,0.0,0.0,0.0,1.0,0.0,0.0,0.82655245,1.0,0.0,0.0,0.4496,0.3220674,0.42499945,0.25898936,0.0,0.41287872,0.008054116
kurland23c,0.010017922,0.9,0.32211944,0.2923,0.6526,0.263936,0.8182,0.63484293,0.4407,0.7163,0.0044733216,1.0,0.47591603,0.25,0.7345,0.0,0.0,0.0,0.0,0.0,0.21321963,0.0,0.55296296,0.64928573,0.6107,1.0,1.0,1.0,0.0,1.0,0.0,0.0,0.0,1.0,0.0,0.0,0.82655245,1.0,0.0,0.0,0.525575,0.27213246,0.5682416,0.48138785,0.0,0.39191517,0.0074864416
kurland23d,0.013429569,0.8571,0.40510234,0.5,0.5855,0.35364762,0.9091,0.7131783,0.5303,0.698,0.0,0.0,0.0,0.0,0.0,0.0,0.0,0.0,0.0,0.0,0.174434,0.0,0.5888889,0.80742854,0.5864,1.0,1.0,0.0,0.0,1.0,0.0,0.0,0.0,0.0,0.0,1.0,0.58672374,0.0,0.0,0.0,0.5079333,0.34734043,0.45809883,0.0,0.0,0.6803285,0.007516288
kurland23e,0.00947194,0.7857,0.40370062,0.55,0.6462,0.29213005,0.8636,0.5377397,0.3253,0.6917,0.0,0.0,0.0,0.0,0.0,0.6810871,0.6,0.49664128,0.58167094,0.7443,0.0,0.0,0.0,0.0,0.0,1.0,1.0,0.0,1.0,0.0,0.0,0.0,0.0,0.0,0.0,1.0,0.58672374,0.0,0.0,0.0,0.38733333,0.3923823,0.44276077,0.0,0.4714888,0.0,0.0074272444
kurland24a,0.0070668887,0.6,0.34370622,0.4211,0.6218,0.06444492,0.2727,0.5234598,0.2222,0.775,0.006411472,1.0,0.17826265,0.0,1.0,0.4655359,0.6,0.48992383,0.63161844,0.76,0.02449805,0.0,0.30444446,0.51942855,0.7381,1.0,1.0,1.0,1.0,1.0,1.0,0.0,0.0,0.0,0.0,0.0,0.5492505,1.0,0.0,0.0,0.1884,0.25783288,0.32194707,0.06991894,0.45791966,0.18206681,0.016896749
kurland24b,0.0075461143,0.8,0.2570788,0.3448,0.5946,0.16947797,0.2727,0.48102814,0.3333,0.7156,0.0096734455,0.8,0.22643062,0.0,0.8036,0.0,0.0,0.0,0.0,0.0,0.10856453,0.0,0.28296295,0.2317143,0.6736,1.0,1.0,1.0,0.0,1.0,1.0,0.0,0.0,0.0,0.0,0.0,0.5492505,1.0,0.0,0.0,0.17875,0.24849191,0.32227305,0.04648556,0.0,0.245667,0.013430019
kurland24c,0.0074821264,0.6,0.32744607,0.4,0.5716,0.24685644,0.5455,0.60097915,0.4118,0.7119,0.0061216266,1.0,0.32935363,0.0,0.8625,0.0,0.0,0.0,0.0,0.0,0.14891294,0.0,0.37444443,0.6348572,0.5,1.0,1.0,1.0,0.0,1.0,1.0,0.0,0.0,0.0,0.0,0.0,0.5492505,1.0,0.0,0.0,0.256,0.3074099,0.4405657,0.18423237,0.0,0.26988152,0.01129235
kurland24d,0.008335369,0.8571,0.33305302,0.5,0.7792,0.1798428,0.4091,0.45695633,0.1765,0.6407,0.0,0.0,0.0,0.0,0.0,0.0,0.0,0.0,0.0,0.0,0.14533791,0.0,0.5133333,0.47614285,0.8196,1.0,1.0,0.0,0.0,1.0,0.0,0.0,0.0,0.0,0.0,1.0,0.58672374,0.0,0.0,0.0,0.25326666,0.23808151,0.33447072,0.0,0.0,0.55663705,0.014468963
kurland24e,0.007300418,0.5714,0.4017382,0.5556,0.795,0.36202845,0.8182,0.5124439,0.3824,0.614,0.0,0.0,0.0,0.0,0.0,0.0,0.0,0.0,0.0,0.0,0.17206538,0.0,0.40444446,0.8494286,0.7045,1.0,1.0,0.0,0.0,1.0,0.0,0.0,0.0,0.0,0.0,1.0,0.58672374,0.0,0.0,0.0,0.2518,0.5177392,0.4656673,0.0,0.0,0.28918087,0.007263087
kurland25a,0.008403355,0.7,0.4900477,0.5238,0.7133,0.31502068,0.5909,0.86536103,0.6053,0.7622,0.007004126,0.8,0.3927542,0.1538,0.7591,0.7701881,0.6,0.5933721,0.479976,0.7004,0.059400223,0.0,0.7014815,0.9244286,0.7979,1.0,1.0,1.0,1.0,1.0,0.0,0.0,1.0,0.0,0.0,0.0,0.869379,1.0,0.0,0.0,0.58604,0.37051827,0.80276227,0.254028,0.73886627,0.6781289,0.008441628
kurland25b,0.009544645,0.6,0.5371461,0.52,0.7515,0.29362115,0.8636,0.7454101,0.5,0.7436,0.006287199,0.8,0.45862496,0.125,0.7564,0.0,0.0,0.0,0.0,0.0,0.21319619,0.0,0.5507407,0.75885713,0.7596,1.0,1.0,1.0,0.0,1.0,0.0,0.0,1.0,0.0,0.0,0.0,0.869379,1.0,0.0,0.0,0.60685,0.3584754,0.64371485,0.232837,0.0,0.4036096,0.010052918
kurland25c,0.009103109,0.7,0.38519767,0.4706,0.7695,0.3092142,0.6364,0.6723786,0.5306,0.7667,0.004460322,0.8,0.29271305,0.1111,0.8125,0.0,0.0,0.0,0.0,0.0,0.16844438,0.0,0.6088889,0.66971433,0.7122,1.0,1.0,1.0,0.0,1.0,0.0,0.0,1.0,0.0,0.0,0.0,0.869379,1.0,0.0,0.0,0.492875,0.47308138,0.585628,0.25209948,0.0,0.5663448,0.010340639
kurland25d,0.010848123,0.7857,0.7101206,0.8333,0.7761,0.2021951,0.7273,0.9355365,0.5758,0.7376,0.0,0.0,0.0,0.0,0.0,0.0,0.0,0.0,0.0,0.0,0.17251337,0.0,0.4325926,0.55300003,0.7891,1.0,1.0,0.0,0.0,1.0,0.0,0.0,0.0,0.0,0.0,1.0,0.58672374,0.0,0.0,0.0,0.6424,0.5216152,0.9311608,0.0,0.0,0.496075,0.018757122
kurland25e,0.0116108665,0.6429,0.60274744,0.8333,0.76,0.28669807,0.5455,0.7809057,0.5667,0.7216,0.0,0.0,0.0,0.0,0.0,0.44185472,0.2,0.5275414,0.34993252,0.6515,0.0,0.0,0.0,0.0,0.0,1.0,1.0,0.0,1.0,0.0,0.0,0.0,0.0,0.0,0.0,1.0,0.58672374,0.0,0.0,0.0,0.6111,0.40765524,0.7382642,0.0,0.70927787,0.0,0.010878962
kurland26a,0.005097284,0.7,0.41211104,0.55,0.6467,0.17343116,0.7727,0.48102814,0.3077,0.7982,0.007120985,1.0,0.39975297,0.25,0.8601,0.80060196,0.8,0.4590237,0.5654717,0.7266,0.06751878,0.0,0.41222224,0.53571427,0.6533,1.0,1.0,1.0,1.0,1.0,0.0,0.0,1.0,0.0,0.0,0.0,0.96145606,1.0,0.0,0.0,0.4,0.32418442,0.40851498,0.232837,0.40578082,0.34609854,0.008921367
kurland26b,0.006566042,0.6,0.3288478,0.4091,0.6616,0.134443,0.7727,0.6001632,0.4444,0.7445,0.007635247,1.0,0.41169202,0.2222,0.8576,0.0,0.0,0.0,0.0,0.0,0.17764595,0.0,0.3703704,0.16800001,0.8606,1.0,1.0,1.0,0.0,1.0,0.0,0.0,1.0,0.0,0.0,0.0,0.96145606,1.0,0.0,0.0,0.433825,0.23012422,0.3067557,0.28585365,0.0,0.33003724,0.017029686
kurland26c,0.007362448,0.8,0.3181946,0.3913,0.6831,0.11027045,0.8182,0.5871073,0.2381,0.7125,0.0072465222,1.0,0.443804,0.3333,0.7516,0.0,0.0,0.0,0.0,0.0,0.16437276,0.0,0.5103704,1.0,0.8359,1.0,1.0,1.0,0.0,1.0,0.0,0.0,1.0,0.0,0.0,0.0,0.96145606,1.0,0.0,0.0,0.6598,0.2709801,0.3435877,0.19056724,0.0,0.3547097,0.01743291
kurland26d,0.0077936254,0.9286,0.352397,0.4286,0.8301,0.15391074,0.8636,0.4153407,0.2759,0.7154,0.0,0.0,0.0,0.0,0.0,0.0,0.0,0.0,0.0,0.0,0.14749263,0.0,0.48481482,0.6667143,0.8178,1.0,1.0,0.0,0.0,1.0,0.0,0.0,0.0,0.0,0.0,1.0,0.58672374,0.0,0.0,0.0,0.38193333,0.23891522,0.29574794,0.0,0.0,0.5169224,0.01663391
kurland26e,0.009997273,0.9286,0.37510517,0.25,0.8399,0.31805065,0.8182,0.5711954,0.3043,0.6645,0.0,0.0,0.0,0.0,0.0,0.62513876,0.6,0.4957456,0.4846258,0.7073,0.0,0.0,0.0,0.0,0.0,1.0,1.0,0.0,1.0,0.0,0.0,0.0,0.0,0.0,0.0,1.0,0.58672374,0.0,0.0,0.0,0.6031333,0.1812063,0.5294971,0.0,0.4800392,0.0,0.008397383
kurland27a,0.004581664,0.9,0.28202975,0.2979,0.5739,0.2147941,0.7273,0.6160751,0.2941,0.6453,0.003733332,0.6,0.3388225,0.3077,0.7702,0.52793235,0.6,0.5302284,0.37183142,0.7201,0.039706364,0.0,0.47296298,0.5714286,0.7106,1.0,1.0,1.0,1.0,1.0,0.0,0.0,1.0,0.0,0.0,0.0,0.79978585,1.0,0.0,0.0,0.42172,0.25086206,0.42948732,0.2437128,0.6012403,0.44432405,0.008909247
kurland27b,0.008344631,0.7857,0.58172137,0.5,0.7021,0.19229981,0.7727,0.5858833,0.2647,0.6819,0.0,0.0,0.0,0.0,0.0,0.0,0.0,0.0,0.0,0.0,0.11630913,0.0,0.40333334,0.71428573,0.6563,1.0,1.0,0.0,0.0,1.0,0.0,0.0,1.0,0.0,0.0,0.0,0.79978585,1.0,0.0,0.0,0.5791,0.6083335,0.43408385,0.0,0.0,0.31577557,0.012700232
kurland27c,0.004792114,0.8,0.38659942,0.4138,0.6583,0.22229818,0.8182,0.68380255,0.4118,0.7203,0.0037192814,1.0,0.54755044,0.1,0.67,0.0,0.0,0.0,0.0,0.0,0.0950947,0.0,0.3162963,0.47614285,0.6994,1.0,1.0,1.0,0.0,1.0,0.0,0.0,1.0,0.0,0.0,0.0,0.79978585,1.0,0.0,0.0,0.474975,0.3952457,0.5774401,0.33430132,0.0,0.35034928,0.011753574
kurland27d,0.007814186,0.8571,0.39108497,0.6818,0.5745,0.2505172,0.9545,0.4512444,0.3725,0.7656,0.0,0.0,0.0,0.0,0.0,0.0,0.0,0.0,0.0,0.0,0.14349847,0.0,0.4885185,0.66871434,0.684,1.0,1.0,0.0,0.0,1.0,0.0,0.0,0.0,0.0,0.0,1.0,0.58672374,0.0,0.0,0.0,0.38203335,0.2814385,0.31826332,0.0,0.0,0.43946695,0.008596615
kurland27e,0.00839876,0.8571,0.4864032,0.5294,0.6626,0.27013406,0.9091,0.5920033,0.38,0.7492,0.0,0.0,0.0,0.0,0.0,0.5763643,0.8,0.630094,0.45837706,0.7538,0.0,0.0,0.0,0.0,0.0,1.0,1.0,0.0,1.0,0.0,0.0,0.0,0.0,0.0,0.0,1.0,0.58672374,0.0,0.0,0.0,0.43643335,0.4178343,0.5201791,0.0,0.7657257,0.0,0.007121884
kurland28a,0.0059756543,0.6,0.61564344,0.7407,0.6288,0.23336169,0.6818,0.5854753,0.359,0.6862,0.0058493703,0.8,0.7101688,0.25,0.6779,0.7712843,0.4,0.43842363,0.38368082,0.6482,0.041700877,0.0,0.5185185,0.51014286,0.7256,1.0,1.0,1.0,1.0,1.0,0.0,0.0,1.0,0.0,0.0,0.0,0.840471,1.0,0.0,0.0,0.52038,0.5974997,0.5715504,0.60268646,0.5515263,0.50066113,0.007635851
kurland28b,0.006145695,0.6429,0.97729194,1.0,0.6505,0.30601752,0.7273,0.6948185,0.5625,0.6907,0.0,0.0,0.0,0.0,0.0,0.0,0.0,0.0,0.0,0.0,0.1736496,0.0,1.0,0.8928572,0.7723,1.0,1.0,0.0,0.0,1.0,0.0,0.0,1.0,0.0,0.0,0.0,0.840471,1.0,0.0,0.0,0.6235,1.0,0.4907798,0.0,0.0,0.8731415,0.012033847
kurland28c,0.0076055564,0.7,0.3994954,0.4848,0.6572,0.28102583,0.6818,0.5964912,0.425,0.6675,0.0066402233,0.8,0.53519964,0.1667,0.7153,0.0,0.0,0.0,0.0,0.0,0.15728663,0.0,0.4466667,0.64285713,0.7863,1.0,1.0,1.0,0.0,1.0,0.0,0.0,1.0,0.0,0.0,0.0,0.840471,1.0,0.0,0.0,0.5307,0.4215707,0.581477,0.32109344,0.0,0.6049113,0.008153965
kurland28d,0.012043538,0.7857,0.53266054,0.625,0.7436,0.2980917,0.6818,0.54385966,0.4167,0.7011,0.0,0.0,0.0,0.0,0.0,0.0,0.0,0.0,0.0,0.0,0.24453199,0.0,0.41259262,0.45914286,0.6826,1.0,1.0,0.0,0.0,1.0,0.0,0.0,0.0,0.0,0.0,1.0,0.58672374,0.0,0.0,0.0,0.5238,0.4309684,0.42960685,0.0,0.0,0.41493636,0.0076625147
kurland29a,0.0015570567,0.7,0.13905244,0.0182,0.527,0.030235875,0.1818,0.24479803,0.0,0.8958,0.0035692344,0.6,0.38410866,0.0,0.8,0.1160792,0.4,0.24003583,0.08819559,0.5545,0.015718216,0.0,0.16555555,0.0,0.8636,1.0,1.0,1.0,1.0,1.0,1.0,0.0,0.0,0.0,0.0,0.0,0.620985,1.0,0.0,0.0,0.28282,0.15928555,0.1642851,0.39991483,0.24418496,0.15253079,0.019967437
kurland29b,0.003981735,0.5,0.25932157,0.1111,0.6767,0.12953661,0.7273,0.35210118,0.093,0.5911,0.0,0.0,0.0,0.0,0.0,0.0,0.0,0.0,0.0,0.0,0.06809468,0.0,0.21703704,0.16800001,0.5487,1.0,1.0,0.0,0.0,1.0,1.0,0.0,0.0,0.0,0.0,0.0,0.620985,1.0,0.0,0.0,0.4189,0.26731792,0.4011258,0.0,0.0,0.34148654,0.009052962
kurland29c,0.002928732,0.6,0.16904964,0.0789,0.5111,0.10775331,0.6818,0.2733578,0.0517,0.591,0.0011522986,0.6,0.13379991,0.0,0.6964,0.0,0.0,0.0,0.0,0.0,0.03745559,0.0,0.1962963,0.102000006,0.7652,1.0,1.0,1.0,0.0,1.0,1.0,0.0,0.0,0.0,0.0,0.0,0.620985,1.0,0.0,0.0,0.3313,0.177208,0.28464782,0.11156085,0.0,0.19421922,0.009904122
kurland29d,0.004624955,0.5,0.29913095,0.0,0.8667,0.1573748,0.8636,0.38474095,0.1408,0.5615,0.0,0.0,0.0,0.0,0.0,0.0,0.0,0.0,0.0,0.0,0.039858732,0.0,0.18296297,0.0,0.7176,1.0,1.0,0.0,0.0,1.0,0.0,0.0,0.0,0.0,0.0,1.0,0.58672374,0.0,0.0,0.0,0.38493332,0.18665373,0.38611913,0.0,0.0,0.19168425,0.008588233
kurland29e,0.004068144,0.6429,0.18362772,0.0909,0.8306,0.13145804,0.6364,0.37862095,0.0847,0.6002,0.0,0.0,0.0,0.0,0.0,0.25946006,0.6,0.2781012,0.13754313,0.5467,0.06503367,0.0,0.23703705,0.17314287,0.6609,1.0,1.0,0.0,1.0,1.0,0.0,0.0,0.0,0.0,0.0,1.0,0.58672374,0.0,0.0,0.0,0.274675,0.19959144,0.41757223,0.0,0.34392557,0.28792307,0.0062801274
MSU01a,0.01127192,0.9167,0.2994113,0.16,0.7589,0.5140816,0.8182,0.4643003,0.3333,0.6565,0.0105724055,1.0,0.5899547,0.3333,0.8,0.8879515,0.8,0.5123152,0.4918254,0.7598,0.07611691,0.0,0.37629628,0.48700002,0.6732,1.0,1.0,1.0,1.0,1.0,0.0,0.0,1.0,0.0,0.0,0.0,0.9571734,1.0,0.0,0.0,0.13184,0.1739343,0.27239043,0.4253047,0.47217315,0.27726713,0.008139509
MSU01b,0.009955737,0.6,0.26016262,0.3889,0.772,0.5389089,0.5909,0.45899633,0.375,0.7056,0.010203203,1.0,0.28818443,0.0,0.6889,0.0,0.0,0.0,0.0,0.0,0.0,0.0,0.0,0.0,0.0,1.0,1.0,1.0,0.0,0.0,0.0,0.0,1.0,0.0,0.0,0.0,0.9571734,1.0,0.0,0.0,0.0625,0.14241505,0.52308047,0.1297918,0.0,0.0,0.0118713835
MSU03a,0.0065735495,0.9,0.31314832,0.2857,0.6452,0.33194873,0.2727,0.36719707,0.1915,0.6253,0.0059201084,0.8,0.2791272,0.0,0.7762,0.41471097,0.6,0.3819973,0.3043348,0.6664,0.039092496,0.0,0.3496296,0.19042858,0.5692,1.0,1.0,1.0,1.0,1.0,0.0,0.0,0.0,1.0,0.0,0.0,0.77301925,1.0,0.0,0.0,0.31572,0.2938044,0.25102144,0.18260661,0.3715792,0.46086913,0.010406378
MSU03b,0.007430479,0.7,0.27866554,0.25,0.6351,0.36101124,0.1364,0.39167687,0.1538,0.5792,0.005205628,0.8,0.39110744,0.0,0.7917,0.49901223,0.6,0.45947155,0.42852858,0.7052,0.0429831,0.0,0.38407406,0.32742858,0.7086,1.0,1.0,1.0,1.0,1.0,0.0,0.0,0.0,1.0,0.0,0.0,0.77301925,1.0,0.0,0.0,0.38598,0.19024609,0.31114036,0.26702285,0.42478263,0.40250015,0.011128163
MSU04a,0.0086948285,0.9,0.28791705,0.3636,0.6951,0.5448329,0.9091,0.5430437,0.3077,0.8002,0.005603508,1.0,0.33758748,0.0,1.0,0.83255124,0.6,0.39095384,0.3019349,0.6202,0.07724201,0.0,0.33555558,0.34128574,0.6738,1.0,1.0,1.0,1.0,1.0,0.0,0.0,0.0,1.0,0.0,0.0,0.82655245,1.0,0.0,0.0,0.22174,0.2747645,0.32271317,0.21155077,0.4178798,0.3167431,0.0049714237
MSU04b,0.01027656,1.0,0.2865153,0.2836,0.7544,0.43058127,0.8182,0.5728274,0.4545,0.7213,0.0065711266,0.8,0.38163853,0.0909,0.7359,0.7534303,0.6,0.40976262,0.32068396,0.6218,0.045778297,0.0,0.46407408,0.37042856,0.6043,1.0,1.0,1.0,1.0,1.0,0.0,0.0,0.0,1.0,0.0,0.0,0.82655245,1.0,0.0,0.0,0.34492,0.22197923,0.49825594,0.23187277,0.41436502,0.63498914,0.0048054843
MSU05a,0.0034077095,0.8,0.24782734,0.12,0.5957,0.10162738,0.3182,0.44226846,0.2105,0.7443,0.004815845,0.8,0.20584601,0.25,1.0,0.22842294,0.4,0.3967756,0.18749063,0.7704,0.036040172,0.0,0.3540741,0.15042858,0.6727,1.0,1.0,1.0,1.0,1.0,1.0,0.0,0.0,0.0,0.0,0.0,0.7280513,1.0,0.0,0.0,0.21972,0.27048686,0.27986112,0.12137709,0.32155257,0.440499,0.022708263
MSU05b,0.003526699,0.6,0.2582002,0.0909,0.646,0.20205061,0.2727,0.37290904,0.2609,0.5286,0.0075032557,0.6,0.28818443,0.0,1.0,0.33820435,0.8,0.48947605,0.2221389,0.6975,0.022529239,0.0,0.29333335,0.6592857,0.5234,1.0,1.0,1.0,1.0,1.0,1.0,0.0,0.0,0.0,0.0,0.0,0.7280513,1.0,0.0,0.0,0.19524,0.27085352,0.25881815,0.0,0.5950387,0.30132684,0.018813837
MSU06a,0.0024126002,0.8,0.23380995,0.1957,0.6148,0.09083948,0.5909,0.66993064,0.15,0.64,0.0017691824,1.0,0.36023054,0.1667,0.8194,0.30630332,0.8,0.33542317,0.22063898,0.6738,0.07112836,0.0,0.11111111,0.2857143,0.8,1.0,1.0,1.0,1.0,1.0,0.0,0.0,1.0,0.0,0.0,0.0,0.9507494,1.0,0.0,0.0,0.30936,0.19126314,0.7095549,0.34558076,0.387438,0.087498635,0.014704466
MSU06b,0.003698298,0.6,0.2458649,0.1163,0.5707,0.078239076,0.3182,0.42839658,0.08,0.8204,0.002839489,0.8,0.3157678,0.2,0.9841,0.3517408,0.4,0.41603222,0.26473674,0.6291,0.021954605,0.0,0.28740743,0.20414287,0.8455,1.0,1.0,1.0,1.0,1.0,0.0,0.0,1.0,0.0,0.0,0.0,0.9507494,1.0,0.0,0.0,0.28492,0.19692011,0.31534567,0.20490757,0.43742236,0.34449884,0.015920855
MSU07a,0.002064316,0.2,0.24025793,0.2258,0.6412,0.16144861,0.4091,0.3896369,0.0,0.5022,0.0034848154,0.8,0.17291065,0.0,0.9792,0.2919263,0.6,0.29019257,0.29158542,0.7438,0.08474098,0.0,0.18888889,0.23814288,0.6,1.0,1.0,1.0,1.0,1.0,1.0,0.0,0.0,0.0,0.0,0.0,0.65524626,1.0,0.0,0.0,0.36702,0.26064393,0.4134321,0.1098566,0.30875233,0.16197406,0.023540469
MSU07b,0.0023392993,0.5,0.23577237,0.2727,0.6997,0.08587448,0.2727,0.249694,0.0,0.719,0.0024689205,1.0,0.29641825,0.0,0.873,0.0,0.0,0.0,0.0,0.0,0.048119843,0.0,0.21296297,0.08400001,0.8726,1.0,1.0,1.0,0.0,1.0,1.0,0.0,0.0,0.0,0.0,0.0,0.65524626,1.0,0.0,0.0,0.31625,0.21038595,0.13953122,0.18286449,0.0,0.20909368,0.019683015
MSU08a,0.0055374983,0.8,0.46902162,0.3659,0.6575,0.25901222,0.6818,0.870257,0.4222,0.7309,0.007210579,0.8,0.4804446,0.0,0.8042,0.29140788,0.4,0.5763547,0.119994,0.8037,0.12459,0.0,0.6614815,0.0,0.8705,1.0,1.0,1.0,1.0,1.0,0.0,0.0,0.0,1.0,0.0,0.0,0.6456102,1.0,0.0,0.0,0.55814,0.45649025,0.7937757,0.34621423,0.94909465,0.677142,0.014016588
MSU08b,0.006618104,0.5,0.59405667,0.3721,0.6521,0.3681656,0.7273,0.9673602,0.4762,0.6905,0.0062351082,0.8,0.3869905,0.0,0.803,0.44166026,0.8,0.78056425,0.78251094,0.7257,0.12454814,0.0,0.5862963,1.0,0.9375,1.0,1.0,1.0,1.0,1.0,0.0,0.0,0.0,1.0,0.0,0.0,0.6456102,1.0,0.0,0.0,0.46898,0.5772464,0.7908852,0.3430244,0.9791309,0.74054223,0.018185155
42-1,0.0067236316,0.9,0.31034485,0.3659,0.7123,0.6394637,0.3636,0.54793966,0.5952,0.6831,0.005613744,0.8,0.4289831,0.3158,0.7932,0.92444617,0.4,0.5047022,0.700015,0.6738,0.037197653,0.0,0.42703703,0.76185715,0.7486,1.0,1.0,1.0,1.0,1.0,0.0,0.0,0.0,1.0,0.0,0.0,0.72591,0.0,0.0,0.0,0.23766,0.2575317,0.3324115,0.2866441,0.41594496,0.40740886,0.016717084
42-2,0.01106388,0.8,0.30277547,0.32,0.7615,0.7195194,0.5,0.49082005,0.5902,0.6962,0.0060724854,0.8,0.38822562,0.2857,0.8269,0.9922967,0.4,0.56426334,0.78251094,0.6579,0.20726137,0.0,0.3825926,0.68785715,0.6848,1.0,1.0,1.0,1.0,1.0,0.0,0.0,0.0,1.0,0.0,0.0,0.72591,0.0,0.0,0.0,0.27256,0.20323181,0.31798622,0.31745508,0.5102782,0.33770666,0.008838806
46-1,0.0011425068,0.1,0.11606392,0.0,1.0,0.11364412,0.0,0.0,0.0,0.0,0.0021530802,0.4,0.14820912,0.0,0.8333,0.03510049,0.0,0.1598746,0.0,0.6667,0.024346696,0.0,0.12111111,0.0,0.8333,1.0,1.0,1.0,1.0,1.0,1.0,0.0,0.0,0.0,0.0,0.0,0.49036402,0.0,0.0,0.0,0.16954,0.1063606,0.0,0.10870736,0.07005923,0.03977269,0.16427633
46-2,0.001237269,0.1,0.13512757,0.0556,0.6091,0.05849211,0.0,0.13423093,0.0,1.0,0.015684906,0.0,0.08233841,0.0,1.0,0.12413652,0.0,0.29377517,0.09374531,0.625,0.106944256,0.0,0.17592593,0.0,0.8667,1.0,1.0,1.0,1.0,1.0,1.0,0.0,0.0,0.0,0.0,0.0,0.49036402,0.0,0.0,0.0,0.16548,0.13457996,0.07683698,0.028030364,0.18892841,0.1596068,0.20333752
47-1,0.002513341,0.5,0.14017382,0.3333,0.8667,0.0,0.0,0.0,0.0,0.0,0.0,0.0,0.0,0.0,0.0,0.16682048,0.6,0.2539185,0.20458977,0.7471,0.014516747,0.0,0.23888889,0.35714287,0.8791,1.0,0.0,0.0,1.0,1.0,0.0,0.0,1.0,0.0,0.0,0.0,0.8329764,0.0,0.0,0.0,0.0606,0.020576347,0.0,0.0,0.32223696,0.15680735,0.01948358
47-2,0.001547101,0.2,0.18222597,0.2143,0.781,0.11882328,0.1818,0.22439821,0.0,0.9583,0.0,0.0,0.0,0.0,0.0,0.16792502,0.4,0.23510972,0.37498125,0.8524,0.01531091,0.0,0.21592593,0.07942857,0.8727,1.0,1.0,0.0,1.0,1.0,0.0,0.0,1.0,0.0,0.0,0.0,0.8329764,0.0,0.0,0.0,0.1121,0.13788858,0.11632039,0.0,0.30682597,0.18774956,0.035140693
48-1,0.0017699763,0.9,0.20521449,0.2174,0.6505,0.060727265,0.7273,0.37739697,0.12,0.6661,0.0011750906,0.6,0.19390695,0.0,0.8083,0.118545055,0.6,0.37438422,0.19349031,0.7364,0.007581288,0.0,0.22740741,0.0,0.8696,1.0,1.0,1.0,1.0,1.0,0.0,0.0,0.0,0.0,0.0,1.0,0.58672374,0.0,0.0,0.0,0.11472,0.21431004,0.34186536,0.25198737,0.57283473,0.27811214,0.027468802
49-1,0.0022900943,0.5,0.1558733,0.037,0.608,0.13844505,0.2727,0.2782538,0.0455,0.6454,0.0031965536,0.6,0.2519555,0.0,0.7343,0.16221263,0.6,0.32064486,0.07139643,0.6252,0.0065070367,0.0,0.18259259,0.0,0.8564,1.0,1.0,1.0,1.0,1.0,1.0,0.0,0.0,0.0,0.0,0.0,0.49036402,0.0,0.0,0.0,0.15486,0.14130634,0.16012867,0.32173812,0.66949147,0.2445253,0.021833623
49-2,0.0026110434,0.4,0.14157557,0.087,0.6561,0.18286715,0.4091,0.26927784,0.1333,0.7628,0.0047468697,0.6,0.17826265,0.0,0.8036,0.15569903,0.6,0.24720107,0.18749063,0.7328,0.008999532,0.0,0.13703704,0.0,0.775,1.0,1.0,1.0,1.0,1.0,1.0,0.0,0.0,0.0,0.0,0.0,0.49036402,0.0,0.0,0.0,0.12836,0.11794079,0.17499402,0.08814428,0.2987149,0.16618612,0.017642744
50-1,0.00059248146,0.4,0.18643118,0.0345,0.4952,0.201106,0.0,0.3129335,0.0,0.8,0.00176274,0.6,0.41169202,0.0,0.75,0.06727213,0.2,0.17913121,0.0,0.9667,0.0056538903,0.0,0.25185186,0.0,0.8333,1.0,1.0,1.0,1.0,1.0,1.0,0.0,0.0,0.0,0.0,0.0,0.49036402,0.0,0.0,0.0,0.08066,0.18030275,0.30735335,0.33636436,0.14696215,0.24335778,0.07681503
50-2,0.00069810706,0.3,0.14578077,0.0,0.7526,0.028584233,0.0909,0.3263974,0.0,0.6993,0.00028162746,0.4,0.2321943,0.1667,0.8235,0.042971276,0.2,0.17913121,0.0,0.8857,0.0025126268,0.0,0.16037036,0.0,1.0,1.0,1.0,1.0,1.0,1.0,1.0,0.0,0.0,0.0,0.0,0.0,0.49036402,0.0,0.0,0.0,0.18572,0.15624318,0.24124162,0.15374094,0.12594946,0.095400274,0.105732046
54-1,0.002023824,0.4,0.20016822,0.0,0.6444,0.014297556,0.0909,0.19053447,0.125,0.9167,0.0018247826,0.6,0.2651297,0.0,0.9,0.14475775,0.2,0.2686968,0.22063898,0.6322,0.009420034,0.0,0.14407408,0.068,0.5944,1.0,1.0,1.0,1.0,1.0,1.0,0.0,0.0,0.0,0.0,0.0,0.49036402,0.0,0.0,0.0,0.40122,0.17429222,0.13583118,0.14176637,0.3092677,0.14301656,0.08594985
54-2,0.0017327258,0.6,0.1794225,0.1538,0.7007,0.08010989,0.0909,0.23908609,0.0,1.0,0.0010777465,0.6,0.20584601,0.0,0.8333,0.14318149,0.0,0.32467532,0.13229339,0.4882,0.06269328,0.0,0.19703704,0.20414287,0.6087,1.0,1.0,1.0,1.0,1.0,0.0,0.0,0.0,0.0,0.0,1.0,0.58672374,0.0,0.0,0.0,0.33688,0.22511327,0.21806881,0.18394086,0.42860162,0.15737498,0.14404123
55-1,0.0039070635,0.6,0.34875247,0.4615,0.64,0.045671318,0.1818,0.60750717,0.4444,0.7359,0.0049548442,0.4,0.36023054,0.0,0.9,0.27271697,0.8,0.53157187,0.71741414,0.6401,0.026031807,0.0,0.4288889,1.0,0.74,1.0,1.0,1.0,1.0,1.0,0.0,0.0,0.0,1.0,0.0,0.0,0.72591,0.0,0.0,0.0,0.43354,0.2720364,0.38927588,0.26994923,0.5423591,0.31613678,0.018796956
57-1,0.007061834,0.8,0.27614245,0.375,0.6459,0.40903127,0.7727,0.41860467,0.3804,0.7205,0.0070928973,1.0,0.3923425,0.3333,0.7809,0.7032383,0.8,0.53470665,0.6782661,0.6992,0.027965492,0.0,0.4537037,0.66328573,0.6582,1.0,1.0,1.0,1.0,1.0,0.0,0.0,0.0,1.0,0.0,0.0,0.72591,0.0,0.0,0.0,0.24882,0.19102305,0.26473498,0.1927536,0.53035307,0.34713703,0.012725785
57-2,0.009036781,0.9,0.31090555,0.4565,0.6334,0.5446675,0.8182,0.49082005,0.4848,0.6929,0.0052803652,1.0,0.51461506,0.5833,0.6073,0.81360275,0.6,0.6027765,0.87025654,0.7651,0.063509345,0.0,0.4611111,0.79028577,0.7691,1.0,1.0,1.0,1.0,1.0,0.0,0.0,0.0,1.0,0.0,0.0,0.72591,0.0,0.0,0.0,0.27848,0.21686351,0.40037054,0.35159045,0.582568,0.44167298,0.01170822
58-1,0.004284443,0.8,0.38912255,0.44,0.6491,0.18195026,0.9545,0.6968584,0.4722,0.665,0.0038211416,1.0,0.67929184,0.0,0.5304,0.33027753,1.0,0.50335866,0.6464677,0.7162,0.037389576,0.0,0.43592596,0.61228573,0.6748,1.0,1.0,1.0,1.0,1.0,0.0,0.0,1.0,0.0,0.0,0.0,0.8329764,0.0,0.0,0.0,0.36946,0.29591268,0.51338756,0.3150557,0.3813209,0.32674757,0.0148671055
58-2,0.00439353,0.7,0.38912255,0.36,0.5753,0.23104289,0.8636,0.65565073,0.3902,0.6348,0.003973079,1.0,0.61753803,0.1429,0.7861,0.31792843,0.8,0.544111,0.59997004,0.6512,0.033571806,0.0,0.42407408,0.41357145,0.678,1.0,1.0,1.0,1.0,1.0,0.0,0.0,0.0,0.0,0.0,1.0,0.58672374,0.0,0.0,0.0,0.36598,0.25049978,0.47827247,0.22165291,0.4912257,0.4353452,0.018151715
61-1,0.006804639,0.4,0.2635268,0.24,0.675,0.25104815,0.7727,0.5822114,0.3636,0.7914,0.0021927808,0.8,0.4804446,0.1111,0.6627,0.36029026,0.8,0.53425884,0.44322786,0.7498,0.014750562,0.0,0.47703704,0.53571427,0.9503,1.0,1.0,1.0,1.0,1.0,0.0,0.0,1.0,0.0,0.0,0.0,0.8329764,0.0,0.0,0.0,0.39234,0.1780548,0.6479582,0.27773046,0.55151784,0.43510008,0.01807155
61-2,0.003289405,0.6,0.24390246,0.2174,0.7907,0.26126626,0.7273,0.44022846,0.1765,0.7272,0.0028944702,1.0,0.53519964,0.0,0.8143,0.4601323,0.8,0.4303627,0.35998198,0.7041,0.01177537,0.0,0.3288889,0.3174286,0.8833,1.0,1.0,1.0,1.0,1.0,0.0,0.0,1.0,0.0,0.0,0.0,0.8329764,0.0,0.0,0.0,0.31518,0.18086146,0.40334797,0.3728767,0.3855116,0.24702802,0.018467415
67-1,0.006855226,0.8,0.287076,0.2571,0.5692,0.32720426,0.6818,0.5218278,0.4048,0.6475,0.0034565139,0.6,0.3421161,0.125,0.745,0.5302405,0.4,0.44469324,0.57297134,0.5993,0.036648702,0.0,0.4277778,0.38957146,0.6404,1.0,1.0,1.0,1.0,1.0,1.0,0.0,0.0,0.0,0.0,0.0,0.49036402,0.0,0.0,0.0,0.37728,0.30582547,0.36540216,0.27881244,0.42498544,0.35784456,0.016081158
67-2,0.0072551803,0.7,0.30417722,0.2703,0.667,0.43263206,0.6818,0.5471236,0.2931,0.6559,0.004192812,0.6,0.30012348,0.0588,0.7479,0.601334,0.8,0.42140615,0.43137845,0.6391,0.022839122,0.0,0.37777779,0.5714286,0.6345,1.0,1.0,1.0,1.0,1.0,1.0,0.0,0.0,0.0,0.0,0.0,0.49036402,0.0,0.0,0.0,0.38352,0.25515282,0.43216592,0.23149715,0.3464096,0.30434558,0.011412934
68-1,0.004489494,0.5,0.30193442,0.3846,0.41,0.25426623,0.1364,0.5777234,0.48,0.437,0.0059680976,0.4,0.34993824,0.1667,0.6923,0.26777637,0.0,0.5105239,0.44997752,0.702,0.017250964,0.0,0.39814815,0.35714287,0.8958,1.0,1.0,1.0,1.0,1.0,0.0,0.0,1.0,0.0,0.0,0.0,0.98072803,1.0,0.0,0.0,0.40124,0.1861998,0.40334255,0.12946665,0.3282104,0.32412228,0.038853087
68-2,0.0070751454,0.5,0.23661341,0.3056,0.3924,0.3215063,0.2727,0.4210526,0.2632,0.3826,0.0052332208,0.8,0.30588716,0.0,0.7909,0.3566712,0.2,0.40931484,0.53562325,0.7537,0.033680618,0.0,0.37851852,0.7937143,0.7128,1.0,1.0,1.0,1.0,1.0,0.0,0.0,1.0,0.0,0.0,0.0,0.98072803,1.0,0.0,0.0,0.48594,0.15784076,0.34949362,0.20914575,0.3119545,0.21880141,0.02421766
70-1,0.006063788,0.7,0.40313992,0.75,0.669,0.21270189,0.7727,0.73439413,0.5263,0.7286,0.0036912868,1.0,0.55166733,0.0,0.8333,0.4453489,0.8,0.6121809,0.8420579,0.6901,0.035151422,0.0,0.6448148,0.7792857,0.7944,1.0,1.0,1.0,1.0,1.0,0.0,0.0,1.0,0.0,0.0,0.0,0.8329764,0.0,0.0,0.0,0.41082,0.25258186,0.50492793,0.2889146,0.50337535,0.61148417,0.018445805
70-2,0.005782613,0.9,0.39669192,0.55,0.7448,0.21056642,0.9091,0.8625051,0.619,0.7088,0.005002269,1.0,0.4034582,0.2,0.8881,0.4591788,0.8,0.79175997,0.89995503,0.7349,0.04271824,0.0,0.60333335,0.77557147,0.7463,1.0,1.0,1.0,1.0,1.0,0.0,0.0,1.0,0.0,0.0,0.0,0.8329764,0.0,0.0,0.0,0.32548,0.2968424,0.71183145,0.20056845,0.6867866,0.6346408,0.01820475
73-1,0.0033313655,0.2,0.13709,0.05,0.6285,0.035145365,0.1818,0.17911056,0.0,0.4481,6.622516e-05,0.2,0.32935363,0.0,1.0,0.08534406,0.2,0.14061801,0.0,0.8667,0.015510023,0.0,0.19259259,0.10985714,0.6667,1.0,1.0,1.0,1.0,1.0,1.0,0.0,0.0,0.0,0.0,0.0,0.49036402,0.0,0.0,0.0,0.13172,0.16684127,0.14209571,0.14015181,0.12594946,0.23346944,0.046834923
73-2,0.0012869997,0.2,0.13232408,0.0,0.6711,0.18202668,0.1818,0.1750306,0.0,0.4444,0.0009776134,0.6,0.34293947,0.0,0.6667,0.18311183,0.0,0.17913121,0.0,1.0,0.02972735,0.0,0.23333335,0.119,1.0,1.0,1.0,1.0,1.0,1.0,1.0,0.0,0.0,0.0,0.0,0.0,0.49036402,0.0,0.0,0.0,0.22062,0.121768855,0.14005825,0.3467188,0.17633092,0.3230515,0.034309186
74-1,0.01056659,0.7,0.29240263,0.4286,0.6829,0.35319656,0.9091,0.60505915,0.4444,0.8295,0.006548132,0.8,0.30876902,0.0,0.8274,0.76080036,1.0,0.53649795,0.6856157,0.7423,0.024909114,0.0,0.59555554,0.9184286,0.9082,1.0,1.0,1.0,1.0,1.0,0.0,0.0,0.0,0.0,1.0,0.0,0.0,1.0,0.0,0.0,0.19652,0.16370723,0.38894987,0.19798407,0.465321,1.0,0.016174758
74-2,0.009797994,0.9,0.36276984,0.4375,0.6528,0.38077933,0.8636,0.628315,0.4878,0.826,0.008005606,0.8,0.45286125,0.0,0.7048,0.73497903,0.8,0.5691894,0.7745612,0.6896,0.17366214,0.0,0.37851852,0.6348572,0.8431,1.0,1.0,1.0,1.0,1.0,0.0,0.0,0.0,0.0,1.0,0.0,0.0,1.0,0.0,0.0,0.19818,0.24262542,0.50443894,0.28717107,0.6028456,0.36234045,0.014632595
75-1,0.0039722533,0.8,0.34090275,0.5263,0.7069,0.14603345,0.6818,0.60097915,0.3462,0.6616,0.002805507,0.8,0.29847673,0.125,0.7798,0.28991544,0.6,0.39184952,0.43632817,0.5504,0.016516894,0.0,0.3677778,0.40814286,0.7576,1.0,1.0,1.0,1.0,1.0,0.0,0.0,1.0,0.0,0.0,0.0,0.8329764,0.0,0.0,0.0,0.52132,0.21440607,0.41815355,0.15094912,0.5008153,0.293322,0.02088124
75-2,0.0014957632,0.7,0.23016542,0.32,0.8474,0.1603166,0.5909,0.45614037,0.2222,0.693,0.004083224,0.6,0.356937,0.25,1.0,0.33283526,0.8,0.5620242,0.72581375,0.697,0.029989133,0.0,0.38333336,0.49457142,0.7323,1.0,1.0,1.0,1.0,1.0,0.0,0.0,1.0,0.0,0.0,0.0,0.8329764,0.0,0.0,0.0,0.34126,0.1567888,0.22246975,0.18751192,0.46940187,0.30132684,0.029966004
77-1,0.0054902807,0.9,0.26969445,0.3333,0.7193,0.28782097,0.8636,0.50509995,0.3448,0.7448,0.0050212117,0.8,0.37052283,0.0,0.9375,0.21664716,0.4,0.40662783,0.37498125,0.8864,0.012943499,0.0,0.27333334,0.17857143,1.0,1.0,1.0,1.0,1.0,1.0,0.0,0.0,1.0,0.0,0.0,0.0,0.8329764,0.0,0.0,0.0,0.02356,0.19449756,0.30014887,0.06267589,0.21110708,0.111429326,0.026582742
77-2,0.0082569225,0.9,0.27950662,0.4138,0.6881,0.35481694,0.9091,0.50428396,0.2979,0.7779,0.0062688123,1.0,0.41169202,0.0,0.9,0.31019473,0.8,0.4590237,0.6250188,0.9533,0.04599249,0.0,0.34444445,0.45114288,0.7608,1.0,1.0,1.0,1.0,1.0,0.0,0.0,1.0,0.0,0.0,0.0,0.8329764,0.0,0.0,0.0,0.04556,0.17596838,0.3131289,0.08390609,0.2591735,0.1638124,0.013238848
359-1,0.007999841,0.9286,0.29324365,0.4231,0.7093,0.3012997,0.8636,0.48837212,0.5714,0.7704,0.008226614,0.8,0.50267595,0.3429,0.76,1.0,0.0,0.5132109,0.6509674,0.7725,0.18949169,0.0,0.39851853,0.52342856,0.7389,1.0,1.0,1.0,1.0,1.0,0.0,0.0,0.0,0.0,0.0,1.0,0.58672374,0.0,0.0,0.0,0.1834,0.1948031,0.38195184,0.3742558,0.5232897,0.36363053,0.0060334094
359-2,0.0068633575,0.9286,0.26016262,0.2716,0.6604,0.34820718,0.9545,0.47001225,0.36,0.7592,0.00859023,0.8,0.49320704,0.4762,0.724,0.9567564,0.2,0.5369458,0.5545223,0.7189,0.17918837,0.0,0.47074074,0.6044286,0.7416,1.0,1.0,1.0,1.0,1.0,0.0,0.0,0.0,0.0,0.0,1.0,0.58672374,0.0,0.0,0.0,0.20276,0.19186114,0.36268556,0.3424974,0.61598384,0.37977567,0.005876115
100-1,0.006611288,0.6,0.2399776,0.1429,0.5632,0.20024957,0.5,0.37005302,0.125,0.6499,0.0032455535,0.8,0.3927542,0.2308,0.7738,0.12099416,0.4,0.3546798,0.27853608,0.6414,0.05168641,0.0,0.30074075,0.21742858,0.6566,1.0,1.0,1.0,1.0,1.0,0.0,0.0,1.0,0.0,0.0,0.0,0.85117763,1.0,0.0,0.0,0.33222,0.2259688,0.3667605,0.21301395,0.35065943,0.34439564,0.009840486
100-2,0.0077604484,0.7,0.26464817,0.186,0.6946,0.23081961,0.7273,0.45940435,0.2222,0.5409,0.0038939093,0.4,0.33347055,0.1429,0.5827,0.07908084,0.6,0.3179579,0.14519274,0.6942,0.08791874,0.0,0.37629628,0.2721429,0.6218,1.0,1.0,1.0,1.0,1.0,0.0,0.0,1.0,0.0,0.0,0.0,0.85117763,1.0,0.0,0.0,0.30902,0.3123772,0.30730447,0.1655978,0.39428172,0.42163825,0.009547246
101-1,0.0054305354,0.8,0.28623495,0.1471,0.578,0.20712444,0.7273,0.55569154,0.2203,0.6791,0.0040959627,0.8,0.39069572,0.1944,0.6217,0.18118124,0.6,0.47872815,0.40902957,0.6654,0.040118877,0.0,0.44925928,0.38457143,0.7162,1.0,1.0,1.0,1.0,1.0,0.0,0.0,1.0,0.0,0.0,0.0,0.977516,1.0,0.0,0.0,0.5618,0.3853591,0.64533937,0.35350212,0.67436653,0.54056287,0.008190762
101-2,0.0057298434,0.8,0.3252033,0.2979,0.5403,0.23448332,0.9091,0.5320277,0.2714,0.7079,0.004098943,1.0,0.3779333,0.1978,0.6284,0.1965761,0.8,0.4361845,0.39553025,0.6638,0.044549637,0.0,0.3474074,0.45914286,0.6843,1.0,1.0,1.0,1.0,1.0,0.0,0.0,1.0,0.0,0.0,0.0,0.977516,1.0,0.0,0.0,0.62504,0.3302473,0.5050529,0.3403447,0.6294516,0.46357182,0.006867222
104-1,0.0017503742,0.7,0.27726385,0.0526,0.6064,0.0449215,0.5,0.63484293,0.3,0.712,0.0006735476,1.0,0.48661998,0.0909,0.7427,0.026196241,0.6,0.38065383,0.33868307,0.6399,0.0123298485,0.0,0.40444446,0.22557144,0.8344,1.0,1.0,1.0,1.0,1.0,0.0,0.0,1.0,0.0,0.0,0.0,0.8608137,1.0,0.0,0.0,0.49558,0.23272572,0.4388488,0.6049121,0.55251485,0.4889603,0.032444753
104-2,0.002566348,0.7,0.36445194,0.25,0.7484,0.0529693,0.5909,0.6168911,0.25,0.7791,0.00087617035,0.8,0.5063812,0.0,0.6369,0.029770058,0.0,0.3708016,0.17639118,0.5532,0.00835087,0.0,0.37555557,0.12985714,0.692,1.0,1.0,1.0,1.0,1.0,0.0,0.0,1.0,0.0,0.0,0.0,0.8608137,1.0,0.0,0.0,0.34488,0.21309221,0.67661315,0.43134245,0.78752416,0.455954,0.027132075
105-1,0.0075889397,1.0,0.29688817,0.3171,0.7012,0.29491037,0.9091,0.4859241,0.4237,0.7284,0.0063710045,1.0,0.39522436,0.1622,0.6525,0.4280369,1.0,0.5096283,0.63701814,0.7279,0.0796245,0.0,0.42333335,0.53571427,0.7421,1.0,1.0,1.0,1.0,1.0,0.0,0.0,1.0,0.0,0.0,0.0,0.94646674,1.0,0.0,0.0,0.20932,0.25307074,0.33693197,0.27360436,0.456458,0.39334717,0.005726297
105-2,0.008867617,1.0,0.32268015,0.3478,0.7166,0.46517098,0.9545,0.500612,0.4167,0.7023,0.0062337504,1.0,0.5586661,0.3333,0.5947,0.3273096,0.8,0.5270936,0.60926956,0.7301,0.068210095,0.0,0.43555558,0.36357144,0.7534,1.0,1.0,1.0,1.0,1.0,0.0,0.0,1.0,0.0,0.0,0.0,0.94646674,1.0,0.0,0.0,0.22976,0.2399759,0.3292928,0.4823409,0.49102294,0.38409093,0.00639163
110-1,0.0039515807,0.6,0.23437063,0.3243,0.626,0.11287726,0.5909,0.3361893,0.1111,0.6354,0.0019487905,0.6,0.2898312,0.12,0.7261,0.08767916,0.4,0.2924317,0.2660867,0.7369,0.0627504,0.0,0.21518518,0.08714286,0.542,1.0,1.0,1.0,1.0,1.0,0.0,0.0,0.0,1.0,0.0,0.0,0.8201285,1.0,0.0,0.0,0.2532,0.1711451,0.2002369,0.17849736,0.27845418,0.2058298,0.012839011
110-2,0.004004361,0.6,0.208859,0.1833,0.5316,0.20249622,0.5909,0.33455732,0.1273,0.5973,0.0026803126,0.6,0.27830383,0.0833,0.812,0.06779917,0.6,0.2713838,0.100044996,0.5938,0.04974181,0.0,0.17888889,0.094000004,0.5794,1.0,1.0,1.0,1.0,1.0,0.0,0.0,0.0,1.0,0.0,0.0,0.8201285,1.0,0.0,0.0,0.20856,0.14531772,0.2722926,0.20255862,0.26829,0.17430708,0.012150285
123-1,0.0041573984,0.5,0.37566584,0.0667,0.5747,0.06696774,0.3636,0.25907794,0.0,0.576,0.0015242697,0.4,0.31165087,0.0,0.6295,0.13230634,0.6,0.4841021,0.06734663,0.4005,0.018281449,0.0,0.29,0.0,0.7904,1.0,1.0,1.0,1.0,1.0,0.0,0.0,0.0,0.0,0.0,1.0,0.6702355,1.0,0.0,0.0,0.36904,0.4254904,0.27546564,0.34746438,0.70051616,0.57860047,0.02011004
123-2,0.0034028671,0.7,0.37538552,0.1667,0.5319,0.22198084,0.5,0.36719707,0.1579,0.5708,0.001680425,0.6,0.46356523,0.0652,0.4938,0.12735619,0.6,0.5194805,0.15299235,0.5103,0.026144272,0.0,0.30555555,0.17142858,0.4356,1.0,1.0,1.0,1.0,1.0,0.0,0.0,0.0,0.0,0.0,1.0,0.6702355,1.0,0.0,0.0,0.47734,0.35149586,0.37677395,0.5648174,0.6480816,0.3826009,0.01936054
127-1,0.0045560757,0.8,0.28539392,0.3529,0.6639,0.085043676,0.4091,0.4855161,0.3846,0.7556,0.003369246,0.6,0.43557018,0.25,0.7659,0.1026491,0.4,0.37931034,0.27268636,0.7384,0.037984744,0.0,0.37962964,0.50685716,0.7626,1.0,1.0,1.0,1.0,1.0,0.0,0.0,1.0,0.0,0.0,0.0,0.993576,1.0,0.0,0.0,0.17714,0.16887969,0.28148568,0.44161838,0.3915189,0.3350427,0.02014094
127-2,0.0056060166,0.8,0.25848055,0.4444,0.8528,0.10736964,0.6818,0.42676458,0.3571,0.8333,0.0026175797,0.8,0.33841085,0.1111,0.7783,0.14084968,0.8,0.49664128,0.51567423,0.7867,0.041678768,0.0,0.4074074,0.5831429,0.6597,1.0,1.0,1.0,1.0,1.0,0.0,0.0,1.0,0.0,0.0,0.0,0.993576,1.0,0.0,0.0,0.11352,0.17153794,0.22351293,0.22095214,0.50857997,0.35704473,0.015724896
133-1,0.008906835,0.6,0.39248672,0.5312,0.6455,0.37911925,0.7727,0.42227665,0.3492,0.6548,0.008835055,0.8,0.39892957,0.3284,0.6558,0.4763874,1.0,0.47021943,0.5414729,0.6694,0.14069833,0.0,0.3474074,0.50528574,0.6462,1.0,1.0,1.0,1.0,1.0,0.0,0.0,0.0,1.0,0.0,0.0,0.8201285,1.0,0.0,0.0,0.22806,0.42114294,0.37972963,0.33255225,0.51988477,0.32094872,0.0061466345
133-2,0.013933052,0.9,0.41911975,0.6667,0.6283,0.5012136,0.6818,0.47286823,0.3861,0.6705,0.008259412,0.6,0.45203784,0.4,0.692,0.62196827,1.0,0.5096283,0.58737063,0.6627,0.08565251,0.0,0.37851852,0.60400003,0.6571,1.0,1.0,1.0,1.0,1.0,0.0,0.0,0.0,1.0,0.0,0.0,0.8201285,1.0,0.0,0.0,0.24014,0.361317,0.34380502,0.34653378,0.5985028,0.3720998,0.0035093674
179-1,0.007123044,0.7,0.46033084,0.5263,0.6939,0.14677267,0.7727,0.60750717,0.6842,0.7677,0.0023151066,0.8,0.71099216,0.2727,0.6929,0.13639444,0.8,0.6072548,0.30943453,0.6965,0.041098963,0.0,0.54407406,0.5844286,0.6959,1.0,1.0,1.0,1.0,1.0,0.0,0.0,1.0,0.0,0.0,0.0,0.99892926,1.0,0.0,0.0,0.61688,0.30090618,0.59030056,0.6000404,0.5901129,0.54800653,0.01672786
179-2,0.009370802,0.7,0.34398657,0.5385,0.7098,0.1789502,0.7727,0.626275,0.5238,0.7601,0.0041405656,0.8,0.91066283,0.375,0.6872,0.14726989,0.8,0.5602329,0.5431228,0.7288,0.04887577,0.0,0.44,0.49828574,0.7603,1.0,1.0,1.0,1.0,1.0,0.0,0.0,1.0,0.0,0.0,0.0,0.99892926,1.0,0.0,0.0,0.68352,0.27876717,0.49185014,0.5749644,0.41188943,0.41698113,0.01089447
197-1,0.0023570156,0.5,0.12699749,0.0,0.7905,0.20099126,0.0455,0.23459813,0.0,0.7292,0.0013299453,0.6,0.15644297,0.0,0.8818,0.039959997,0.2,0.19883564,0.028348582,0.628,0.013440896,0.0,0.14814815,0.04457143,0.8417,1.0,1.0,1.0,1.0,1.0,1.0,0.0,0.0,0.0,0.0,0.0,0.5546038,1.0,0.0,0.0,0.09918,0.11609879,0.16480125,0.092892624,0.2152302,0.13199295,0.030112173
197-2,0.0027446584,0.5,0.1494253,0.1053,0.8053,0.021026323,0.1818,0.17951857,0.1667,0.6667,0.0017106156,0.2,0.18237956,0.0,0.8157,0.05261774,0.4,0.21137482,0.030598471,0.6379,0.025568249,0.0,0.19962962,0.040857144,0.6222,1.0,1.0,1.0,1.0,1.0,1.0,0.0,0.0,0.0,0.0,0.0,0.5546038,1.0,0.0,0.0,0.11304,0.17765324,0.15179406,0.14412652,0.27496472,0.23553999,0.020553216
199-1,0.0016462515,0.7,0.25848055,0.1053,0.557,0.057301458,0.5,0.39045286,0.1667,0.5954,0.0015925376,0.8,0.36846438,0.2143,0.5972,0.058318574,0.8,0.42140615,0.3281836,0.6069,0.02040551,0.0,0.3703704,0.26957145,0.575,1.0,1.0,1.0,1.0,1.0,0.0,0.0,1.0,0.0,0.0,0.0,0.8875802,1.0,0.0,0.0,0.24022,0.37223807,0.40658078,0.3366727,0.73484457,0.5832898,0.022029
199-2,0.001254531,0.7,0.28847772,0.0909,0.6488,0.07586295,0.6818,0.39616483,0.2,0.5557,0.0010609486,0.6,0.39440098,0.0667,0.8153,0.05128505,0.8,0.47380206,0.2678866,0.6333,0.017774958,0.0,0.33481482,0.4017143,0.5714,1.0,1.0,1.0,1.0,1.0,0.0,0.0,1.0,0.0,0.0,0.0,0.8875802,1.0,0.0,0.0,0.22534,0.2595483,0.30391955,0.33814707,0.7146514,0.35499352,0.026587648
200-1,0.0067388383,0.3,0.3095038,0.2037,0.5258,0.18783729,0.1364,0.46919626,0.375,0.5677,0.004067746,0.4,0.34417453,0.2647,0.6602,0.10779024,0.2,0.4379758,0.42102894,0.5918,0.046506613,0.0,0.38740742,0.63028574,0.5812,1.0,1.0,1.0,1.0,1.0,0.0,1.0,0.0,0.0,0.0,0.0,0.45717347,1.0,0.0,0.0,0.25954,0.27742276,0.36768416,0.19721043,0.5684497,0.39332777,0.015650686
200-2,0.007324436,0.5,0.32127842,0.4211,0.6364,0.19602202,0.2273,0.4704202,0.3056,0.6459,0.003805832,0.0,0.42486617,0.5,0.7491,0.1515203,0.2,0.48141512,0.56697166,0.6002,0.059814513,0.0,0.4025926,0.7325714,0.5447,1.0,1.0,1.0,1.0,1.0,0.0,1.0,0.0,0.0,0.0,0.0,0.45717347,1.0,0.0,0.0,0.261,0.27209753,0.2945472,0.2124197,0.43855453,0.31182796,0.011258648
202-1,0.005849095,0.8,0.31735355,0.2581,0.4802,0.24640493,0.5909,0.49694005,0.2222,0.5381,0.003955999,0.6,0.29847673,0.1538,0.5255,0.1376355,0.6,0.29959697,0.20518975,0.549,0.054824825,0.0,0.2851852,0.19842857,0.5131,1.0,1.0,1.0,1.0,1.0,0.0,0.0,1.0,0.0,0.0,0.0,0.92398286,1.0,0.0,0.0,0.49406,0.3158779,0.47201335,0.32161477,0.44259316,0.41105974,0.009378648
202-2,0.0051643034,0.8,0.2565181,0.1905,0.4701,0.22261634,0.6818,0.45573235,0.2326,0.5242,0.0031702162,0.4,0.46068338,0.1852,0.5019,0.14952907,1.0,0.351545,0.25348732,0.4926,0.043632668,0.0,0.27592593,0.34014288,0.5717,1.0,1.0,1.0,1.0,1.0,0.0,0.0,1.0,0.0,0.0,0.0,0.92398286,1.0,0.0,0.0,0.53894,0.2752272,0.3621368,0.51293325,0.49704707,0.33582962,0.008623833
203-1,0.004729748,0.7,0.38547802,0.45,0.6214,0.12466186,0.8182,0.43329254,0.3182,0.8094,0.0025863592,0.8,0.53849316,0.2308,0.6963,0.12975815,0.8,0.71294224,0.79841006,0.6921,0.059451353,0.0,0.5092593,0.7547143,0.6281,1.0,1.0,1.0,1.0,1.0,0.0,0.0,1.0,0.0,0.0,0.0,0.9914347,1.0,0.0,0.0,0.61564,0.29921255,0.27014107,0.61229527,0.6801203,0.4344873,0.014405969
203-2,0.0048785503,0.6,0.35463977,0.5294,0.7159,0.21577238,0.6364,0.6425949,0.5294,0.6222,0.0026592792,0.8,0.4285714,0.1765,0.5963,0.1377148,1.0,0.6291984,0.67736614,0.7187,0.058195274,0.0,0.52444446,0.61628574,0.6691,1.0,1.0,1.0,1.0,1.0,0.0,0.0,1.0,0.0,0.0,0.0,0.9914347,1.0,0.0,0.0,0.60402,0.23411813,0.3587247,0.22414762,0.57746476,0.36777163,0.018281179
205-1,0.008193049,0.9,0.35492012,0.4688,0.652,0.27847776,0.8636,0.5222358,0.4333,0.6236,0.006397706,0.8,0.518732,0.5455,0.6262,0.36725584,1.0,0.5705329,0.6458677,0.6865,0.09298113,0.0,0.46888888,0.8134286,0.7137,1.0,1.0,1.0,1.0,1.0,0.0,0.0,1.0,0.0,0.0,0.0,0.99036396,1.0,0.0,0.0,0.31726,0.27723506,0.42089194,0.36792096,0.7070642,0.41378176,0.0061944425
205-2,0.0070255557,0.9,0.35660222,0.56,0.6319,0.36681345,0.9545,0.5985312,0.5185,0.6512,0.005686039,0.8,0.54178673,0.4043,0.6196,0.36421174,1.0,0.56874156,0.65951705,0.6538,0.06978203,0.0,0.47555557,0.6892857,0.6833,1.0,1.0,1.0,1.0,1.0,0.0,0.0,1.0,0.0,0.0,0.0,0.99036396,1.0,0.0,0.0,0.38074,0.2225947,0.42233717,0.5621826,0.692194,0.49768758,0.0061228042
206-1,0.0014900177,0.6,0.13933277,0.025,0.5194,0.06627462,0.7727,0.28314975,0.0769,0.5701,0.0012479787,0.6,0.24495676,0.0455,0.6989,0.06727685,0.8,0.26914465,0.096295185,0.6211,0.013481821,0.0,0.20666666,0.032428574,0.6717,1.0,1.0,1.0,1.0,1.0,1.0,0.0,0.0,0.0,0.0,0.0,0.6766595,1.0,0.0,0.0,0.37526,0.23420545,0.26351792,0.20462166,0.4074706,0.25872245,0.014574157
206-2,0.0014161895,0.7,0.11550323,0.0286,0.5466,0.061218213,0.6818,0.22113423,0.0426,0.6142,0.0012459111,0.8,0.20255248,0.0,0.7282,0.03564873,0.8,0.24496192,0.056547176,0.7013,0.019778656,0.0,0.17518519,0.0,0.7611,1.0,1.0,1.0,1.0,1.0,1.0,0.0,0.0,0.0,0.0,0.0,0.6766595,1.0,0.0,0.0,0.19674,0.13089594,0.15883012,0.14443485,0.29524237,0.2338887,0.014355533
208-1,0.0047022253,0.7,0.48584247,0.6,0.7414,0.19422483,0.6364,0.98735213,0.7619,0.6228,0.0028767681,1.0,0.6780568,0.3158,0.6258,0.21885623,0.6,0.61934614,0.55707216,0.6567,0.04289714,0.0,0.49333334,0.695,0.7541,1.0,1.0,1.0,1.0,1.0,0.0,0.0,1.0,0.0,0.0,0.0,0.9389721,1.0,0.0,0.0,0.74598,0.4167867,0.8578554,0.61633724,0.80833405,0.44451755,0.01500381
208-2,0.005117029,0.7,0.55873287,0.75,0.6878,0.15968075,0.8182,0.82823336,0.6786,0.6065,0.002576592,1.0,0.4549197,0.1304,0.6512,0.12704599,0.6,0.6703986,0.6739163,0.7217,0.052682593,0.0,0.52148145,0.6348572,0.7312,1.0,1.0,1.0,1.0,1.0,0.0,0.0,1.0,0.0,0.0,0.0,0.9389721,1.0,0.0,0.0,0.66904,0.44205102,0.5741475,0.4409905,0.77455497,0.532558,0.016538031
228-1,0.0010284586,0.5,0.14662182,0.1724,0.7,0.057833683,0.5,0.18482253,0.0217,0.5229,0.0010546044,0.6,0.22560723,0.0323,0.6067,0.059335083,0.6,0.2028661,0.021298936,0.6699,0.016888265,0.0,0.18259259,0.08785715,0.6869,1.0,1.0,1.0,1.0,1.0,1.0,0.0,0.0,0.0,0.0,0.0,0.49785867,1.0,0.0,0.0,0.231,0.24969226,0.16063939,0.1919295,0.2665326,0.24573795,0.017530978
228-2,0.0012447191,0.7,0.17157276,0.08,0.6,0.06896905,0.5455,0.20318237,0.0435,0.5471,0.0012263254,0.8,0.21449155,0.0,0.5738,0.06522374,0.6,0.18316168,0.0479976,0.5616,0.020862624,0.0,0.1425926,0.040285718,0.5362,1.0,1.0,1.0,1.0,1.0,1.0,0.0,0.0,0.0,0.0,0.0,0.49785867,1.0,0.0,0.0,0.21534,0.25361636,0.19258146,0.18215813,0.24009565,0.1447517,0.014936991
230-1,0.0006930179,0.3,0.10905524,0.0,0.9683,0.0022634335,0.0455,0.08159935,0.0,1.0,0.00024690919,0.4,0.10703993,0.0,1.0,0.012867488,0.0,0.13166144,0.0,0.6288,0.0034337516,0.0,0.11111111,0.0,0.85,1.0,1.0,1.0,1.0,1.0,1.0,0.0,0.0,0.0,0.0,0.0,0.39828694,1.0,0.0,0.0,0.06728,0.10736017,0.026617479,0.09475945,0.14068453,0.11360954,0.054460116
230-2,0.0009687425,0.2,0.07401178,0.0,0.475,0.0033725959,0.0,0.09506324,0.0,1.0,0.00022895038,0.4,0.19226019,0.125,0.8542,0.008418837,0.2,0.15270936,0.0,0.6742,0.0080131,0.0,0.115555555,0.0,0.7667,1.0,1.0,1.0,1.0,1.0,1.0,0.0,0.0,0.0,0.0,0.0,0.39828694,1.0,0.0,0.0,0.07256,0.047281075,0.048594963,0.16992567,0.15840212,0.12195626,0.053580973
234-1,0.006115785,0.9,0.40678445,0.2432,0.6878,0.1589634,0.7273,0.5267238,0.4773,0.7455,0.0029832646,0.8,0.44339234,0.2836,0.6785,0.13830398,0.8,0.46932375,0.40497977,0.7434,0.07751988,0.0,0.41111112,0.5391429,0.7378,1.0,1.0,1.0,1.0,1.0,0.0,0.0,0.0,1.0,0.0,0.0,0.732334,1.0,0.0,0.0,0.236,0.37233847,0.4081238,0.3744184,0.55513406,0.41174993,0.0125371255
234-2,0.0048326906,0.6,0.4300533,0.2759,0.65,0.107778415,0.6818,0.4259486,0.2973,0.7311,0.0,0.0,0.0,0.0,0.0,0.059128866,0.8,0.44155842,0.59997004,0.7522,0.07913319,0.0,0.43407407,0.46714285,0.7206,1.0,1.0,0.0,1.0,1.0,0.0,0.0,0.0,1.0,0.0,0.0,0.732334,1.0,0.0,0.0,0.2246,0.4529983,0.43549106,0.0,0.44702044,0.44006684,0.011101149
236-1,0.0049048928,0.8,0.4594898,0.3878,0.5793,0.1580016,0.7727,0.72623414,0.3171,0.6124,0.0028089685,0.8,0.6599424,0.2647,0.5488,0.21555513,1.0,0.6112852,0.6163192,0.6993,0.028150575,0.0,0.50407404,0.582,0.715,1.0,1.0,1.0,1.0,1.0,0.0,0.0,0.0,0.0,0.0,1.0,0.81905776,1.0,0.0,0.0,0.4489,0.46429476,0.70198643,0.5610894,0.6451245,0.57334346,0.0067916126
236-2,0.005631381,1.0,0.5497618,0.6389,0.6561,0.21615216,0.8636,0.80416155,0.537,0.6648,0.0034034196,1.0,0.6018938,0.3214,0.6313,0.1516411,1.0,0.64800715,0.66656667,0.6952,0.05786051,0.0,0.48222223,0.52342856,0.7091,1.0,1.0,1.0,1.0,1.0,0.0,0.0,0.0,0.0,0.0,1.0,0.81905776,1.0,0.0,0.0,0.43996,0.6893469,0.69143504,0.5339448,0.7234638,0.5738014,0.0072733085
254-1,0.0012142189,0.2,0.12139053,0.0,0.7885,0.0038076064,0.0,0.12239902,0.0,1.0,0.0004598285,0.0,0.1609716,0.0,0.7619,0.0352784,0.0,0.1486789,0.0,0.6889,0.018009692,0.0,0.1388889,0.0,0.875,1.0,1.0,1.0,1.0,1.0,1.0,0.0,0.0,0.0,0.0,0.0,0.23126337,1.0,0.0,0.0,0.1164,0.083086714,0.08149871,0.07323773,0.13039364,0.12642634,0.04456154
254-2,0.0016148314,0.1,0.089150555,0.0,0.6458,0.26847845,0.0,0.0,0.0,1.0,0.0006982435,0.0,0.19020171,0.0,0.7667,0.031797178,0.0,0.17151813,0.0,0.5758,0.011950091,0.0,0.14814815,0.0,0.75,1.0,1.0,1.0,1.0,1.0,1.0,0.0,0.0,0.0,0.0,0.0,0.23126337,1.0,0.0,0.0,0.12532,0.045823187,0.0,0.09190596,0.13523492,0.11350633,0.046874434
270-1,0.007720549,0.6,0.37482482,0.4074,0.6626,0.100887634,0.6818,0.4634843,0.3333,0.6997,0.0056383945,0.8,0.48620832,0.2667,0.7079,0.33041117,0.8,0.7389162,0.7720114,0.6842,0.07536449,0.0,0.5181481,0.5952857,0.6976,1.0,1.0,1.0,1.0,1.0,0.0,0.0,1.0,0.0,0.0,0.0,0.974304,1.0,0.0,0.0,0.41672,0.27537996,0.26245302,0.41543803,0.8489401,0.55417305,0.009197932
270-2,0.009527092,0.8,0.37959072,0.5,0.6467,0.21313377,0.7273,0.5369237,0.4,0.7084,0.005991237,1.0,0.4825031,0.3529,0.615,0.37630054,1.0,0.72906405,0.7184641,0.7327,0.08689851,0.0,0.60037035,0.7212857,0.7066,1.0,1.0,1.0,1.0,1.0,0.0,0.0,1.0,0.0,0.0,0.0,0.974304,1.0,0.0,0.0,0.45814,0.35385293,0.3665486,0.3506094,0.87136376,0.63170594,0.0069836015
271-1,0.0069196667,0.5,0.20100927,0.2055,0.4523,0.22071944,0.6818,0.3643411,0.2941,0.5365,0.0040486017,0.8,0.58089745,0.2727,0.683,0.11943329,0.4,0.32422748,0.28483576,0.6185,0.042529013,0.0,0.29333335,0.38457143,0.7094,1.0,1.0,1.0,1.0,1.0,1.0,0.0,0.0,0.0,0.0,0.0,0.735546,1.0,0.0,0.0,0.34736,0.17367241,0.30143654,0.43710548,0.3474995,0.32777962,0.01165828
271-2,0.0068294876,0.6,0.22736193,0.2414,0.489,0.105600476,0.5455,0.41819665,0.3333,0.5669,0.004020251,0.6,0.3157678,0.2353,0.6932,0.12931043,0.6,0.47514552,0.43482828,0.6074,0.042913944,0.0,0.4285185,0.38457143,0.665,1.0,1.0,1.0,1.0,1.0,1.0,0.0,0.0,0.0,0.0,0.0,0.735546,1.0,0.0,0.0,0.4447,0.20240684,0.3219525,0.2469531,0.53840494,0.4994227,0.011284903
273-1,0.002915745,0.7,0.20269135,0.1667,0.81,0.07335623,0.5909,0.36515707,0.375,0.75,0.0037737866,1.0,0.32482502,0.2083,0.6834,0.0987215,0.4,0.34482756,0.33088344,0.6435,0.042270873,0.0,0.27185187,0.27771428,0.652,1.0,1.0,1.0,1.0,1.0,0.0,0.0,1.0,0.0,0.0,0.0,0.9111349,1.0,0.0,0.0,0.20122,0.18700296,0.20084542,0.23360504,0.3763191,0.23257285,0.038011797
273-2,0.005752592,0.6,0.20016822,0.1622,0.582,0.11348058,0.7273,0.43451652,0.3929,0.6396,0.005039609,1.0,0.33223546,0.2439,0.5606,0.10313073,0.6,0.3613972,0.3281836,0.6574,0.07313545,0.0,0.32962963,0.29357144,0.6831,1.0,1.0,1.0,1.0,1.0,0.0,0.0,1.0,0.0,0.0,0.0,0.9111349,1.0,0.0,0.0,0.24548,0.120236754,0.27018994,0.17766765,0.3189165,0.23103766,0.02493816
287-1,0.0025969772,0.8,0.22848332,0.2208,0.5923,0.08951218,0.7273,0.40514076,0.1067,0.5569,0.0013299257,1.0,0.24125154,0.0588,0.5861,0.034384813,0.2,0.35109717,0.11714415,0.5071,0.032358825,0.0,0.18592593,0.056,0.4774,1.0,1.0,1.0,1.0,1.0,0.0,0.0,0.0,0.0,0.0,1.0,0.8351177,1.0,0.0,0.0,0.2102,0.22649696,0.40600485,0.23792173,0.46767828,0.16958545,0.028072748
287-2,0.0025289916,0.8,0.20213066,0.0988,0.5387,0.107179366,0.6364,0.32680538,0.098,0.5699,0.0011417277,0.8,0.2684232,0.0,0.5875,0.030054409,0.4,0.33363187,0.124943756,0.521,0.027189452,0.0,0.25333333,0.13471429,0.5683,1.0,1.0,1.0,1.0,1.0,0.0,0.0,0.0,0.0,0.0,1.0,0.8351177,1.0,0.0,0.0,0.29574,0.21697702,0.28391975,0.2644609,0.4906765,0.26284423,0.020698158
307-1,0.0031206105,0.8,0.17213346,0.0714,0.4674,0.107694134,0.7273,0.34149325,0.1304,0.5913,0.0017540008,0.8,0.30382872,0.0476,0.6508,0.033296462,0.6,0.2763099,0.17144142,0.777,0.03293357,0.0,0.25074074,0.09214286,0.7209,1.0,1.0,1.0,1.0,1.0,0.0,0.0,0.0,1.0,0.0,0.0,0.72162735,1.0,0.0,0.0,0.28746,0.17851314,0.3746387,0.28772047,0.32464492,0.27927318,0.018464465
307-2,0.0032964426,0.7,0.21110179,0.0882,0.517,0.10334662,0.7727,0.31946144,0.1324,0.5672,0.0014692592,0.6,0.42074928,0.0435,0.5951,0.04175658,0.6,0.2861621,0.25003752,0.7328,0.03867649,0.0,0.25814813,0.10457143,0.6918,1.0,1.0,1.0,1.0,1.0,0.0,0.0,0.0,1.0,0.0,0.0,0.72162735,1.0,0.0,0.0,0.2445,0.22304429,0.27066264,0.4053471,0.3013003,0.29549575,0.015984375
312-1,0.0059911846,0.6,0.33277267,0.2903,0.6467,0.18188222,0.5909,0.5324358,0.4576,0.5527,0.004127304,0.6,0.3820502,0.3333,0.6978,0.120853975,0.8,0.46753243,0.38098097,0.6158,0.088189274,0.0,0.3103704,0.56271434,0.635,1.0,1.0,1.0,1.0,1.0,0.0,0.0,0.0,1.0,0.0,0.0,0.79229116,1.0,0.0,0.0,0.41458,0.25146008,0.3410069,0.31443903,0.50645924,0.2973986,0.012776191
312-2,0.006326774,0.6,0.36949822,0.4643,0.5165,0.2442979,0.7273,0.5136679,0.4478,0.6618,0.0050237407,0.8,0.41992587,0.1875,0.7831,0.148662,0.4,0.3864756,0.43932804,0.6291,0.050534364,0.0,0.27444443,0.32742858,0.5725,1.0,1.0,1.0,1.0,1.0,0.0,0.0,0.0,1.0,0.0,0.0,0.79229116,1.0,0.0,0.0,0.3174,0.41613194,0.39948493,0.39812645,0.3981767,0.25764525,0.011561905
347-1,0.008724949,0.1,0.20016822,0.1395,0.3621,0.14865828,0.0455,0.2753978,0.1111,0.3543,0.0033761216,0.2,0.2169617,0.2917,0.502,0.12449824,0.0,0.28257948,0.45837706,0.4279,0.042317547,0.0,0.24148148,0.042000003,0.5336,1.0,1.0,1.0,1.0,1.0,0.0,0.0,0.0,1.0,0.0,0.0,0.34475377,1.0,0.0,0.0,0.21,0.145034,0.18611045,0.12826134,0.2569599,0.25492322,0.018585313
347-2,0.010765922,0.2,0.21614805,0.2453,0.3746,0.25679302,0.4091,0.3386373,0.275,0.3369,0.002785556,0.2,0.24495676,0.0952,0.4658,0.086402506,0.2,0.34617105,0.48642567,0.442,0.067867436,0.0,0.29555556,0.23371428,0.4991,1.0,1.0,1.0,1.0,1.0,0.0,0.0,0.0,1.0,0.0,0.0,0.34475377,1.0,0.0,0.0,0.25972,0.17241967,0.2807413,0.15995246,0.3492231,0.39717862,0.010151278
353-1,0.0028146072,0.6,0.14185591,0.0606,0.6726,0.050793372,0.5,0.31986946,0.1,0.6449,0.0024030448,0.8,0.16467682,0.0476,0.664,0.05409696,0.4,0.23242275,0.089995496,0.7414,0.05329012,0.0,0.17222223,0.1587143,0.7923,1.0,1.0,1.0,1.0,1.0,1.0,0.0,0.0,0.0,0.0,0.0,0.72055674,1.0,0.0,0.0,0.20844,0.1314634,0.37417686,0.11142069,0.26404014,0.15984546,0.014638786
353-2,0.0021173311,0.8,0.1799832,0.1923,0.696,0.04613811,0.5,0.42227665,0.3,0.6316,0.0013674304,0.6,0.22890078,0.1034,0.694,0.059598804,0.2,0.25167933,0.14789261,0.7136,0.02084039,0.0,0.19962962,0.09214286,0.7935,1.0,1.0,1.0,1.0,1.0,1.0,0.0,0.0,0.0,0.0,0.0,0.72055674,1.0,0.0,0.0,0.2886,0.15192188,0.22221439,0.19784391,0.29524237,0.24649909,0.022285648
355-1,0.011795159,0.9,0.34258485,0.5,0.7274,0.2970452,0.7273,0.40636474,0.3614,0.718,0.008527943,1.0,0.41086864,0.2182,0.694,0.36015797,0.8,0.45633674,0.5065247,0.6639,0.10049179,0.0,0.39888892,0.44285715,0.7158,1.0,1.0,1.0,1.0,1.0,0.0,0.0,1.0,0.0,0.0,0.0,0.97109205,1.0,0.0,0.0,0.27304,0.28380868,0.2644796,0.34819317,0.42625278,0.3567674,0.0061431304
355-2,0.011582698,0.8,0.34146345,0.3889,0.664,0.39747882,0.9545,0.44186047,0.2766,0.69,0.009077504,1.0,0.4038699,0.3472,0.7182,0.49205098,0.8,0.48589343,0.6281686,0.6733,0.087047525,0.0,0.44962963,0.57685715,0.7044,1.0,1.0,1.0,1.0,1.0,0.0,0.0,1.0,0.0,0.0,0.0,0.97109205,1.0,0.0,0.0,0.3098,0.3287938,0.36897182,0.2544036,0.46911463,0.4527095,0.0039293836
68-1,0.010108728,0.9,0.47659102,0.5254,0.639,0.25347024,0.8182,0.6862505,0.6,0.6426,0.005779012,0.8,0.59242487,0.4356,0.6212,0.2749588,1.0,0.6999552,0.7319634,0.6866,0.07051038,0.0,0.6740741,0.8928572,0.7224,1.0,1.0,1.0,1.0,1.0,0.0,0.0,1.0,0.0,0.0,0.0,0.98072803,1.0,0.0,0.0,0.57612,0.46204245,0.6031882,0.4456043,0.7499176,0.65272105,0.0059714965
68-2,0.010083766,0.9,0.40285957,0.4648,0.6453,0.26109624,0.9091,0.6356589,0.4681,0.662,0.0055665593,1.0,0.850144,0.6,0.6151,0.30948198,0.8,0.78235555,0.7564122,0.6713,0.059418127,0.0,0.6111111,0.80357146,0.6838,1.0,1.0,1.0,1.0,1.0,0.0,0.0,1.0,0.0,0.0,0.0,0.98072803,1.0,0.0,0.0,0.58578,0.3590167,0.49584356,0.59584147,0.7815254,0.5534184,0.0062774704
69-1,0.0041762567,0.6,0.19876648,0.3182,0.643,0.21493919,0.7727,0.51448387,0.3913,0.6845,0.0020832375,1.0,0.34870318,0.04,0.7134,0.15382099,0.8,0.42543662,0.45537725,0.6983,0.030835388,0.0,0.33814815,0.25971428,0.7011,1.0,1.0,1.0,1.0,1.0,0.0,0.0,1.0,0.0,0.0,0.0,0.9207708,1.0,0.0,0.0,0.25178,0.14097896,0.4731163,0.36400792,0.6020176,0.44350487,0.016273353
69-2,0.004879562,0.8,0.19624336,0.4211,0.7102,0.21644676,0.6818,0.4606283,0.3889,0.7083,0.0020256003,0.8,0.38822562,0.2,0.8184,0.10641438,0.8,0.49171516,0.48117596,0.6969,0.054986626,0.0,0.3211111,0.295,0.6258,1.0,1.0,1.0,1.0,1.0,0.0,0.0,1.0,0.0,0.0,0.0,0.9207708,1.0,0.0,0.0,0.30394,0.17307876,0.31381893,0.34485197,0.5408637,0.335778,0.014519544
72-1,0.0054459614,0.6,0.34510797,0.5517,0.6903,0.17407486,0.6818,0.631171,0.4186,0.6477,0.0025421833,0.8,0.3157678,0.0,0.817,0.40658504,0.8,0.5732199,0.51822406,0.7212,0.0975039,0.0,0.61851853,0.74528575,0.7796,1.0,1.0,1.0,1.0,1.0,0.0,0.0,1.0,0.0,0.0,0.0,0.9657387,1.0,0.0,0.0,0.37176,0.19417018,0.5288723,0.18451828,0.5375263,0.52934575,0.0104836235
72-2,0.0062449477,0.6,0.36641437,0.7,0.6432,0.1845919,0.6818,0.61403507,0.4468,0.6485,0.0026020363,1.0,0.5339646,0.2286,0.5867,0.103002846,0.8,0.60053736,0.7040648,0.6729,0.045662187,0.0,0.42592594,0.53571427,0.8037,1.0,1.0,1.0,1.0,1.0,0.0,0.0,1.0,0.0,0.0,0.0,0.9657387,1.0,0.0,0.0,0.44604,0.30543697,0.43519223,0.41510728,0.6267901,0.44015068,0.011746476
74-1,0.0,0.0,0.05606953,0.0,1.0,0.0,0.0,0.0,0.0,0.0,0.0,0.0,0.0,0.0,0.0,0.0,0.0,0.089565605,0.0,1.0,0.0,0.0,0.0,0.0,0.0,1.0,0.0,0.0,1.0,0.0,0.0,0.0,0.0,0.0,1.0,0.0,0.0,1.0,0.0,0.0,0.0,0.0,0.0,0.0,0.0,0.0,0.39818057
74-2,0.0,0.0,0.0,0.0,0.0,0.0,0.0,0.0,0.0,0.0,0.0,0.0,0.0,0.0,0.0,0.0,0.0,0.089565605,0.0,1.0,0.0,0.0,0.074074075,0.0,1.0,0.0,0.0,0.0,1.0,1.0,0.0,0.0,0.0,0.0,1.0,0.0,0.0,1.0,0.0,0.0,0.0,0.0,0.0,0.0,0.0,0.0,0.83069813
83-1,0.00721096,1.0,0.37846932,0.4048,0.7043,0.19737962,0.7273,0.58914727,0.56,0.7557,0.004472161,1.0,0.45697817,0.25,0.7982,0.34164098,1.0,0.6224809,0.6497675,0.7294,0.059505578,0.0,0.43074074,0.62628573,0.7362,1.0,1.0,1.0,1.0,1.0,0.0,0.0,1.0,0.0,0.0,0.0,0.99892926,1.0,0.0,0.0,0.64862,0.45129156,0.59911877,0.42707625,0.7896787,0.4624946,0.009811778
83-2,0.008367631,0.7,0.3294085,0.2778,0.7367,0.2726432,0.8182,0.53039575,0.4146,0.7753,0.005938184,1.0,0.4178674,0.2923,0.773,0.3162642,1.0,0.6117331,0.6625169,0.7459,0.13725404,0.0,0.50666666,0.559,0.7673,1.0,1.0,1.0,1.0,1.0,0.0,0.0,1.0,0.0,0.0,0.0,0.99892926,1.0,0.0,0.0,0.53532,0.3267248,0.47394758,0.3809999,0.6654444,0.5695119,0.008903669
88-1,0.0085503515,0.8,0.41379315,0.4118,0.7335,0.26320815,0.7727,0.50591594,0.4634,0.7214,0.00318697,1.0,0.346233,0.2609,0.7791,0.2220584,1.0,0.5127631,0.5780711,0.7606,0.059611857,0.0,0.35518518,0.32742858,0.7817,1.0,1.0,1.0,1.0,1.0,0.0,0.0,0.0,0.0,0.0,1.0,0.58672374,0.0,0.0,0.0,0.19036,0.37098098,0.37588835,0.3375809,0.4921297,0.2992305,0.009858242
88-2,0.007141525,0.9,0.37454444,0.4643,0.7376,0.23031789,0.8182,0.4904121,0.4286,0.688,0.004067103,1.0,0.37052283,0.2941,0.7219,0.24550289,0.8,0.588446,0.6080696,0.7341,0.092919715,0.0,0.5325926,0.7544286,0.7678,1.0,1.0,1.0,1.0,1.0,0.0,0.0,0.0,0.0,0.0,1.0,0.58672374,0.0,0.0,0.0,0.19968,0.28201905,0.26684308,0.2983608,0.5660417,0.58801144,0.0078759985
90-1,0.0012868707,0.7,0.36977854,0.1852,0.524,0.059847057,0.6364,0.56425947,0.2222,0.5726,0.0011005607,1.0,0.4083985,0.1373,0.5545,0.045998856,0.6,0.5105239,0.20143992,0.6121,0.021933645,0.0,0.4211111,0.2857143,0.6704,1.0,1.0,1.0,1.0,1.0,0.0,1.0,0.0,0.0,0.0,0.0,0.761242,1.0,0.0,0.0,0.65478,0.2860872,0.5779562,0.36016214,0.7163665,0.55585015,0.023050275
90-2,0.00127607,0.9,0.35576117,0.3714,0.5821,0.048741404,0.7273,0.6372909,0.2,0.6156,0.0011051765,1.0,0.47385755,0.1842,0.545,0.03990082,1.0,0.5575459,0.3227839,0.6488,0.021823546,0.0,0.42592594,0.41814286,0.7024,1.0,1.0,1.0,1.0,1.0,0.0,1.0,0.0,0.0,0.0,0.0,0.761242,1.0,0.0,0.0,0.59862,0.34760234,0.64530134,0.40623844,0.7880227,0.49094698,0.03430273
96-1,0.008843157,0.6,0.31314832,0.3871,0.5823,0.36104244,0.9091,0.44471642,0.41,0.5089,0.0069952914,0.8,0.5018526,0.5,0.5999,0.3748515,1.0,0.5593372,0.6218689,0.5938,0.09384357,0.0,0.55333334,0.69657147,0.5628,1.0,1.0,1.0,1.0,1.0,0.0,0.0,1.0,0.0,0.0,0.0,0.94432545,1.0,0.0,0.0,0.4333,0.24326271,0.3564536,0.4197603,0.6062083,0.5304875,0.0067075333
96-2,0.009826104,0.7,0.29240263,0.3864,0.5769,0.3706405,0.8636,0.45614037,0.4605,0.5159,0.0074754166,1.0,0.5656648,0.4853,0.5461,0.24386755,0.6,0.5817286,0.69881505,0.5943,0.10282009,0.0,0.36222222,0.5475715,0.6453,1.0,1.0,1.0,1.0,1.0,0.0,0.0,1.0,0.0,0.0,0.0,0.94432545,1.0,0.0,0.0,0.37396,0.26548028,0.31042314,0.49618787,0.5926054,0.35229084,0.012855015
richardson08a,0.0089457845,0.9,0.30417722,0.2727,0.5873,0.18727405,0.6818,0.3623011,0.2321,0.6625,0.0064656474,0.8,0.44256893,0.25,0.747,0.69020104,1.0,0.55396324,0.45717716,0.619,0.054565385,0.0,0.39111114,0.381,0.6133,1.0,1.0,1.0,1.0,1.0,0.0,0.0,1.0,0.0,0.0,0.0,0.9892933,1.0,0.0,0.0,0.48506,0.1980899,0.24850042,0.26739284,0.5515348,0.40396437,0.0056757443
richardson09a,0.011639902,0.5,0.23493133,0.2364,0.6499,0.42312592,0.3636,0.50877196,0.4792,0.6876,0.011637164,0.8,0.38534373,0.0909,0.8472,0.7846977,0.4,0.4827586,0.32428378,0.687,0.06351977,0.0,0.51629627,0.53571427,0.7651,1.0,1.0,1.0,1.0,1.0,0.0,0.0,0.0,1.0,0.0,0.0,0.65096354,1.0,0.0,0.0,0.37234,0.18631764,0.40085956,0.4485419,0.4765751,0.55976546,0.009094373
richardson11a,0.003660579,0.7,0.1729745,0.1111,0.8243,0.09611003,0.4545,0.44879642,0.5,0.8684,0.0064048693,0.6,0.26060104,0.0,1.0,0.44768056,0.4,0.3631885,0.4057297,0.641,0.04364955,0.0,0.27,0.29,0.695,1.0,1.0,1.0,1.0,1.0,0.0,0.0,1.0,0.0,0.0,0.0,0.92719483,1.0,0.0,0.0,0.04682,0.12393386,0.27624258,0.09154717,0.35317725,0.20924203,0.010451791
richardson13a,0.00040495067,0.2,0.0841043,0.0,0.5417,0.024251891,0.0,0.17666258,0.0,1.0,0.00085363473,0.4,0.24701522,0.125,1.0,0.068264686,0.0,0.22391401,0.0,0.85,0.0065626134,0.0,0.074074075,0.0,0.7083,1.0,1.0,1.0,1.0,1.0,0.0,0.0,0.0,0.0,0.0,1.0,0.34368306,1.0,0.0,0.0,0.025,0.031654574,0.056087412,0.16992567,0.0959639,0.032251615,0.050415315
richardson14a,0.0014901238,0.7,0.11746567,0.16,0.8188,0.052277923,0.5909,0.1619747,0.1316,0.7833,0.0010876587,0.8,0.10539316,0.0,0.8472,0.0,0.0,0.0,0.0,0.0,0.0,0.0,0.0,0.0,0.0,1.0,1.0,1.0,0.0,0.0,1.0,0.0,0.0,0.0,0.0,0.0,0.7344754,1.0,0.0,0.0,0.0663,0.1003588,0.116369285,0.052057993,0.0,0.0,0.045836248
richardson15a,0.0068185925,0.7,0.4365013,0.6,0.7624,0.2248879,0.5,0.32762137,0.2,0.863,0.0072805737,1.0,0.47591603,0.25,0.5086,0.5287208,0.4,0.71652484,0.6176691,0.7564,0.040251818,0.0,0.3637037,0.46585715,0.7883,1.0,1.0,1.0,1.0,1.0,0.0,0.0,1.0,0.0,0.0,0.0,0.977516,1.0,0.0,0.0,0.10632,0.40845403,0.31674746,0.38884282,0.8754193,0.3080094,0.015317115
richardson16a,0.004899826,0.7,0.23577237,0.2353,0.7823,0.24885197,0.5455,0.5609955,0.4444,0.7608,0.004333162,1.0,0.28818443,0.0,1.0,0.42917633,0.6,0.48051944,0.57687116,0.7573,0.039572615,0.0,0.35111108,0.34485716,0.7315,1.0,1.0,1.0,1.0,1.0,0.0,0.0,1.0,0.0,0.0,0.0,0.9207708,1.0,0.0,0.0,0.16038,0.20963518,0.43437725,0.12110239,0.4080705,0.3572963,0.011924302
richardson17a,0.003743654,0.5,0.17746006,0.1429,0.6842,0.078615464,0.0,0.24479803,0.1429,0.8667,0.002541352,0.0,0.25277892,0.1,1.0,0.17016608,0.0,0.17913121,0.0,0.6,0.07312772,0.0,0.18074074,0.0,0.8333,1.0,1.0,1.0,1.0,1.0,1.0,0.0,0.0,0.0,0.0,0.0,0.56102777,1.0,0.0,0.0,0.35714,0.13103126,0.16094908,0.15866306,0.17397365,0.09008521,0.020078093
richardson23a,0.0008784348,0.3,0.10737315,0.0,0.8667,0.05279257,0.1818,0.13994288,0.0714,1.0,0.003061628,0.2,0.15109098,0.0,0.75,0.0469155,0.0,0.17913121,0.0,1.0,0.01119957,0.0,0.13666667,0.04757143,0.9,1.0,1.0,1.0,1.0,1.0,1.0,0.0,0.0,0.0,0.0,0.0,0.5021413,1.0,0.0,0.0,0.0,0.05065954,0.07810293,0.042819187,0.067592114,0.09492296,0.035110846
richardson24a,0.0078041204,0.6,0.17802076,0.1905,0.4816,0.16765635,0.3182,0.29620564,0.2326,0.405,0.004074648,0.6,0.39810622,0.6667,0.6667,0.35847548,0.2,0.35109717,0.3157342,0.5169,0.011889119,0.0,0.18185185,0.3297143,0.875,1.0,1.0,1.0,1.0,1.0,1.0,0.0,0.0,0.0,0.0,0.0,0.65096354,1.0,0.0,0.0,0.36372,0.1577098,0.24603917,0.29427958,0.3464265,0.23113443,0.011849043
richardson25a,0.00024307836,0.1,0.080740124,0.0,0.9714,0.011774,0.1818,0.12239902,0.2857,0.8333,0.0,0.0,0.0,0.0,0.0,0.070318475,0.4,0.14061801,0.0,1.0,0.0057459236,0.0,0.096296296,0.0,1.0,1.0,1.0,0.0,1.0,1.0,1.0,0.0,0.0,0.0,0.0,0.0,0.41755888,1.0,0.0,0.0,0.0,0.038865462,0.047845174,0.0,0.09756077,0.030406822,0.093568414
richardson26a,0.007747452,0.7,0.2506308,0.2941,0.7701,0.3061481,0.4545,0.35495716,0.1818,0.8889,0.0067509944,0.8,0.25730753,0.125,0.9015,0.41975468,0.4,0.4872369,0.5321734,0.8055,0.0470556,0.0,0.33777776,0.47614285,0.7985,1.0,1.0,1.0,1.0,1.0,0.0,0.0,1.0,0.0,0.0,0.0,0.9036402,1.0,0.0,0.0,0.23056,0.2022715,0.22385523,0.1579455,0.5074816,0.29734054,0.012780486
richardson27a,0.0065724254,0.8,0.2265209,0.2041,0.6256,0.31810287,0.8182,0.29579765,0.172,0.6481,0.005147531,0.6,0.29147795,0.1,0.6354,0.53448945,0.2,0.2749664,0.18959051,0.6302,0.08614905,0.0,0.25444445,0.24200001,0.5909,1.0,1.0,1.0,1.0,1.0,0.0,0.0,0.0,1.0,0.0,0.0,0.7890792,1.0,0.0,0.0,0.13998,0.14796288,0.1998131,0.17895705,0.266465,0.1768356,0.006490311
richardson29a,0.0086767115,0.7,0.38912255,0.4615,0.7337,0.25807366,1.0,0.49122807,0.4694,0.7996,0.0071206815,1.0,0.35405517,0.0,0.7,0.5739104,0.6,0.43663234,0.6734663,0.7515,0.18308997,0.0,0.33703706,0.3774286,0.7676,1.0,1.0,1.0,1.0,1.0,0.0,0.0,1.0,0.0,0.0,0.0,0.9946466,1.0,0.0,0.0,0.19158,0.26807305,0.31748092,0.1685578,0.44082734,0.32009083,0.008924579
richardson30a,0.012451,0.5,0.26633027,0.3585,0.6639,0.47619063,0.2727,0.4365565,0.3258,0.7013,0.009391363,0.0,0.34993824,0.25,0.7722,0.7800263,0.2,0.56247205,0.539973,0.6719,0.05889136,0.0,0.33333334,0.61228573,0.8113,1.0,1.0,1.0,1.0,1.0,0.0,1.0,0.0,0.0,0.0,0.0,0.39186293,1.0,0.0,0.0,0.21472,0.14796288,0.27080935,0.16503718,0.5651715,0.27555135,0.0065513193
richardson33a,0.0032868204,0.8,0.25091115,0.3478,0.7904,0.10010361,0.7273,0.36311707,0.087,0.8105,0.0017548557,1.0,0.17291065,0.0,1.0,0.2789095,0.4,0.3022839,0.14999251,0.9798,0.045784082,0.0,0.33555558,0.18628572,0.8205,1.0,1.0,1.0,1.0,1.0,0.0,0.0,1.0,0.0,0.0,0.0,0.8875802,1.0,0.0,0.0,0.09564,0.18501252,0.20857693,0.065378025,0.3041645,0.31312448,0.022834279
scale01a,0.0038757455,0.4,0.19428092,0.129,0.6001,0.2117238,0.2273,0.31497347,0.1667,0.4897,0.00019946085,0.4,0.12350761,0.0,1.0,0.4652945,0.6,0.31482312,0.074996255,0.4725,0.06023235,0.0,0.25851852,0.103857145,0.5233,1.0,1.0,1.0,1.0,1.0,1.0,0.0,0.0,0.0,0.0,0.0,0.55995715,1.0,0.0,0.0,0.278,0.25327587,0.23838371,0.056060728,0.39308193,0.42730165,0.01196729
scale02a,0.0025236881,0.8,0.16624615,0.02,0.6383,0.07532347,0.5,0.33945328,0.069,0.7584,0.002612358,0.4,0.29641825,0.0,0.8056,0.22954704,0.2,0.33139274,0.0,0.8155,0.032811858,0.0,0.3677778,0.3174286,0.6859,1.0,1.0,1.0,1.0,1.0,0.0,0.0,1.0,0.0,0.0,0.0,0.7537473,1.0,0.0,0.0,0.34498,0.2235768,0.33489448,0.32185024,0.28927734,0.41589102,0.018690215
scale02b,0.0025469316,0.9,0.18194562,0.1087,0.6652,0.05850672,0.3636,0.2880457,0.0263,0.6723,0.0018935,0.8,0.20584601,0.0,0.816,0.19148754,0.4,0.28168383,0.055497225,0.7615,0.028262723,0.0,0.2974074,0.042000003,0.7213,1.0,1.0,1.0,1.0,1.0,0.0,0.0,1.0,0.0,0.0,0.0,0.83940035,1.0,0.0,0.0,0.27164,0.17579377,0.25046182,0.15705973,0.39184842,0.34216383,0.020632448
scale03a,0.0009144325,0.3,0.12783852,0.0,0.8407,0.013353964,0.0,0.15299878,0.0,1.0,0.020913208,0.2,0.19226019,0.0,0.85,0.110900894,0.2,0.23152709,0.09374531,0.5104,0.01277622,0.0,0.12518519,0.16800001,0.6984,1.0,1.0,1.0,1.0,1.0,1.0,0.0,0.0,0.0,0.0,0.0,0.2987152,1.0,0.0,0.0,0.18154,0.1040821,0.1701367,0.12076041,0.25777945,0.112558134,0.033681497
scale04a,0.0012130392,0.8,0.12223158,0.0192,0.4058,0.10721399,0.5,0.24112606,0.037,0.3658,0.00013892331,0.8,0.2745986,0.0,0.6722,0.15950648,0.4,0.23421405,0.0,0.7243,0.02461381,0.0,0.18259259,0.035714287,0.5138,1.0,1.0,1.0,1.0,1.0,0.0,0.0,0.0,1.0,0.0,0.0,0.7773019,1.0,0.0,0.0,0.37566,0.13997939,0.4643851,0.4614863,0.32856527,0.32443833,0.03878866
scale05a,0.003644464,0.6,0.40201855,0.4516,0.3612,0.097573526,0.5,0.45369238,0.2273,0.51,0.0020611717,0.6,0.2799506,0.2,0.8333,0.114382684,0.2,0.3694581,0.0,0.9583,0.021650542,0.0,0.23444444,0.1587143,0.7179,1.0,1.0,1.0,1.0,1.0,0.0,0.0,0.0,0.0,0.0,1.0,0.7815845,1.0,0.0,0.0,0.34678,0.3402692,0.3998381,0.12076041,0.29496354,0.2477827,0.019591255
scale05b,0.0033741952,0.6,0.28847772,0.1818,0.6283,0.12332003,0.4545,0.59975517,0.2857,0.44,0.00297775,0.6,0.19555372,0.0,0.85,0.18011798,0.4,0.2924317,0.25003752,0.7756,0.013218367,0.0,0.3014815,0.119,0.4921,1.0,1.0,1.0,1.0,1.0,0.0,0.0,1.0,0.0,0.0,0.0,0.77623117,1.0,0.0,0.0,0.35802,0.3247082,0.6501261,0.12535739,0.4930338,0.3662687,0.020490631
scale05c,0.0034172551,0.8,0.37202135,0.2273,0.5548,0.061737638,0.4545,0.25214198,0.1579,0.625,0.0032655199,0.8,0.356937,0.1667,0.7444,0.1571856,0.2,0.19390953,0.0,0.7667,0.024816016,0.0,0.26555556,0.17857143,0.7333,1.0,1.0,1.0,1.0,1.0,0.0,0.0,1.0,0.0,0.0,0.0,0.859743,1.0,0.0,0.0,0.45862,0.30541515,0.1977865,0.24578705,0.22453256,0.24654426,0.02162195
scale06a,0.005102216,0.9,0.21390526,0.1522,0.7234,0.1426996,0.4545,0.32027742,0.1,0.7551,0.003315484,0.8,0.19555372,0.0,0.8556,0.39398894,0.8,0.30944917,0.1579421,0.8048,0.028189186,0.0,0.2337037,0.254,0.8613,1.0,1.0,1.0,1.0,1.0,0.0,0.0,0.0,1.0,0.0,0.0,0.87901497,1.0,0.0,0.0,0.30014,0.17068678,0.28530526,0.16568187,0.35873672,0.20397857,0.010329307
scale06b,0.004389499,0.7,0.2394169,0.3462,0.7435,0.117007725,0.4545,0.3304774,0.3043,0.8516,0.00017943012,0.8,0.24001646,0.0,0.8125,0.41630682,0.6,0.3819973,0.18749063,0.7722,0.049430676,0.0,0.23444444,0.10985714,0.7781,1.0,1.0,1.0,1.0,1.0,0.0,0.0,0.0,1.0,0.0,0.0,0.8918629,1.0,0.0,0.0,0.2963,0.1821884,0.30055636,0.112121455,0.49681893,0.2372945,0.022969348
scale06c,0.004241722,0.6,0.21867117,0.05,0.7517,0.1035023,0.4545,0.2737658,0.129,0.7874,0.002919858,0.6,0.28818443,0.0,1.0,0.3743299,0.8,0.3004926,0.29998502,0.8269,0.025118377,0.0,0.25,0.31257144,0.8413,1.0,1.0,1.0,1.0,1.0,0.0,0.0,1.0,0.0,0.0,0.0,0.91970015,1.0,0.0,0.0,0.16538,0.18692873,0.20725664,0.0,0.24097432,0.25636163,0.009993575
scale06d,0.0039183395,0.7,0.2335296,0.125,0.6985,0.19137613,0.6364,0.25214198,0.0625,0.6414,0.003428872,0.4,0.21613832,0.2222,0.8636,0.40187988,0.8,0.34482756,0.33868307,0.7231,0.040668443,0.0,0.2674074,0.21428573,0.7048,1.0,1.0,1.0,1.0,1.0,0.0,1.0,0.0,0.0,0.0,0.0,0.88972163,1.0,0.0,0.0,0.18134,0.14420903,0.20421404,0.18954693,0.3275007,0.2601157,0.008193303
scale07a,0.0023894026,0.1,0.09980376,0.0,0.6786,0.0,0.0,0.0,0.0,0.0,0.0,0.0,0.0,0.0,0.0,0.21904773,0.2,0.19525303,0.0,0.4755,0.05080817,0.0,0.11111111,0.0,0.6667,1.0,0.0,0.0,1.0,1.0,1.0,0.0,0.0,0.0,0.0,0.0,0.17023554,1.0,0.0,0.0,0.30536667,0.09316537,0.0,0.0,0.29846987,0.099076964,0.011970241
scale08a,0.0028579452,0.4,0.21642838,0.2432,0.4837,0.14388612,0.5909,0.4108527,0.2955,0.5739,0.0026293956,0.2,0.21613832,0.0,0.9583,0.27230182,0.4,0.5141066,0.499925,0.7137,0.014565411,0.0,0.3540741,0.25971428,0.8833,1.0,1.0,1.0,1.0,1.0,0.0,0.0,1.0,0.0,0.0,0.0,0.9389721,1.0,0.0,0.0,0.29626,0.18639621,0.32312065,0.10487841,0.39727268,0.3694745,0.023616692
scale09a,0.0018960302,0.1,0.1670872,0.0294,0.5671,0.026794596,0.0,0.19502245,0.0,0.8571,6.711582e-05,0.4,0.15891312,0.0,0.95,0.120252304,0.0,0.17689207,0.0,0.8304,0.02262384,0.0,0.16296297,0.0,0.6067,1.0,1.0,1.0,1.0,1.0,0.0,0.0,0.0,0.0,1.0,0.0,0.21520342,1.0,0.0,0.0,0.1284,0.13572794,0.13373938,0.09190596,0.23037928,0.20579755,0.041458726
scale10a,0.0010549825,0.6,0.09643959,0.0588,0.7812,0.013020237,0.2727,0.18278255,0.1111,0.5178,0.0012653818,0.6,0.17826265,0.0,0.7889,0.15169765,0.2,0.24361844,0.0,0.6875,0.02464781,0.0,0.13814814,0.0,0.7417,1.0,1.0,1.0,1.0,1.0,1.0,0.0,0.0,0.0,0.0,0.0,0.67773014,1.0,0.0,0.0,0.2845,0.07930667,0.13883577,0.25677493,0.19764778,0.15013772,0.06631196
scale11a,0.005772309,0.5,0.29660782,0.4545,0.7955,0.08105399,0.1364,0.47939616,0.375,0.925,0.00017255965,0.4,0.6381227,0.1429,0.9444,0.71412164,0.6,0.61307657,0.66881657,0.712,0.06509498,0.0,0.62259257,0.64428574,0.8047,1.0,1.0,1.0,1.0,1.0,0.0,0.0,0.0,1.0,0.0,0.0,0.7034261,1.0,0.0,0.0,0.45806,0.21332791,0.31883925,0.33958784,0.656311,0.637608,0.032640044
scale11b,0.0085558975,0.7,0.34566864,0.3929,0.73,0.12480767,0.0455,0.3512852,0.1579,0.8718,0.0072231805,0.8,0.49403045,0.0,0.9375,0.65244853,0.6,0.5830721,0.7640618,0.7466,0.06509569,0.0,0.49592593,0.42014286,0.7573,1.0,1.0,1.0,1.0,1.0,0.0,1.0,0.0,0.0,0.0,0.0,0.60920763,1.0,0.0,0.0,0.35728,0.35229903,0.5344033,0.30015475,0.5856941,0.5122653,0.0094518345
scale12a,0.0022187147,0.8333,0.20269135,0.1538,0.5188,0.05819108,0.4545,0.27906978,0.2,0.7484,0.0024470165,0.8,0.26759982,0.0,0.9375,0.10675132,0.0,0.1630094,0.074996255,0.7182,0.025013598,0.0,0.2211111,0.068,0.869,1.0,1.0,1.0,1.0,1.0,0.0,0.0,0.0,0.0,0.0,1.0,0.57708776,1.0,0.0,0.0,0.2448,0.15075645,0.17323908,0.11471707,0.13432243,0.28509784,0.03539699
scale12b,0.0,0.0,0.0,0.0,0.0,0.18341741,0.5909,0.37005302,0.137,0.5953,0.0015749148,0.6,0.34293947,0.0,0.697,0.21055403,0.0,0.3873712,0.20683965,0.7131,0.01873294,0.0,0.26555556,0.17857143,0.9286,0.0,1.0,1.0,1.0,1.0,0.0,0.0,1.0,0.0,0.0,0.0,0.97323334,1.0,0.0,0.0,0.310675,0.0,0.266278,0.28439045,0.4057977,0.29723734,0.01585541
scale12c,0.0053603225,0.5,0.20185031,0.1905,0.8074,0.11080288,0.5909,0.3623011,0.2162,0.6567,0.0017058683,0.8,0.26759982,0.0,0.8778,0.25373143,0.6,0.3036274,0.124943756,0.8,0.027744383,0.0,0.2674074,0.51942855,0.9048,1.0,1.0,1.0,1.0,1.0,0.0,0.0,1.0,0.0,0.0,0.0,0.97323334,1.0,0.0,0.0,0.41506,0.13642633,0.32096907,0.18522464,0.22487052,0.1985087,0.022274168
scale12d,0.0041177245,0.7,0.2094197,0.1515,0.4925,0.10926108,0.3636,0.50591594,0.4375,0.7417,0.001588507,1.0,0.518732,0.0,0.6218,0.38224372,0.4,0.36632335,0.26923653,0.7381,0.027181646,0.0,0.3351852,0.19485715,0.7806,1.0,1.0,1.0,1.0,1.0,0.0,0.0,1.0,0.0,0.0,0.0,0.81691647,1.0,0.0,0.0,0.54186,0.14454514,0.41755593,0.10870736,0.4408104,0.35948294,0.016468847
scale13a,0.0022155615,0.7,0.31286797,0.0652,0.5144,0.07006634,0.2273,0.31130153,0.0,0.5253,3.4625165e-05,0.2,0.30465212,0.0,1.0,0.1693998,0.0,0.23063144,0.0,0.7028,0.023042079,0.0,0.19518518,0.0,0.5789,1.0,1.0,1.0,1.0,1.0,0.0,0.0,0.0,1.0,0.0,0.0,0.74839395,1.0,0.0,0.0,0.24092,0.3777379,0.37002587,0.2197132,0.27844572,0.24607983,0.040559378
scale14a,0.0058547645,0.6,0.47659102,0.6667,0.7483,0.17447099,0.3182,0.4353325,0.2273,0.6529,0.000256336,0.4,0.49403045,0.0,0.6806,0.4512543,0.2,0.59516346,0.40003,0.7417,0.04274082,0.0,0.6340741,0.3174286,0.7879,1.0,1.0,1.0,1.0,1.0,0.0,0.0,1.0,0.0,0.0,0.0,0.72162735,1.0,0.0,0.0,0.56444,0.39790833,0.35197663,0.35944456,0.38434565,0.614948,0.05892797
scale14c,0.0053735296,0.6,0.25483602,0.0833,0.6973,0.034381174,0.2273,0.43247655,0.1429,0.9,0.006926835,0.4,0.34993824,0.0,0.9792,0.32633308,0.2,0.38378862,0.42852858,0.7,0.032439504,0.0,0.33333334,0.23814288,0.749,1.0,1.0,1.0,1.0,1.0,0.0,0.0,1.0,0.0,0.0,0.0,0.7473233,1.0,0.0,0.0,0.41072,0.22023325,0.32728794,0.14015181,0.3562189,0.3148983,0.027101938
scale15a,0.0034755876,0.6,0.2094197,0.1667,0.7791,0.16209057,0.4091,0.25254998,0.087,0.7121,0.0018650889,0.0,0.45286125,0.3333,0.8095,0.29966623,0.4,0.28168383,0.119994,0.6584,0.030476218,0.0,0.17925927,0.0,0.7684,1.0,1.0,1.0,1.0,1.0,0.0,0.0,0.0,1.0,0.0,0.0,0.72912204,1.0,0.0,0.0,0.34462,0.2009795,0.27463433,0.36998397,0.26235032,0.14742213,0.016458157
scale15b,0.0038110297,0.6,0.22427812,0.1176,0.8279,0.1491235,0.3636,0.3341493,0.0,0.702,0.0022694652,0.6,0.2387814,0.0,0.8413,0.319999,0.4,0.28034034,0.17849109,0.6866,0.016111268,0.0,0.19037037,0.0,0.6037,1.0,1.0,1.0,1.0,1.0,1.0,0.0,0.0,0.0,0.0,0.0,0.608137,1.0,0.0,0.0,0.22936,0.30607426,0.29339537,0.2979123,0.3946788,0.19167781,0.012699764
scale15c,0.004288168,0.6,0.14437905,0.15,0.7367,0.20101899,0.6364,0.27702978,0.0,0.6518,0.003124647,0.6,0.16467682,0.0,1.0,0.2579044,0.4,0.22660097,0.074996255,0.7951,0.043492608,0.0,0.15111111,0.0,0.658,1.0,1.0,1.0,1.0,1.0,0.0,0.0,0.0,1.0,0.0,0.0,0.7280513,1.0,0.0,0.0,0.16166,0.08760007,0.2250125,0.07928108,0.25969735,0.14443564,0.013475139
scale15d,0.0028580818,0.6,0.16484442,0.2083,0.7632,0.13145964,0.5455,0.23908609,0.0714,0.7389,0.00016485695,0.8,0.14409222,0.0,0.9762,0.35523954,0.6,0.23734885,0.13634318,0.6119,0.037425805,0.0,0.24777777,0.0,0.5814,1.0,1.0,1.0,1.0,1.0,0.0,0.0,0.0,1.0,0.0,0.0,0.8179871,1.0,0.0,0.0,0.1426,0.12724686,0.27023885,0.115501925,0.2793413,0.27379686,0.011267
scale17a,0.0028667243,0.8,0.2635268,0.1591,0.4949,0.13762999,0.7273,0.376173,0.1644,0.5394,0.0018569538,1.0,0.54549193,0.25,0.6342,0.24883275,0.8,0.3855799,0.31918404,0.5452,0.021963743,0.0,0.28962964,0.18628572,0.6383,1.0,1.0,1.0,1.0,1.0,0.0,0.0,1.0,0.0,0.0,0.0,0.98072803,1.0,0.0,0.0,0.29334,0.20335403,0.29030928,0.3528238,0.3571821,0.2749708,0.013268402
scale17c,0.0023431538,0.6,0.23437063,0.25,0.549,0.102142595,0.7727,0.38270095,0.175,0.6453,0.0011928215,0.6,0.356937,0.3333,0.6339,0.18142553,0.8,0.34885803,0.24328785,0.6075,0.018679485,0.0,0.2777778,0.12985714,0.7736,1.0,1.0,1.0,1.0,1.0,0.0,0.0,1.0,0.0,0.0,0.0,0.9657387,1.0,0.0,0.0,0.15994,0.17867462,0.28256688,0.29443094,0.4404049,0.30084953,0.019401923
scale18a,0.0022799696,0.6,0.26548922,0.1875,0.6135,0.07600755,0.5455,0.38637292,0.3784,0.5745,4.5859535e-05,0.8,0.19226019,0.0,1.0,0.12521642,0.2,0.2463054,0.0,0.9444,0.016270202,0.0,0.17777778,0.0,1.0,1.0,1.0,1.0,1.0,1.0,1.0,0.0,0.0,0.0,0.0,0.0,0.6498929,1.0,0.0,0.0,0.16868,0.2036945,0.29905134,0.18498918,0.2872665,0.19394186,0.061490703
scale18b,0.0019736732,0.7,0.22624055,0.1724,0.5587,0.07201051,0.5,0.31619748,0.1739,0.6379,0.0012307875,0.6,0.14409222,0.0,1.0,0.101408586,0.0,0.20152262,0.21433929,0.9667,0.014488555,0.0,0.14481482,0.0,0.875,1.0,1.0,1.0,1.0,1.0,1.0,0.0,0.0,0.0,0.0,0.0,0.735546,1.0,0.0,0.0,0.10914,0.169888,0.3226914,0.028030364,0.1620521,0.14081056,0.027220067
scale18c,0.0018922496,0.6,0.2324082,0.0385,0.7079,0.06307735,0.5,0.29742962,0.0769,0.7019,2.1743044e-05,0.6,0.102923006,0.0,1.0,0.08702359,0.0,0.17913121,0.0,1.0,0.019071264,0.0,0.15888889,0.1587143,0.7846,1.0,1.0,1.0,1.0,1.0,1.0,0.0,0.0,0.0,0.0,0.0,0.72055674,1.0,0.0,0.0,0.08462,0.16211839,0.26683763,0.04648556,0.16179016,0.15917462,0.078647986
scale18d,0.0018949924,0.8,0.21334457,0.1724,0.5974,0.06384369,0.6364,0.25295797,0.0,0.8325,0.0011834728,0.8,0.102923006,0.0,1.0,0.14141557,0.4,0.15808329,0.0,0.9509,0.0120908385,0.0,0.16888888,0.0,0.9625,1.0,1.0,1.0,1.0,1.0,0.0,0.0,0.0,1.0,0.0,0.0,0.83725905,1.0,0.0,0.0,0.05236,0.22850484,0.24188818,0.0549283,0.15267369,0.14081056,0.025880525
scale19a,0.0030357717,0.4,0.14550044,0.1071,0.6816,0.018636359,0.1818,0.101999186,0.0,1.0,0.0025897303,0.6,0.28818443,0.0,0.75,0.2535299,0.4,0.3631885,0.5453727,0.8,0.044125784,0.0,0.18925926,0.08157143,0.6227,1.0,1.0,1.0,1.0,1.0,0.0,0.0,0.0,0.0,0.0,1.0,0.7237687,1.0,0.0,0.0,0.17828,0.16792813,0.060064547,0.16992567,0.4820078,0.2802601,0.020692667
scale22a,0.0076419017,0.9,0.34622937,0.2174,0.7082,0.2657699,0.8636,0.54385966,0.2571,0.698,0.004167143,1.0,0.2778921,0.0,0.7083,0.65453213,0.4,0.5284371,0.31348434,0.7031,0.062044647,0.0,0.4262963,0.25057143,0.699,1.0,1.0,1.0,1.0,1.0,0.0,0.0,1.0,0.0,0.0,0.0,0.9657387,1.0,0.0,0.0,0.50354,0.20932527,0.49171975,0.17504962,0.53956246,0.45699248,0.007089788
scale23a,0.0076740677,0.9,0.34847215,0.3514,0.7178,0.22905025,0.6818,0.501428,0.3824,0.682,0.008011512,1.0,0.27624536,0.1429,0.8909,0.59430414,0.6,0.48320645,0.41172943,0.7282,0.063718505,0.0,0.41592592,0.379,0.7777,1.0,1.0,1.0,1.0,1.0,0.0,0.0,0.0,1.0,0.0,0.0,0.6884368,1.0,0.0,0.0,0.1907,0.26081416,0.3625117,0.19812422,0.62210935,0.39106372,0.010677686
scale24a,0.0028032558,0.5,0.3299692,0.2,0.5775,0.0,0.0,0.0,0.0,0.0,0.0,0.0,0.0,0.0,0.0,0.6734435,0.2,0.5400806,0.46872658,0.4961,0.039630536,0.0,0.3314815,0.12985714,0.6662,1.0,0.0,0.0,1.0,1.0,0.0,1.0,0.0,0.0,0.0,0.0,0.42826554,1.0,0.0,0.0,0.50196666,0.29383495,0.0,0.0,0.53628427,0.310138,0.022194354
scale25a,0.005941374,0.5,0.39865437,0.5185,0.5597,0.13988347,0.5,0.45899633,0.2609,0.6159,0.007891525,0.4,0.46315354,0.6,0.9524,0.6483059,0.2,0.40304524,0.53562325,0.503,0.044357512,0.0,0.4666667,0.61228573,0.8167,1.0,1.0,1.0,1.0,1.0,1.0,0.0,0.0,0.0,0.0,0.0,0.4550321,1.0,0.0,0.0,0.40946,0.3102035,0.30602223,0.36914867,0.34420443,0.5731886,0.01974788
scale26a,0.0024219977,0.6,0.19540231,0.0606,0.5298,0.035113942,0.4091,0.16891064,0.0,0.7198,0.0027098272,0.6,0.22643062,0.0,0.7245,0.18540607,0.2,0.24496192,0.0,0.5379,0.02921767,0.0,0.20222223,0.033285715,0.549,1.0,1.0,1.0,1.0,1.0,1.0,0.0,0.0,0.0,0.0,0.0,0.69164884,1.0,0.0,0.0,0.23686,0.31605688,0.1390368,0.23461975,0.4172715,0.16666345,0.016697312
scale27a,0.002324888,0.1,0.27193722,0.0357,0.0657,0.0012423829,0.0,0.12239902,0.0,1.0,0.001136154,0.2,0.20584601,0.0,0.6875,0.044121757,0.0,0.1630094,0.0,0.5,0.003903515,0.0,0.0925926,0.0,0.6667,1.0,1.0,1.0,1.0,1.0,1.0,0.0,0.0,0.0,0.0,0.0,0.4614561,1.0,0.0,0.0,0.30178,0.34531948,0.102449305,0.08969717,0.34600404,0.07013436,0.0341806
scale28a,0.0009059796,0.5,0.15643398,0.0,0.5216,0.035536267,0.0909,0.17666258,0.0,0.6667,4.8258407e-05,0.6,0.14409222,0.0,0.8,0.11954484,0.2,0.18316168,0.0,0.7714,0.017701203,0.0,0.15444444,0.0,0.8182,1.0,1.0,1.0,1.0,1.0,1.0,0.0,0.0,0.0,0.0,0.0,0.49250534,1.0,0.0,0.0,0.22228,0.13132808,0.086643994,0.100287035,0.110682085,0.16125807,0.052707005
scale30a,0.0052322354,0.8,0.2335296,0.0282,0.5303,0.12189964,0.5455,0.42023665,0.0851,0.5264,0.0040854146,0.6,0.4392754,0.0,0.881,0.5419489,0.8,0.40483654,0.21058948,0.5798,0.055694684,0.0,0.3014815,0.16171429,0.5508,1.0,1.0,1.0,1.0,1.0,0.0,0.0,1.0,0.0,0.0,0.0,0.73126334,1.0,0.0,0.0,0.47288,0.2796969,0.49165997,0.09154717,0.3915273,0.33331397,0.012706716
scale30b,0.0036255869,0.7,0.32436222,0.1081,0.3832,0.19656065,0.5455,0.43778047,0.0638,0.5436,5.8612248e-05,0.6,0.26759982,0.0,1.0,0.4056977,0.4,0.3725929,0.0340483,0.543,0.04664665,0.0,0.31888887,0.19300002,0.6214,1.0,1.0,1.0,1.0,1.0,0.0,0.0,1.0,0.0,0.0,0.0,0.7569593,1.0,0.0,0.0,0.33848,0.40154868,0.42675984,0.16818218,0.4213777,0.38545194,0.030240322
scale31a,0.0065726223,0.6,0.2758621,0.2812,0.5911,0.5416862,0.1818,0.6682986,0.2903,0.5545,0.0071923835,0.6,0.3412927,0.1429,0.6843,0.44704574,0.2,0.520824,0.39283037,0.5893,0.10833313,0.0,0.36592594,0.37714288,0.5459,1.0,1.0,1.0,1.0,1.0,1.0,0.0,0.0,0.0,0.0,0.0,0.5492505,1.0,0.0,0.0,0.37744,0.26720878,0.5657803,0.35409638,0.55164456,0.37986597,0.009898135
scale32a,0.0044848067,0.8,0.31202695,0.3,0.5356,0.25211766,0.5909,0.45369238,0.25,0.6981,0.0043765847,1.0,0.28818443,0.1111,0.8667,0.397359,0.2,0.50111955,0.45447728,0.7502,0.04628918,0.0,0.37888888,0.32742858,0.7478,1.0,1.0,1.0,1.0,1.0,0.0,0.0,1.0,0.0,0.0,0.0,0.8843683,1.0,0.0,0.0,0.3261,0.307148,0.3197466,0.19776542,0.57036763,0.34742084,0.011306222
scale33a,0.0018029233,0.8,0.19400057,0.1702,0.6983,0.073324054,0.5,0.2248062,0.05,0.7419,0.0012963697,0.6,0.1292713,0.0,0.9792,0.19066599,0.8,0.2561576,0.21433929,0.8411,0.016756,0.0,0.1537037,0.126,0.7791,1.0,1.0,1.0,1.0,1.0,1.0,0.0,0.0,0.0,0.0,0.0,0.7591006,1.0,0.0,0.0,0.12474,0.21660599,0.18725143,0.0784682,0.28729182,0.13285731,0.017804652
scale34a,0.002768323,0.6,0.30698067,0.6053,0.5034,0.026841741,0.3636,0.42023665,0.4,0.719,0.0019095828,0.8,0.47344583,0.0,0.6797,0.0,0.0,0.0,0.0,0.0,0.041583735,0.0,0.30444446,0.53571427,0.6798,1.0,1.0,1.0,0.0,1.0,0.0,0.0,1.0,0.0,0.0,0.0,0.94432545,1.0,0.0,0.0,0.30695,0.28466418,0.31548148,0.55189544,0.0,0.24297076,0.03381963
scale35a,0.0012528731,0.5,0.21867117,0.16,0.519,0.049027316,0.1818,0.08159935,0.0,1.0,0.0011154138,0.6,0.12350761,0.0,0.746,0.09911291,0.8,0.23287056,0.19994001,0.8042,0.010553045,0.0,0.16444445,0.0,0.873,1.0,1.0,1.0,1.0,1.0,0.0,0.0,1.0,0.0,0.0,0.0,0.8982869,1.0,0.0,0.0,0.09166,0.21713416,0.02173299,0.098851874,0.2801693,0.1685534,0.054340377
scale36a,0.0016300929,0.6,0.15419121,0.0238,0.5232,0.121001765,0.5,0.22603019,0.0,0.4749,0.0013778968,0.6,0.24701522,0.0,0.7857,0.20177028,0.2,0.30138826,0.053547323,0.6477,0.0178521,0.0,0.22222222,0.062142856,0.5452,1.0,1.0,1.0,1.0,1.0,1.0,0.0,0.0,0.0,0.0,0.0,0.7077088,1.0,0.0,0.0,0.28144,0.14670141,0.2160096,0.15616837,0.40415016,0.22502597,0.019692594
scale38a,0.0039985063,0.6,0.23689376,0.3667,0.5995,0.27852347,0.5455,0.25499797,0.0806,0.5183,0.0023962068,0.2,0.356937,0.0,0.9091,0.32317895,0.0,0.3739364,0.22063898,0.7063,0.019809375,0.0,0.20814815,0.15042858,0.8392,1.0,1.0,1.0,1.0,1.0,0.0,1.0,0.0,0.0,0.0,0.0,0.6809421,1.0,0.0,0.0,0.45062,0.1782294,0.187083,0.059828006,0.4215129,0.21653089,0.009880788
tap01a,0.003200829,0.6,0.2671713,0.1875,0.8327,0.045963217,0.5455,0.34394127,0.125,0.986,3.1516025e-05,0.4,0.41169202,0.0,0.9,0.27257675,0.2,0.41782355,0.08819559,0.9263,0.023957836,0.0,0.27148148,0.09528571,0.9373,1.0,1.0,1.0,1.0,1.0,0.0,0.0,1.0,0.0,0.0,0.0,0.996788,1.0,0.0,0.0,0.19798,0.24350278,0.20101385,0.36439472,0.4191894,0.23061195,0.074825026
tap02a,0.0036202194,0.5,0.27193722,0.3514,0.5897,0.14939123,0.4545,0.59404325,0.2286,0.7163,0.0025900118,0.4,0.3417044,0.1,0.8857,0.29742023,0.6,0.37348858,0.21433929,0.7139,0.013861206,0.0,0.28185186,0.068,0.7,1.0,1.0,1.0,1.0,1.0,0.0,0.0,0.0,1.0,0.0,0.0,0.65738755,1.0,0.0,0.0,0.4125,0.29653686,0.40955275,0.24236175,0.45094082,0.29288337,0.015787538
tap03a,0.0013413606,0.3,0.08718812,0.0,0.5873,0.014590347,0.0,0.12239902,0.0,1.0,0.0015188289,0.4,0.3157678,0.0,0.6333,0.11238561,0.0,0.32825795,0.25003752,0.95,0.011395361,0.0,0.09888889,0.0,1.0,1.0,1.0,1.0,1.0,1.0,0.0,0.0,0.0,0.0,1.0,0.0,0.32869378,1.0,0.0,0.0,0.16166,0.11473692,0.05390868,0.27968138,0.42642173,0.07740388,0.03643219
tap04a,0.0052713393,0.7,0.30726102,0.4074,0.6661,0.09881001,0.4545,0.5760914,0.2222,0.7412,0.006814395,0.6,0.51461506,0.0,0.8667,0.3401241,0.8,0.5423197,0.59997004,0.9154,0.031905342,0.0,0.36666664,0.35714287,0.8137,1.0,1.0,1.0,1.0,1.0,0.0,0.0,1.0,0.0,0.0,0.0,0.974304,1.0,0.0,0.0,0.38778,0.18430977,0.2840556,0.056060728,0.6365403,0.3007721,0.018507922
tap05a,0.001714293,0.7,0.15559295,0.129,0.7537,0.09992475,0.6818,0.2729498,0.069,0.7825,0.001999921,1.0,0.356937,0.1667,0.6573,0.27610144,0.6,0.3622929,0.119994,0.7672,0.026565444,0.0,0.28444445,0.136,0.8462,1.0,1.0,1.0,1.0,1.0,0.0,0.0,1.0,0.0,0.0,0.0,0.8479657,1.0,0.0,0.0,0.26246,0.16081327,0.21597157,0.38704887,0.43994862,0.2591417,0.018865265
tap06a,0.0021489598,0.1,0.11213906,0.0,0.75,0.11195748,0.0455,0.18563852,0.0435,0.5444,0.025362829,0.0,0.16467682,0.0,1.0,0.22041574,0.0,0.21047917,0.0,0.7333,0.02421475,0.0,0.18148148,0.0,0.7,1.0,1.0,1.0,1.0,1.0,1.0,0.0,0.0,0.0,0.0,0.0,0.40685225,1.0,0.0,0.0,0.08164,0.08161572,0.15092474,0.06865757,0.29181206,0.16997245,0.026095878
tap07a,0.0022114976,0.7,0.24222039,0.4,0.5482,0.11041894,0.6818,0.3504692,0.1525,0.5615,0.0015373747,0.6,0.28118566,0.0,0.7778,0.24453999,1.0,0.2875056,0.13634318,0.6505,0.0083833905,0.0,0.20814815,0.0,0.7727,1.0,1.0,1.0,1.0,1.0,0.0,0.0,0.0,1.0,0.0,0.0,0.84689504,1.0,0.0,0.0,0.1642,0.16356319,0.36949885,0.21892275,0.2679267,0.15409178,0.015002934
tap08a,0.0077701,0.2,0.35351837,0.3333,0.5844,0.13460402,0.0455,0.53937167,0.3077,0.7083,0.011743079,0.4,0.49403045,0.3333,1.0,0.52174455,0.4,0.6403941,0.59997004,0.739,0.07366781,0.0,0.47740743,0.43471432,0.6336,1.0,1.0,1.0,1.0,1.0,0.0,0.0,1.0,0.0,0.0,0.0,0.73340464,1.0,0.0,0.0,0.18878,0.23364674,0.5392933,0.24221037,0.52689743,0.5337062,0.020184746
tap09a,0.0008220833,0.6,0.15363051,0.0286,0.6247,0.114996165,0.3636,0.30191758,0.2414,0.6644,0.0016769908,0.6,0.24701522,0.0,0.6964,0.30449712,0.2,0.40976262,0.31918404,0.5875,0.016762527,0.0,0.25333333,0.10985714,0.7762,1.0,1.0,1.0,1.0,1.0,0.0,0.0,0.0,0.0,1.0,0.0,0.21734475,1.0,0.0,0.0,0.30488,0.15936847,0.251994,0.23712006,0.60154444,0.30364248,0.031497743
tap10a,0.013158805,0.8,0.4746286,0.5714,0.7051,0.44482023,0.5455,0.7168503,0.4138,0.6591,0.0,0.0,0.0,0.0,0.0,0.978726,0.8,0.62875056,0.5956202,0.6846,0.10649259,0.0,0.43407407,0.5041429,0.6496,1.0,1.0,0.0,1.0,1.0,0.0,0.0,0.0,1.0,0.0,0.0,0.7237687,1.0,0.0,0.0,0.435125,0.40444267,0.5687197,0.0,0.5595951,0.442447,0.0058442825
tap11a,0.0018587138,0.4,0.14157557,0.05,0.7316,0.07825881,0.2273,0.40799674,0.0,0.5714,0.001779449,0.4,0.19226019,0.0,1.0,0.13984759,0.8,0.4200627,0.14069296,0.5746,0.0097105,0.0,0.31333333,0.0,0.6116,1.0,1.0,1.0,1.0,1.0,1.0,0.0,0.0,0.0,0.0,0.0,0.6199143,1.0,0.0,0.0,0.19926,0.14573675,0.4316389,0.10570811,0.5522698,0.37572488,0.016814478
tap12a,0.0042737443,0.7,0.21614805,0.0,0.7305,0.116870806,0.3182,0.3117095,0.0435,0.7852,0.0065998696,0.6,0.21613832,0.0,0.9167,0.42584875,0.2,0.37841466,0.06254688,0.7483,0.040668875,0.0,0.2662963,0.20414287,0.8612,1.0,1.0,1.0,1.0,1.0,0.0,0.0,0.0,1.0,0.0,0.0,0.83832973,1.0,0.0,0.0,0.19768,0.21687226,0.2944983,0.07282288,0.3619727,0.2736614,0.012296162
tap13a,0.0030311365,0.3,0.13961314,0.0145,0.5709,0.14180607,0.3182,0.26968583,0.1277,0.5487,0.00025229616,0.2,0.19390695,0.0,0.7556,0.28827363,0.0,0.19704433,0.0,1.0,0.03310335,0.0,0.18333332,0.0,0.8348,1.0,1.0,1.0,1.0,1.0,1.0,0.0,0.0,0.0,0.0,0.0,0.4732334,1.0,0.0,0.0,0.19114,0.13673188,0.18627888,0.15558533,0.16671595,0.1905361,0.026432808
tap14a,0.0016130685,0.8,0.124194,0.0882,0.7549,0.051418435,0.0,0.26927784,0.1333,0.9524,0.0016587969,0.4,0.2387814,0.2,0.7667,0.13654527,0.4,0.18271384,0.08819559,0.781,0.019902939,0.0,0.14703704,0.0,0.6429,1.0,1.0,1.0,1.0,1.0,1.0,0.0,0.0,0.0,0.0,0.0,0.64239824,1.0,0.0,0.0,0.11174,0.07629923,0.13811858,0.12585633,0.17720118,0.14617722,0.024053853
tap15a,0.0055587133,0.5,0.30305582,0.2703,0.6197,0.18568246,0.3182,0.37086904,0.1935,0.6683,0.00790449,0.8,0.30300534,0.1429,0.7485,0.4272563,0.8,0.34124494,0.29998502,0.6919,0.028883772,0.0,0.25925925,0.24628572,0.7019,1.0,1.0,1.0,1.0,1.0,0.0,0.0,0.0,1.0,0.0,0.0,0.76338327,1.0,0.0,0.0,0.33532,0.3033418,0.31607917,0.21162364,0.32083443,0.2625733,0.014565132
tap16a,0.0009227795,0.4,0.110737324,0.0,0.7604,0.004993556,0.4091,0.1872705,0.12,0.7909,0.013245032,0.4,0.16467682,0.0,1.0,0.086664304,0.2,0.1885356,0.1579421,0.9091,0.008465159,0.0,0.19444445,0.049285714,0.7647,1.0,1.0,1.0,1.0,1.0,1.0,0.0,0.0,0.0,0.0,0.0,0.60492504,1.0,0.0,0.0,0.01524,0.101327814,0.1319464,0.10570811,0.22656877,0.27077168,0.06824339
tap17a,0.0020442256,0.3,0.19624336,0.0526,0.6722,0.060291495,0.1818,0.24194206,0.0,0.7917,4.0869865e-05,0.4,0.18526141,0.0,1.0,0.12888512,0.2,0.19211823,0.0,0.3571,0.013808639,0.0,0.2037037,0.08928572,0.7641,1.0,1.0,1.0,1.0,1.0,1.0,0.0,0.0,0.0,0.0,0.0,0.6349036,1.0,0.0,0.0,0.18056,0.17933811,0.21198356,0.08409109,0.22593509,0.20333998,0.021844283
tap18a,0.004312095,0.8,0.27081582,0.2188,0.6325,0.14901686,0.7727,0.4647083,0.1176,0.7027,0.002247069,0.8,0.30177027,0.0,0.9375,0.46215278,0.8,0.38378862,0.21613918,0.67,0.024667544,0.0,0.27148148,0.17142858,0.65,1.0,1.0,1.0,1.0,1.0,0.0,0.0,1.0,0.0,0.0,0.0,0.9646681,1.0,0.0,0.0,0.25992,0.28855774,0.5355226,0.25209948,0.47469097,0.3398546,0.008912869
tap19a,0.0025655522,0.9,0.18727222,0.1111,0.5017,0.1292827,0.5455,0.36515707,0.1538,0.572,0.00021891337,0.6,0.24701522,0.0,0.7083,0.21784474,0.6,0.25974026,0.107094646,0.677,0.031838577,0.0,0.33703706,0.30614287,0.75,1.0,1.0,1.0,1.0,1.0,1.0,0.0,0.0,0.0,0.0,0.0,0.63383293,1.0,0.0,0.0,0.36452,0.20455875,0.37791494,0.21578896,0.46750084,0.47469217,0.025782136
thompson01a,0.0039724824,0.9,0.44266894,0.3824,0.5951,0.15844834,0.8182,0.7241942,0.3947,0.6011,0.004208842,1.0,0.9880609,0.2,0.7042,0.5105308,0.8,0.6417376,0.42852858,0.6527,0.034071147,0.0,0.44814816,0.45457143,0.6692,1.0,1.0,1.0,1.0,1.0,0.0,0.0,1.0,0.0,0.0,0.0,0.993576,1.0,0.0,0.0,0.6682,0.48557386,0.46503708,0.46553952,0.6442458,0.56859595,0.019796856
thompson02a,0.0023867022,0.5,0.23380995,0.0333,0.5638,0.07348728,0.5455,0.29620564,0.0714,0.4786,0.0017403448,0.4,0.32935363,0.0,0.7619,0.24880977,0.2,0.20555307,0.07139643,0.9216,0.015954051,0.0,0.11481481,0.0,0.8444,1.0,1.0,1.0,1.0,1.0,0.0,0.0,1.0,0.0,0.0,0.0,0.92398286,1.0,0.0,0.0,0.17712,0.17163834,0.26464805,0.16780658,0.16792415,0.08526682,0.023464568
thompson03a,0.0032336283,1.0,0.26633027,0.1389,0.5771,0.14304295,0.6364,0.39167687,0.1111,0.5244,0.00011569172,0.6,0.37875667,0.2,0.6288,0.4262479,0.6,0.46350202,0.21058948,0.6319,0.030824922,0.0,0.33777776,0.18800001,0.5896,1.0,1.0,1.0,1.0,1.0,0.0,1.0,0.0,0.0,0.0,0.0,0.77516055,1.0,0.0,0.0,0.48194,0.45538592,0.37295437,0.24203658,0.5298799,0.43073967,0.026410611
thompson04a,0.0045513147,0.6,0.2865153,0.3649,0.5063,0.12659074,0.4091,0.42023665,0.2549,0.5991,0.0033415859,0.6,0.41992587,0.1333,0.5373,0.3842267,0.2,0.3452754,0.3679316,0.5131,0.040064465,0.0,0.26333335,0.2267143,0.6123,1.0,1.0,1.0,1.0,1.0,0.0,0.0,1.0,0.0,0.0,0.0,0.7944325,1.0,0.0,0.0,0.3822,0.21302675,0.39162847,0.39757147,0.29561412,0.25224632,0.019833447
thompson05a,0.0043802564,0.4,0.28202975,0.3393,0.6412,0.16862002,0.5,0.4463484,0.2603,0.7211,0.0016140449,0.6,0.23342939,0.0,0.6714,0.58372617,0.8,0.36497983,0.32023397,0.6178,0.037103698,0.0,0.33666667,0.42857146,0.6574,1.0,1.0,1.0,1.0,1.0,0.0,1.0,0.0,0.0,0.0,0.0,0.62419695,1.0,0.0,0.0,0.27112,0.2322194,0.3260057,0.23703036,0.37840602,0.30619684,0.01656455
thompson06a,0.0038131862,0.9,0.34034207,0.4545,0.5913,0.17348166,0.7727,0.4847001,0.2727,0.6832,0.0045755035,0.8,0.5524907,0.0833,0.651,0.32931367,0.8,0.55351543,0.4838758,0.6869,0.023108356,0.0,0.2962963,0.40814286,0.8764,1.0,1.0,1.0,1.0,1.0,0.0,0.0,1.0,0.0,0.0,0.0,0.9785867,1.0,0.0,0.0,0.29174,0.18811163,0.3894606,0.37916112,0.6839984,0.31215692,0.013949709
thompson07a,0.0046287477,0.9,0.27614245,0.303,0.7058,0.17710131,0.8182,0.4647083,0.0882,0.6886,0.003986494,0.8,0.31288594,0.0,0.899,0.29116875,0.8,0.3067622,0.09089546,0.8143,0.012393812,0.0,0.2111111,0.10985714,0.7417,1.0,1.0,1.0,1.0,1.0,0.0,0.0,1.0,0.0,0.0,0.0,0.99785864,1.0,0.0,0.0,0.23848,0.27605215,0.41666487,0.15291125,0.35853395,0.23650755,0.011077961
thompson07b,0.0044907285,0.8,0.27418,0.2439,0.72,0.16079631,0.8636,0.47082824,0.1,0.6963,0.003987375,0.8,0.32935363,0.0,0.7197,0.2936449,0.6,0.39543214,0.119994,0.8587,0.030442655,0.0,0.30851853,0.2747143,0.6724,1.0,1.0,1.0,1.0,1.0,0.0,0.0,1.0,0.0,0.0,0.0,0.9496788,1.0,0.0,0.0,0.36518,0.24379523,0.38793385,0.14504592,0.42273796,0.39345682,0.010360936
thompson07c,0.005010795,1.0,0.26380715,0.0811,0.6852,0.1720729,0.9091,0.47123623,0.1273,0.6394,0.0035042274,0.8,0.26060104,0.0,0.7677,0.2690948,0.6,0.40618,0.12854357,0.6645,0.029242745,0.0,0.34407407,0.13828571,0.6025,1.0,1.0,1.0,1.0,1.0,0.0,0.0,1.0,0.0,0.0,0.0,0.99036396,1.0,0.0,0.0,0.38936,0.24849626,0.38008282,0.18803328,0.49955642,0.38356844,0.007573149
thompson08a,0.00399894,0.9,0.3324923,0.3061,0.7219,0.22004004,0.8182,0.46838024,0.1778,0.6453,0.002038529,0.6,0.29312474,0.2,0.75,0.39825633,1.0,0.44066277,0.23533824,0.6892,0.013612625,0.0,0.33333334,0.114285715,0.7291,1.0,1.0,1.0,1.0,1.0,0.0,0.0,1.0,0.0,0.0,0.0,0.85331905,1.0,0.0,0.0,0.43472,0.29022515,0.38054463,0.2665071,0.5370278,0.48466438,0.009240308
thompson09a,0.00316665,0.7,0.32380155,0.35,0.7544,0.1109931,0.5909,0.30273357,0.1429,0.8655,0.00022000741,0.6,0.22643062,0.0,1.0,0.2240464,0.8,0.24809672,0.07889605,0.8325,0.017001387,0.0,0.27,0.18628572,0.8954,1.0,1.0,1.0,1.0,1.0,0.0,0.0,0.0,0.0,0.0,1.0,0.84689504,1.0,0.0,0.0,0.14906,0.23142497,0.18916936,0.18895268,0.28626105,0.30882213,0.028144823
thompson10a,0.006764336,0.8,0.35548082,0.5294,0.7171,0.2715821,0.8182,0.65524274,0.7755,0.6939,0.004751013,1.0,0.38163853,0.3636,0.7572,0.5493976,0.8,0.65114194,0.80770963,0.7935,0.037159715,0.0,0.5596296,0.64285713,0.71,1.0,1.0,1.0,1.0,1.0,0.0,0.0,1.0,0.0,0.0,0.0,0.9689507,1.0,0.0,0.0,0.39176,0.30343348,0.4574631,0.12273935,0.7233962,0.5063697,0.01169791
thompson11a,0.004047603,0.9,0.39108497,0.3523,0.6097,0.21185862,0.6818,0.73398614,0.5,0.6565,0.003105301,1.0,0.5430218,0.3684,0.5202,0.4976368,0.6,0.55217195,0.5161242,0.6476,0.07225186,0.0,0.45407408,0.424,0.6491,1.0,1.0,1.0,1.0,1.0,0.0,0.0,1.0,0.0,0.0,0.0,0.869379,1.0,0.0,0.0,0.64832,0.47055408,0.65120184,0.46467617,0.7249761,0.5565339,0.011624461
thompson12a,0.003294667,0.7,0.23184752,0.1364,0.53,0.09354699,0.8636,0.5136679,0.2381,0.5483,0.00022356304,0.6,0.24001646,0.1667,0.7667,0.1906446,0.4,0.4075235,0.21433929,0.9255,0.010292075,0.0,0.1962963,0.10985714,0.9643,1.0,1.0,1.0,1.0,1.0,0.0,0.0,1.0,0.0,0.0,0.0,0.90792286,1.0,0.0,0.0,0.13206,0.19718198,0.46665615,0.07704987,0.5526247,0.17612606,0.028127652
thompson13a,0.009190553,0.6,0.36024675,0.5366,0.7083,0.28153613,0.4091,0.5585475,0.5517,0.68,0.007954051,0.6,0.64923835,0.3077,0.6192,0.79831654,1.0,0.71473354,0.7499625,0.7907,0.22207762,0.0,0.50074077,0.43185717,0.7187,1.0,1.0,1.0,1.0,1.0,0.0,0.0,1.0,0.0,0.0,0.0,0.9475374,1.0,0.0,0.0,0.484,0.31785962,0.40576577,0.4498537,0.7007021,0.5293264,0.016242744
thompson14a,0.006056999,0.8,0.30557892,0.45,0.7755,0.10610196,0.0455,0.71807426,0.4286,0.9556,0.0041077635,1.0,0.4446274,0.0,0.9242,0.2595268,0.6,0.4621585,0.29998502,0.8428,0.033089783,0.0,0.4488889,0.38457143,0.7655,1.0,1.0,1.0,1.0,1.0,0.0,0.0,1.0,0.0,0.0,0.0,0.96252674,1.0,0.0,0.0,0.40516,0.20547538,0.41115555,0.20795166,0.62357104,0.5282879,0.013610911
tucson02a,0.0021547182,0.6,0.16484442,0.0444,0.5666,0.070228055,0.2727,0.3263974,0.2857,0.6384,0.002183472,0.6,0.17496912,0.2,1.0,0.3353889,0.2,0.27675772,0.25003752,0.6339,0.03071114,0.0,0.21518518,0.23814288,0.7846,1.0,1.0,1.0,1.0,1.0,1.0,0.0,0.0,0.0,0.0,0.0,0.41327623,1.0,0.0,0.0,0.3424,0.16186087,0.23249952,0.08239245,0.34477046,0.2304636,0.018752243
tucson03a,0.009238584,0.5,0.53602475,0.68,0.66,0.3458995,0.2273,0.5887393,0.5357,0.6107,0.0030615432,0.2,0.36558253,0.375,0.9636,0.71282434,0.2,0.46350202,0.6817159,0.633,0.0922072,0.0,0.38666666,0.67857146,0.552,1.0,1.0,1.0,1.0,1.0,0.0,1.0,0.0,0.0,0.0,0.0,0.3672377,1.0,0.0,0.0,0.33612,0.528215,0.5107632,0.23409837,0.50629026,0.30451977,0.011165311
tucson06a,0.004186753,0.8,0.23969725,0.075,0.6451,0.074289665,0.5,0.35536516,0.05,0.6609,0.0028091269,0.6,0.20584601,0.0,0.9286,0.30687183,0.6,0.335871,0.239988,0.6262,0.019162463,0.0,0.1851852,0.15042858,0.6978,1.0,1.0,1.0,1.0,1.0,0.0,0.0,1.0,0.0,0.0,0.0,0.9571734,1.0,0.0,0.0,0.1821,0.17350216,0.22565904,0.13507831,0.39924973,0.15091176,0.017587956
tucson07a,0.005717059,0.8,0.40510234,0.4894,0.6058,0.22533396,0.6364,0.4292126,0.3269,0.549,0.0050412733,0.8,0.4664471,0.0,0.7056,0.5078402,0.4,0.5763547,0.46152693,0.7966,0.05444308,0.0,0.40592593,0.35714287,0.738,1.0,1.0,1.0,1.0,1.0,0.0,0.0,1.0,0.0,0.0,0.0,0.78265524,1.0,0.0,0.0,0.33202,0.46230435,0.3833808,0.30946642,0.5620622,0.53498334,0.011888906
tucson08a,0.0020022374,0.6,0.18727222,0.1071,0.7464,0.042620208,0.5455,0.33251733,0.1429,0.7917,0.0017602541,0.8,0.46315354,0.1667,0.9,0.19373617,0.4,0.25526196,0.09089546,0.6667,0.017493997,0.0,0.25481483,0.09857143,0.6511,1.0,1.0,1.0,1.0,1.0,0.0,0.0,0.0,1.0,0.0,0.0,0.7837259,1.0,0.0,0.0,0.19734,0.21093155,0.34178385,0.2979684,0.32515186,0.3629403,0.019966124
tucson08b,0.0048804968,0.7,0.28567424,0.2593,0.7288,0.17804113,0.8182,0.3627091,0.2927,0.6872,0.0068544466,0.8,0.31123918,0.0,0.8864,0.40729842,1.0,0.3752799,0.40242988,0.743,0.029933313,0.0,0.21666667,0.22314288,0.775,1.0,1.0,1.0,1.0,1.0,0.0,0.0,1.0,0.0,0.0,0.0,0.8982869,1.0,0.0,0.0,0.32612,0.20067395,0.31338426,0.13417575,0.37959734,0.18446635,0.010165734
tucson09a,0.0016442063,0.2,0.10961594,0.0,0.4712,0.042149026,0.1364,0.21746226,0.0714,0.6625,2.4227284e-05,0.6,0.14409222,0.0,1.0,0.25014117,0.2,0.1983878,0.0,0.5879,0.018487599,0.0,0.11111111,0.0,0.6607,1.0,1.0,1.0,1.0,1.0,1.0,0.0,0.0,0.0,0.0,0.0,0.55139184,1.0,0.0,0.0,0.15338,0.1459812,0.17146242,0.100090824,0.20444079,0.099076964,0.022455586
tucson10a,0.0016604144,0.9,0.18054388,0.0851,0.5822,0.04045953,0.2727,0.374541,0.0,0.6979,0.003148706,0.6,0.26060104,0.0,0.7714,0.13237652,0.6,0.22839229,0.0,0.8384,0.0136874365,0.0,0.26555556,0.20414287,0.925,1.0,1.0,1.0,1.0,1.0,0.0,0.0,1.0,0.0,0.0,0.0,0.8233404,1.0,0.0,0.0,0.12836,0.16080454,0.27511248,0.21683168,0.1649163,0.338571,0.04290685
tucson11a,0.005769356,0.5,0.5657416,0.3529,0.653,0.07987863,0.0909,0.4463484,0.2,0.7684,0.002709684,0.4,0.47591603,0.1111,0.8375,0.42047837,0.0,0.4455889,0.239988,0.6923,0.038628343,0.0,0.41740742,0.17857143,0.6954,1.0,1.0,1.0,1.0,1.0,0.0,0.0,0.0,1.0,0.0,0.0,0.57494646,1.0,0.0,0.0,0.5283,0.577504,0.44222832,0.43101728,0.7618476,0.48745733,0.023576625
tucson12a,0.00761706,0.5,0.4194001,0.5,0.6864,0.41046426,0.3636,0.6128111,0.3261,0.6266,8.446039e-05,0.6,0.46315354,0.0,0.8444,0.5706662,0.4,0.53605014,0.499925,0.7579,0.035264168,0.0,0.40296298,0.3174286,0.8261,1.0,1.0,1.0,1.0,1.0,0.0,0.0,0.0,1.0,0.0,0.0,0.5278372,1.0,0.0,0.0,0.42456,0.37616652,0.481402,0.2910841,0.74660563,0.43099126,0.04572647
tucson13a,0.0033355474,0.9,0.17549764,0.1286,0.5748,0.18193689,0.4545,0.37290904,0.0,0.5239,0.0015231179,0.6,0.19555372,0.0,0.8,0.47309047,0.6,0.29332736,0.10499475,0.5583,0.02582827,0.0,0.1862963,0.033285715,0.6704,1.0,1.0,1.0,1.0,1.0,0.0,1.0,0.0,0.0,0.0,0.0,0.732334,1.0,0.0,0.0,0.17218,0.19168653,0.399724,0.22203973,0.3565653,0.17341049,0.009625221
tucson14a,0.001619509,0.4,0.13008131,0.0385,0.5265,0.07821905,0.4545,0.19869441,0.087,0.5163,2.5292647e-05,0.6,0.08233841,0.0,0.65,0.104549475,0.0,0.13703537,0.0,0.8889,0.33333334,0.0,0.0,0.0,0.0,1.0,1.0,1.0,1.0,1.0,1.0,0.0,0.0,0.0,0.0,0.0,0.43576017,1.0,0.0,0.0,0.13166,0.13091777,0.1666703,0.049367074,0.13340148,0.0,0.068620294
tucson15a,0.0057883486,0.5,0.21278387,0.2432,0.7967,0.18217994,0.4091,0.3386373,0.1154,0.6758,0.00014215165,0.2,0.38081515,0.125,0.8112,0.4989788,0.2,0.3882669,0.29998502,0.7635,0.053643208,0.0,0.21666667,0.127,0.8571,1.0,1.0,1.0,1.0,1.0,0.0,1.0,0.0,0.0,0.0,0.0,0.45931476,1.0,0.0,0.0,0.19778,0.15318336,0.22261645,0.1705031,0.36040118,0.22811568,0.03267865
tucson15b,0.0048836125,0.8,0.2598823,0.1538,0.6353,0.11400226,0.4091,0.31864545,0.0682,0.7283,5.4509666e-05,0.8,0.2745986,0.0,0.9365,0.3939421,0.2,0.3439319,0.28123593,0.7184,0.032861408,0.0,0.2962963,0.126,0.7833,1.0,1.0,1.0,1.0,1.0,0.0,0.0,0.0,1.0,0.0,0.0,0.6167023,1.0,0.0,0.0,0.23296,0.24921213,0.2170039,0.20661741,0.32275233,0.30914462,0.04178859
tucson16a,0.0037267103,0.7,0.20549482,0.0667,0.7831,0.10756303,0.5455,0.61893106,0.25,0.9038,0.0053283684,0.8,0.26759982,0.0,1.0,0.3264601,0.6,0.46439767,0.29998502,0.681,0.02866485,0.0,0.3540741,0.2857143,0.8646,1.0,1.0,1.0,1.0,1.0,0.0,0.0,1.0,0.0,0.0,0.0,0.8982869,1.0,0.0,0.0,0.30766,0.13937268,0.4685198,0.028030364,0.5551594,0.31020248,0.014725173
tucson17a,0.0023907237,0.7,0.20437343,0.0,0.9897,0.05936273,0.4091,0.3141575,0.16,0.7077,8.496529e-05,0.4,0.61753803,0.0,0.6964,0.15530379,0.4,0.28974473,0.07889605,0.7353,0.008950763,0.0,0.16925927,0.0,0.8571,1.0,1.0,1.0,1.0,1.0,0.0,0.0,0.0,0.0,0.0,1.0,0.58672374,0.0,0.0,0.0,0.43092,0.17973094,0.32158846,0.5531568,0.3859763,0.16230303,0.057635088
tucson19a,0.0056565762,0.4,0.20072891,0.1053,0.8658,0.34798115,0.5455,0.41942063,0.2235,0.7635,0.0,0.0,0.0,0.0,0.0,0.46797085,0.0,0.3994626,0.47367632,0.6787,0.03410265,0.0,0.33333334,0.3297143,0.7369,1.0,1.0,0.0,1.0,1.0,0.0,0.0,0.0,1.0,0.0,0.0,0.5096359,1.0,0.0,0.0,0.23245,0.12815914,0.39725733,0.0,0.37522918,0.39314717,0.008226071
tucson20a,0.007308306,0.5,0.3181946,0.2703,0.57,0.3033009,0.4545,0.4875561,0.2192,0.4785,0.004058012,0.8,0.26060104,0.0,1.0,0.0,0.0,0.0,0.0,0.0,0.11929612,0.0,0.4351852,0.5167143,0.6105,1.0,1.0,1.0,0.0,1.0,0.0,0.0,1.0,0.0,0.0,0.0,0.83618844,1.0,0.0,0.0,0.43535,0.2375359,0.4067818,0.21115834,0.0,0.4748018,0.008906999
tucson22a,0.0024007885,0.5,0.17886181,0.0385,0.5239,0.061067376,0.3636,0.24071808,0.2308,0.8,0.0024009661,0.6,0.22931248,0.0,0.5227,0.18007831,0.4,0.21585311,0.08339583,0.7972,0.019583944,0.0,0.16888888,0.040857144,0.8636,1.0,1.0,1.0,1.0,1.0,0.0,0.0,0.0,0.0,0.0,1.0,0.7687366,1.0,0.0,0.0,0.13454,0.20834315,0.21506967,0.15237306,0.22200629,0.18534358,0.018942716
MBA01a,0.0,0.0,0.0,0.0,0.0,0.0,0.0,0.0,0.0,0.0,0.0,0.0,0.0,0.0,0.0,0.74087715,0.6,0.37931034,0.44997752,0.6944,0.024849132,0.0,0.22222222,0.0,0.8056,0.0,0.0,0.0,1.0,1.0,0.0,0.0,1.0,0.0,0.0,0.0,0.958244,1.0,0.0,0.0,0.05,0.0,0.0,0.0,0.35190144,0.15779425,0.0059992988
MMA02a,0.011672095,0.7,0.3181946,0.3529,0.7077,0.25543854,0.3636,0.41044474,0.3333,0.7537,0.0059680473,0.6,0.61753803,0.5714,0.65,0.5540988,0.6,0.46932375,0.5227239,0.764,0.10059916,0.0,0.43851852,0.5871429,0.6878,1.0,1.0,1.0,1.0,1.0,0.0,0.0,1.0,0.0,0.0,0.0,0.93576014,1.0,0.0,0.0,0.41066,0.2575317,0.3375948,0.39738086,0.48120517,0.4784011,0.007156725
MMA03a,1.0,0.8,0.37258202,0.5882,0.6626,0.24243008,0.8636,0.5475316,0.575,0.6262,0.55629134,0.8,0.37422806,0.0,0.642,1.0,1.0,0.5114196,0.5273736,0.7234,0.381083,0.0,0.3925926,0.31514287,0.6831,1.0,1.0,1.0,1.0,1.0,0.0,0.0,1.0,0.0,0.0,0.0,0.90899354,1.0,0.0,0.0,0.19108,0.2872788,0.37522548,0.1933983,0.5732318,0.36427554,0.003384227
MMA04a,0.0,0.0,0.0,0.0,0.0,0.0,0.0,0.0,0.0,0.0,0.0,0.0,0.0,0.0,0.0,0.24264447,0.4,0.29959697,0.22498876,0.6154,0.021481989,0.0,0.21481483,0.08928572,0.6518,0.0,0.0,0.0,1.0,1.0,0.0,0.0,0.0,0.0,0.0,1.0,0.58672374,0.0,0.0,0.0,0.34375,0.0,0.0,0.0,0.32158637,0.2236972,0.02165244
MMA05a,0.0,0.0,0.0,0.0,0.0,0.29293847,0.7727,0.3525092,0.2558,0.627,0.008264315,1.0,0.2848909,0.3333,0.7246,0.65609396,0.6,0.30855352,0.25003752,0.6658,0.12174707,0.0,0.3037037,0.17857143,0.8081,0.0,1.0,1.0,1.0,1.0,0.0,0.0,1.0,0.0,0.0,0.0,0.9304068,1.0,0.0,0.0,0.12065,0.0,0.20843023,0.16889416,0.25080898,0.3484787,0.0077165132
MMA06a,0.005320896,0.4,0.35912535,0.1579,0.564,0.19233693,0.2727,0.29049367,0.1667,0.5202,0.0027669438,0.2,0.9744751,0.0,0.5057,0.43978,0.6,0.3403493,0.0,0.8205,0.060143244,0.0,0.32000002,0.12428571,0.7253,1.0,1.0,1.0,1.0,1.0,1.0,0.0,0.0,0.0,0.0,0.0,0.4882227,1.0,0.0,0.0,0.53832,0.32057896,0.29616088,0.76980346,0.2646316,0.3377518,0.012120876
MMA08a,0.0011154652,0.3,0.15615365,0.0,0.7019,0.0,0.0,0.0,0.0,0.0,0.0008721488,0.6,0.20584601,0.0,0.8333,0.08970904,0.4,0.21585311,0.0,0.5893,0.0071173534,0.0,0.115555555,0.0,0.8413,1.0,0.0,1.0,1.0,1.0,1.0,0.0,0.0,0.0,0.0,0.0,0.5278372,1.0,0.0,0.0,0.285225,0.14148094,0.0,0.17893463,0.321899,0.113403134,0.03512206
MMA10a,0.0,0.0,0.0,0.0,0.0,0.0,0.0,0.0,0.0,0.0,0.0,0.0,0.0,0.0,0.0,0.0,0.0,0.0,0.0,0.0,0.00016666668,0.0,0.0,0.0,0.0,0.0,0.0,0.0,0.0,1.0,1.0,0.0,0.0,0.0,0.0,0.0,0.13383298,1.0,0.0,0.0,0.0,0.0,0.0,0.0,0.0,0.0,0.0
MMA11a,0.008616748,0.7,0.34342587,0.5833,0.6269,0.17006391,0.5455,0.52631575,0.2821,0.5886,0.007321443,1.0,0.45286125,0.25,0.8125,0.3692767,0.2,0.42274964,0.499925,0.8795,0.043270975,0.0,0.2777778,0.40814286,0.7684,1.0,1.0,1.0,1.0,1.0,0.0,0.0,1.0,0.0,0.0,0.0,0.9764454,1.0,0.0,0.0,0.42092,0.21345887,0.3886945,0.07928108,0.17361034,0.2259032,0.0143337175
MMA12a,0.010325702,0.7,0.3058593,0.4545,0.6942,0.4697443,0.8182,0.48266014,0.2895,0.7253,0.010461799,1.0,0.60930425,0.0,0.7692,0.7619133,0.8,0.47648904,0.5065247,0.7914,0.033170473,0.0,0.36074072,0.38957146,0.7903,1.0,1.0,1.0,1.0,1.0,0.0,0.0,1.0,0.0,0.0,0.0,0.9571734,1.0,0.0,0.0,0.44324,0.19726056,0.36522287,0.27600938,0.4221212,0.43258446,0.008310763
MMA13a,0.0023329589,0.8,0.39248672,0.3171,0.5951,0.3284905,0.5455,0.50877196,0.4516,0.5731,0.0020811392,1.0,0.4804446,0.3333,0.7846,0.5573785,0.8,0.43125838,0.4918254,0.6044,0.07370144,0.0,0.48037037,0.5682857,0.6117,1.0,1.0,1.0,1.0,1.0,0.0,0.0,0.0,1.0,0.0,0.0,0.6713062,1.0,0.0,0.0,0.41516,0.30880237,0.31841543,0.28169954,0.36296967,0.4884378,0.009856957
MMA14a,0.0023934937,0.6,0.16288199,0.0333,0.5437,0.043462355,0.0909,0.14973481,0.0,0.8333,0.0027230168,0.6,0.15644297,0.0,0.8,0.14161667,0.2,0.30452305,0.0,0.7857,0.009684058,0.0,0.11111111,0.0,1.0,1.0,1.0,1.0,1.0,1.0,1.0,0.0,0.0,0.0,0.0,0.0,0.5267666,1.0,0.0,0.0,0.18572,0.18351972,0.11873276,0.11404994,0.28917596,0.05769169,0.020501029
MMA15a,0.0013020455,0.2,0.3336137,0.3333,0.8625,0.15775938,0.1818,0.4406365,0.6667,1.0,0.00047973797,0.4,0.41169202,0.0,1.0,0.13982806,0.6,0.28078818,0.06824659,0.6426,0.010683732,0.0,0.24518518,0.15042858,0.7843,1.0,1.0,1.0,1.0,1.0,1.0,0.0,0.0,0.0,0.0,0.0,0.7034261,1.0,0.0,0.0,0.48748,0.30967534,0.2478267,0.25209948,0.33640596,0.23588832,0.044766143
MMA16a,0.003413586,0.7,0.20970005,0.1864,0.6638,0.16610254,0.3182,0.2737658,0.1707,0.8196,0.011609191,0.8,0.61753803,1.0,1.0,0.5584057,0.2,0.3197492,0.41667917,0.6611,0.0677064,0.0,0.2962963,0.22128572,0.7766,1.0,1.0,1.0,1.0,1.0,0.0,1.0,0.0,0.0,0.0,0.0,0.5738758,1.0,0.0,0.0,0.1537,0.21315332,0.20733272,0.0,0.31636488,0.32776672,0.022796664
MMA17a,0.0060196477,0.6,0.44631347,0.68,0.6076,0.20440377,0.0455,0.27172583,0.1471,0.758,0.0053301253,0.6,0.36023054,0.0,0.9048,0.53272367,0.8,0.44648457,0.43902805,0.8159,0.08366356,0.0,0.4325926,0.51014286,0.6589,1.0,1.0,1.0,1.0,1.0,0.0,0.0,1.0,0.0,0.0,0.0,0.8715203,1.0,0.0,0.0,0.38434,0.32981956,0.21329843,0.33254662,0.44925943,0.4613658,0.009754421
MMA19a,0.0033371183,0.7,0.39248672,0.5333,0.6277,0.14928947,0.7273,0.4602203,0.35,0.6847,0.004427698,1.0,0.23672292,0.0,0.8857,0.4125348,0.6,0.36721897,0.5293235,0.8333,0.032780208,0.0,0.24851853,0.0,0.8708,1.0,1.0,1.0,1.0,1.0,0.0,0.0,0.0,1.0,0.0,0.0,0.87580293,1.0,0.0,0.0,0.3851,0.24091437,0.3421207,0.112121455,0.3972304,0.28987107,0.023935515
UNH1041,0.0,0.0,0.0,0.0,0.0,0.0,0.0,0.0,0.0,0.0,0.0,0.0,0.0,0.0,0.0,0.0,0.0,0.0,0.0,0.0,0.20472175,0.0,0.43111113,0.59657145,0.7403,0.0,0.0,0.0,0.0,1.0,0.0,0.0,0.0,0.0,0.0,1.0,0.58672374,0.0,0.0,0.0,0.0853,0.0,0.0,0.0,0.0,0.44307268,0.011442431
UNH02a,0.0008488388,0.4,0.12391367,0.0,0.55,0.031241532,0.1364,0.13259894,0.0,1.0,0.00066304096,0.0,0.28365582,0.0,0.4141,0.13673592,0.0,0.19256605,0.0,0.75,0.015049848,0.0,0.11740741,0.0,0.5714,1.0,1.0,1.0,1.0,1.0,1.0,0.0,0.0,0.0,0.0,0.0,0.22698072,1.0,0.0,0.0,0.0656,0.10491144,0.09420165,0.26198858,0.30500096,0.091530085,0.02853111
UNH02b,0.0008779378,0.1,0.074852824,0.0,1.0,0.031001545,0.0455,0.20399837,0.0,1.0,0.0013853832,0.0,0.08233841,0.0,1.0,0.111010775,0.0,0.119570084,0.0,1.0,0.018511735,0.0,0.12962963,0.0,0.8091,1.0,1.0,1.0,1.0,1.0,1.0,0.0,0.0,0.0,0.0,0.0,0.3608137,1.0,0.0,0.0,0.0661,0.055644307,0.105644055,0.028030364,0.12186013,0.14800267,0.028516186
UNH03a,0.005393439,0.6,0.26969445,0.2353,0.7556,0.3033798,0.7273,0.45450836,0.2609,0.6484,0.0066051637,0.8,0.41169202,0.1,0.6762,0.33320743,0.6,0.3855799,0.12854357,0.754,0.031036537,0.0,0.31777778,0.3247143,0.7414,1.0,1.0,1.0,1.0,1.0,0.0,0.0,1.0,0.0,0.0,0.0,0.94432545,1.0,0.0,0.0,0.31214,0.17300457,0.33528024,0.36227563,0.46675736,0.30221698,0.014329424
UNH03b,0.005136896,0.6,0.31006452,0.375,0.7977,0.1925417,0.6364,0.64422685,0.5,0.705,0.007224918,0.8,0.31288594,0.0,0.697,0.34041944,0.6,0.37796682,0.22063898,0.6894,0.11544809,0.0,0.34296298,0.21971428,0.6641,1.0,1.0,1.0,1.0,1.0,0.0,0.0,1.0,0.0,0.0,0.0,0.94432545,1.0,0.0,0.0,0.20272,0.16938166,0.46217376,0.14358273,0.43541148,0.3475047,0.01382787
UNH04a,0.00041211187,0.3,0.15643398,0.0,0.8286,0.003055569,0.0,0.48959607,0.0,1.0,0.00062599604,0.0,0.32935363,0.6667,0.9667,0.049736913,0.0,0.29108822,0.0,1.0,0.008283261,0.0,0.12962963,0.0,0.8,1.0,1.0,1.0,1.0,1.0,1.0,0.0,0.0,0.0,0.0,0.0,0.32441112,1.0,0.0,0.0,0.08858,0.20368576,0.44700408,0.13983788,0.3232762,0.14423567,0.061890222
UNH04b,0.00018378395,0.0,0.14017382,0.0,0.7667,0.008612551,0.0,0.12239902,0.0,1.0,0.0013009333,0.2,0.24001646,0.1667,0.5556,0.08640066,0.0,0.14554411,0.0,1.0,0.00632396,0.0,0.1851852,0.0,1.0,1.0,1.0,1.0,1.0,1.0,1.0,0.0,0.0,0.0,0.0,0.0,0.31049252,1.0,0.0,0.0,0.29666,0.12699369,0.100770436,0.22579579,0.11948595,0.19307752,0.07162794
UNH05a,0.008581668,0.6,0.29576677,0.35,0.7549,0.2055346,0.6364,0.41452467,0.25,0.6767,0.0057736617,1.0,0.5471387,0.0,0.7806,0.4177028,0.4,0.48768473,0.37498125,0.7737,0.035138622,0.0,0.2888889,0.47614285,0.8218,1.0,1.0,1.0,1.0,1.0,0.0,0.0,1.0,0.0,0.0,0.0,0.9689507,1.0,0.0,0.0,0.26206,0.3559525,0.38747746,0.49963003,0.43526787,0.25618103,0.015812507
UNH05b,0.0056799003,0.6,0.22343707,0.2424,0.5867,0.19261721,0.5909,0.44349244,0.2037,0.6046,0.005837495,0.8,0.2745986,0.0,1.0,0.34726748,0.6,0.40080607,0.21433929,0.6611,0.045948505,0.0,0.3703704,0.24314287,0.7194,1.0,1.0,1.0,1.0,1.0,0.0,0.0,1.0,0.0,0.0,0.0,1.0,1.0,0.0,0.0,0.37356,0.1985395,0.33215612,0.16740294,0.53210205,0.37433806,0.012051516
UNH05c,0.003174071,0.7,0.22511916,0.0909,0.5955,0.12751587,0.5909,0.42146063,0.15,0.6635,0.002728809,1.0,0.31823796,0.0,0.7165,0.27078256,0.6,0.5862069,0.46152693,0.6078,0.011014205,0.0,0.3862963,0.17857143,0.8393,1.0,1.0,1.0,1.0,1.0,0.0,0.0,1.0,0.0,0.0,0.0,0.9657387,1.0,0.0,0.0,0.28744,0.2102812,0.3349162,0.24420615,0.7026961,0.28846487,0.01799083
UNH06a,0.009320219,0.7,0.24894872,0.186,0.6888,0.21888718,0.6818,0.37862095,0.2353,0.815,0.0057180715,0.8,0.3219432,0.0,0.8526,0.74664176,0.8,0.34617105,0.23908804,0.7291,0.10755621,0.0,0.37888888,0.34842858,0.7562,1.0,1.0,1.0,1.0,1.0,0.0,0.0,0.0,1.0,0.0,0.0,0.8479657,1.0,0.0,0.0,0.25746,0.20982288,0.28516942,0.17566068,0.36206558,0.30708054,0.007067272
UNH07a,0.0027263633,0.1,0.120829836,0.0,0.6768,0.015023248,0.0,0.24479803,0.1667,1.0,0.0037785373,0.2,0.10703993,0.0,1.0,0.13285166,0.0,0.18271384,0.0,0.6667,0.010871102,0.0,0.20814815,0.0,0.875,1.0,1.0,1.0,1.0,1.0,1.0,0.0,0.0,0.0,0.0,0.0,0.35117772,1.0,0.0,0.0,0.18484,0.11477184,0.19252169,0.06140892,0.20156813,0.22120093,0.026969962
UNH07b,0.0038552133,0.2,0.14746287,0.0521,0.4724,0.10809983,0.0,0.1623827,0.0164,0.3946,0.0025376866,0.0,0.19226019,0.0,0.7381,0.19451316,0.2,0.22391401,0.11249438,0.6508,0.050301813,0.0,0.20814815,0.09314286,0.5187,1.0,1.0,1.0,1.0,1.0,1.0,0.0,0.0,0.0,0.0,0.0,0.6466809,1.0,0.0,0.0,0.13172,0.14922434,0.12430726,0.18685602,0.27148375,0.23651399,0.015101733
UNH08a,0.004245743,0.5,0.24222039,0.0909,0.7307,0.2223843,0.4545,0.36066914,0.28,0.6494,0.00071695534,0.4,0.08233841,0.0,1.0,0.35072884,0.6,0.36811465,0.239988,0.6889,0.031223692,0.0,0.31148148,0.21742858,0.6548,1.0,1.0,1.0,1.0,1.0,0.0,0.0,0.0,1.0,0.0,0.0,0.6541755,1.0,0.0,0.0,0.13766,0.25074857,0.20067699,0.028030364,0.44143564,0.3252704,0.015789174
UNH09a,0.000505981,0.3,0.0599944,0.0,0.7857,0.014063697,0.0,0.101999186,0.0,1.0,0.006622516,0.4,0.0,0.0,1.0,0.06417049,0.0,0.22391401,0.18749063,0.75,0.00617772,0.0,0.22222222,0.0,1.0,1.0,1.0,1.0,1.0,1.0,1.0,0.0,0.0,0.0,0.0,0.0,0.54175586,1.0,0.0,0.0,0.025,0.048699684,0.03841849,0.0,0.19243476,0.21066755,0.04782276
UNH09b,0.00021715935,0.5,0.060835443,0.0,0.6905,0.040257424,0.0455,0.14973481,0.0833,1.0,0.00068466814,0.6,0.09263071,0.0,0.85,0.033998825,0.0,0.14554411,0.0,1.0,0.00438353,0.0,0.10185185,0.0,1.0,1.0,1.0,1.0,1.0,1.0,1.0,0.0,0.0,0.0,0.0,0.0,0.49250534,1.0,0.0,0.0,0.07858,0.016268147,0.08137374,0.03545841,0.12543406,0.068837844,0.050947268
UNH09c,0.0003112587,0.7,0.14017382,0.125,0.8384,0.0042080926,0.0,0.08159935,0.0,1.0,0.00020161404,0.6,0.08233841,0.0,1.0,0.047504064,0.2,0.14420062,0.0,0.8857,0.00582179,0.0,0.15185185,0.08400001,0.9464,1.0,1.0,1.0,1.0,1.0,1.0,0.0,0.0,0.0,0.0,0.0,0.4882227,1.0,0.0,0.0,0.08398,0.050890885,0.02173299,0.028030364,0.14421622,0.093710296,0.08387553
UNH09d,0.0009967405,0.6,0.11213906,0.0,0.7955,0.033355933,0.2727,0.38066095,0.2,0.7727,0.0012762196,0.4,0.16467682,0.0,1.0,0.07523162,0.0,0.15360501,0.0,0.9762,0.009423052,0.0,0.17888889,0.0,0.9667,1.0,1.0,1.0,1.0,1.0,1.0,0.0,0.0,0.0,0.0,0.0,0.5931477,1.0,0.0,0.0,0.14124,0.14472845,0.45655575,0.0,0.13993257,0.2635473,0.037668094
UNH10a,1.0,0.7,0.1558733,0.0,0.5142,0.20966585,0.5455,0.19828641,0.0213,0.5383,0.0015125964,1.0,0.30671057,0.1818,0.7542,0.13702454,0.6,0.20420958,0.0,0.6233,0.073143646,0.0,0.14814815,0.09971429,0.7183,1.0,1.0,1.0,1.0,1.0,1.0,0.0,0.0,0.0,0.0,0.0,0.58244103,1.0,0.0,0.0,0.1745,0.14738671,0.2751777,0.2247082,0.26263762,0.13183816,0.08139941
UNH10b,0.00254289,0.5,0.12615645,0.125,0.6342,0.08657284,0.0455,0.18971848,0.1667,0.6167,0.0011368239,0.8,0.18526141,0.2222,0.725,0.13946086,0.4,0.16569637,0.100044996,0.9643,0.024230678,0.0,0.17074075,0.134,0.5751,1.0,1.0,1.0,1.0,1.0,1.0,0.0,0.0,0.0,0.0,0.0,0.60599566,1.0,0.0,0.0,0.08418,0.078603916,0.14238368,0.1513023,0.19914328,0.13848197,0.022295343
UNH10c,0.0024603845,0.8,0.20970005,0.08,0.6345,0.08337984,0.6818,0.33537334,0.2759,0.6048,0.0015747364,0.8,0.2519555,0.125,0.575,0.24627489,0.8,0.34482756,0.14999251,0.7381,0.011496724,0.0,0.21000001,0.0,0.9667,1.0,1.0,1.0,1.0,1.0,1.0,0.0,0.0,0.0,0.0,0.0,0.6531049,1.0,0.0,0.0,0.2695,0.2262787,0.23932911,0.13945106,0.2651723,0.31469837,0.027532205
UNH10d,0.002231822,0.4,0.19484161,0.1579,0.6026,0.07040778,0.4091,0.29049367,0.1579,0.5472,0.0010172126,0.6,0.4446274,0.1667,0.5111,0.19428387,0.4,0.41782355,0.33328333,0.7667,0.008037592,0.0,0.19740741,0.0,0.9167,1.0,1.0,1.0,1.0,1.0,0.0,0.0,0.0,0.0,0.0,1.0,0.58672374,0.0,0.0,0.0,0.26024,0.13312644,0.1680612,0.49272895,0.5285619,0.19080055,0.034827594
UNH11a,0.005643692,0.8,0.32436222,0.2609,0.6,0.16937889,0.7273,0.4385965,0.2143,0.6343,0.012437497,0.6,0.25730753,0.25,0.9583,0.33430928,0.4,0.33228838,0.25708714,0.6999,0.018223912,0.0,0.2562963,0.26785713,0.9848,1.0,1.0,1.0,1.0,1.0,0.0,0.0,1.0,0.0,0.0,0.0,0.9892933,1.0,0.0,0.0,0.4122,0.24245955,0.30580488,0.12768392,0.30636126,0.26886883,0.014804111
UNH14a,0.005863621,0.7,0.23969725,0.2273,0.669,0.24707676,0.9091,0.39657283,0.2683,0.5684,0.006314397,1.0,0.21778509,0.0,0.8889,0.6692544,1.0,0.40976262,0.36103195,0.7068,0.061922,0.0,0.3462963,0.5494286,0.6975,1.0,1.0,1.0,1.0,1.0,0.0,0.0,0.0,1.0,0.0,0.0,0.9111349,1.0,0.0,0.0,0.23658,0.19682407,0.26701695,0.12611982,0.38878986,0.26723042,0.0067318315
UNH14b,0.0048681893,0.9,0.28623495,0.2353,0.6677,0.37904954,0.8182,0.5389637,0.5349,0.5903,0.009394133,1.0,0.32235485,0.0,0.8111,0.38003254,0.2,0.4393193,0.28123593,0.8701,0.039593093,0.0,0.29148147,0.19042858,0.7794,1.0,1.0,1.0,1.0,1.0,0.0,0.0,0.0,1.0,0.0,0.0,0.8319058,1.0,0.0,0.0,0.305,0.22914211,0.2641373,0.18021283,0.37190026,0.20370765,0.014914358
UNH15a,0.004523524,0.5,0.18671153,0.16,0.7667,0.2132771,0.1818,0.3263974,0.0357,0.7801,0.0053461283,0.6,0.47344583,0.0,1.0,0.39689133,0.2,0.35647112,0.32143393,0.7479,0.036019213,0.0,0.20296296,0.10585715,0.8207,1.0,1.0,1.0,1.0,1.0,0.0,0.0,0.0,1.0,0.0,0.0,0.51820123,1.0,0.0,0.0,0.25246,0.17525251,0.24652274,0.22424291,0.36274153,0.14190064,0.01263645
UNH16a,0.005528787,0.8,0.18671153,0.2292,0.6208,0.15760475,0.3636,0.26601386,0.1724,0.8285,0.0027241653,0.2,0.26759982,0.0,0.9048,0.3876676,0.2,0.33318406,0.14999251,0.7083,0.038468055,0.0,0.26481482,0.23042858,0.7765,1.0,1.0,1.0,1.0,1.0,0.0,1.0,0.0,0.0,0.0,0.0,0.4550321,1.0,0.0,0.0,0.17314,0.13657475,0.22375742,0.17279038,0.4202455,0.31101522,0.013580829
UNH16b,0.0028787747,0.5,0.39136532,0.5417,0.6386,0.16749445,0.5455,0.48959607,0.2093,0.6737,0.004227138,0.6,0.19226019,0.0,0.9,0.31287313,0.2,0.5745633,1.0,0.8194,0.02487032,0.0,0.33962962,0.40814286,0.9167,1.0,1.0,1.0,1.0,1.0,0.0,0.0,0.0,1.0,0.0,0.0,0.6809421,1.0,0.0,0.0,0.5759,0.39203307,0.50429773,0.0,0.48637596,0.2226845,0.022997122
UNH16c,0.0033766793,0.8,0.32800674,0.3333,0.5685,0.15597038,0.6364,0.50714,0.2414,0.6069,0.002760365,0.8,0.41169202,0.0,0.6821,0.34650615,0.0,0.4926108,0.33328333,0.6553,0.02588885,0.0,0.46296296,0.3297143,0.7,1.0,1.0,1.0,1.0,1.0,0.0,1.0,0.0,0.0,0.0,0.0,0.7152034,1.0,0.0,0.0,0.6266,0.29127273,0.44108734,0.5743982,0.46602228,0.45748273,0.021055035
UNH17a,0.0030440078,0.7,0.25735915,0.0345,0.5934,0.113730796,0.6818,0.2762138,0.0612,0.6642,0.0042254524,0.8,0.1910251,0.0,0.7042,0.31097627,0.8,0.25839677,0.03719814,0.6626,0.017247047,0.0,0.2362963,0.034857143,0.6859,1.0,1.0,1.0,1.0,1.0,1.0,0.0,0.0,0.0,0.0,0.0,0.7815845,1.0,0.0,0.0,0.30212,0.2010144,0.22613177,0.086995035,0.28681868,0.32112932,0.013927485
whiteside01a,0.0057350076,0.6,0.27698347,0.2917,0.6814,0.13219269,0.4545,0.42839658,0.3333,0.6184,0.016803399,0.6,0.19555372,0.0,0.9286,0.5768432,0.8,0.3631885,0.29158542,0.7423,0.061103072,0.0,0.34851852,0.33614287,0.8571,1.0,1.0,1.0,1.0,1.0,0.0,0.0,1.0,0.0,0.0,0.0,0.89721626,1.0,0.0,0.0,0.27518,0.24313176,0.31681263,0.04854859,0.37051463,0.2922835,0.012641765
whiteside02a,0.009643298,0.9,0.30670032,0.3208,0.6721,0.32035294,0.6818,0.55038756,0.3333,0.7232,0.010814724,1.0,0.4857966,0.2,0.859,0.70720524,0.4,0.4518585,0.4579271,0.6356,0.048388388,0.0,0.4074074,0.43185717,0.7735,1.0,1.0,1.0,1.0,1.0,0.0,0.0,0.0,1.0,0.0,0.0,0.64775157,1.0,0.0,0.0,0.35448,0.34268743,0.5622596,0.26674816,0.468557,0.36312094,0.0065048845
whiteside03a,0.0009532302,0.1,0.088870205,0.0,0.9333,0.12936762,0.1364,0.33455732,0.3077,0.5833,0.0,0.0,0.0,0.0,0.0,0.13316865,0.0,0.19390953,0.23068847,0.7857,0.008627319,0.0,0.16666667,0.119,1.0,1.0,1.0,0.0,1.0,1.0,1.0,0.0,0.0,0.0,0.0,0.0,0.503212,1.0,0.0,0.0,0.0609,0.038437698,0.22514834,0.0,0.15130495,0.14533222,0.10006118
whiteside04a,0.0018807623,0.4,0.11326045,0.0323,0.6379,0.05004785,0.1818,0.19379845,0.0625,0.596,0.0013531119,0.6,0.38081515,0.0,0.6111,0.18102612,0.4,0.23287056,0.124943756,0.7679,0.020754227,0.0,0.15074074,0.0,0.6993,1.0,1.0,1.0,1.0,1.0,1.0,0.0,0.0,0.0,0.0,0.0,0.53319055,1.0,0.0,0.0,0.24508,0.13301295,0.23091301,0.3647535,0.29132202,0.18158305,0.021497568
whiteside05a,0.008096731,0.6,0.26184472,0.3429,0.588,0.24271454,0.7273,0.3888209,0.2973,0.7289,0.008429036,0.6,0.3211198,0.0,0.8958,0.5504949,0.6,0.4442454,0.32143393,0.7615,0.058357,0.0,0.37444443,0.51942855,0.7429,1.0,1.0,1.0,1.0,1.0,0.0,0.0,0.0,1.0,0.0,0.0,0.8768736,1.0,0.0,0.0,0.25168,0.20915502,0.27575362,0.09645248,0.473694,0.45316744,0.008064629
whiteside06a,0.006059751,0.9,0.28511357,0.1944,0.7151,0.1685562,0.5909,0.3867809,0.1667,0.6961,0.003101149,1.0,0.27254012,0.0,0.7756,0.41661194,0.2,0.32377967,0.23278837,0.685,0.041813012,0.0,0.2762963,0.22228572,0.7886,1.0,1.0,1.0,1.0,1.0,0.0,0.0,1.0,0.0,0.0,0.0,0.9486081,1.0,0.0,0.0,0.31506,0.21546674,0.27701953,0.19101572,0.32075837,0.2804149,0.0075119953
whiteside07a,0.0039082034,0.7,0.23184752,0.1538,0.6829,0.18703568,0.8182,0.37005302,0.2857,0.5752,0.0036039944,1.0,0.1811445,0.0,0.8286,0.36939728,0.6,0.32960144,0.119994,0.7386,0.02902663,0.0,0.2525926,0.45714286,0.706,1.0,1.0,1.0,1.0,1.0,0.0,0.0,1.0,0.0,0.0,0.0,0.9700214,1.0,0.0,0.0,0.22188,0.229679,0.34225112,0.16780658,0.34475356,0.25205928,0.0103358785
whiteside08a,0.0021528788,0.7,0.10541072,0.0333,0.5997,0.05523403,0.3182,0.17829457,0.0323,0.7081,0.0025356421,0.8,0.21490324,0.0,0.7202,0.24801177,0.6,0.26645768,0.07379631,0.6315,0.010811474,0.0,0.1574074,0.046142858,0.7067,1.0,1.0,1.0,1.0,1.0,1.0,0.0,0.0,0.0,0.0,0.0,0.58351177,1.0,0.0,0.0,0.12926,0.07863447,0.12852891,0.13066073,0.2940595,0.1468932,0.01576318
whiteside09a,0.0010810378,0.8,0.17073172,0.0435,0.8448,0.03306623,0.2273,0.24194206,0.0,0.8214,0.0006189589,0.8,0.2428983,0.0,0.8264,0.1114383,0.4,0.22704881,0.0,0.9686,0.010672074,0.0,0.26296297,0.0,0.881,1.0,1.0,1.0,1.0,1.0,0.0,0.0,1.0,0.0,0.0,0.0,0.840471,1.0,0.0,0.0,0.11992,0.18538354,0.24603917,0.20575969,0.28474024,0.28209844,0.024975017
whiteside10a,0.012379748,0.7,0.30193442,0.4898,0.7014,0.65823746,0.4545,0.43370053,0.3158,0.7054,0.00921176,0.6,0.34499794,0.3333,0.7411,0.56385255,0.4,0.6569637,0.6136193,0.7758,0.0973776,0.0,0.3462963,0.4167143,0.8606,1.0,1.0,1.0,1.0,1.0,0.0,1.0,0.0,0.0,0.0,0.0,0.5653105,1.0,0.0,0.0,0.1129,0.18731722,0.2421544,0.25863618,0.58187515,0.32142603,0.0061969827
whiteside11a,0.0016139846,0.8,0.14325765,0.1,0.9035,0.02872404,0.2727,0.22847816,0.0,0.8667,0.0028207176,0.8,0.22643062,0.0,0.9762,0.21034318,0.6,0.31034482,0.35713217,0.7861,0.021217378,0.0,0.22222222,0.114285715,0.8737,1.0,1.0,1.0,1.0,1.0,1.0,0.0,0.0,0.0,0.0,0.0,0.7773019,1.0,0.0,0.0,0.2101,0.15337978,0.16499685,0.3354562,0.3683517,0.22189112,0.02460012
whiteside12a,0.0036954654,0.4,0.19147745,0.0,0.5665,0.043875013,0.3182,0.31619748,0.1111,0.85,0.003349068,0.6,0.21943185,0.0588,0.4948,0.28583935,0.4,0.18674429,0.03839808,0.5694,0.026308741,0.0,0.19222222,0.12428571,0.7637,1.0,1.0,1.0,1.0,1.0,1.0,0.0,0.0,0.0,0.0,0.0,0.57922906,1.0,0.0,0.0,0.28952,0.19126314,0.2456697,0.25226766,0.15887526,0.1628513,0.01165609
whiteside13a,0.0024823167,0.7,0.21726944,0.15,0.5805,0.06805759,0.6818,0.40595675,0.25,0.7092,0.0019941116,0.8,0.39398926,0.1429,0.7831,0.19318554,0.4,0.27541423,0.0,0.8526,0.019300578,0.0,0.27148148,0.08400001,0.8905,1.0,1.0,1.0,1.0,1.0,0.0,0.0,1.0,0.0,0.0,0.0,0.9817987,1.0,0.0,0.0,0.13018,0.115876175,0.3187034,0.3211495,0.29537755,0.254304,0.020079201
whiteside14a,0.0039496957,0.7,0.22147465,0.2319,0.6842,0.11396107,0.8182,0.40799674,0.1549,0.6837,0.0021909317,0.6,0.37505144,0.0714,0.5889,0.31526232,0.6,0.4590237,0.33868307,0.6638,0.013961881,0.0,0.2777778,0.2857143,0.8078,1.0,1.0,1.0,1.0,1.0,0.0,1.0,0.0,0.0,0.0,0.0,0.7665953,1.0,0.0,0.0,0.49392,0.21252914,0.3256417,0.26643422,0.41425517,0.21344763,0.012552488
whiteside15a,0.004254449,0.7,0.2495094,0.2167,0.5856,0.16544776,0.8182,0.36842105,0.1867,0.6521,0.002143489,0.8,0.27254012,0.0,0.7474,0.36978155,0.4,0.32019705,0.28573573,0.5988,0.035887774,0.0,0.35962963,0.37271428,0.8738,1.0,1.0,1.0,1.0,1.0,1.0,0.0,0.0,0.0,0.0,0.0,0.7708779,1.0,0.0,0.0,0.31128,0.1802722,0.27827463,0.13636771,0.26697195,0.3435958,0.011154272
whiteside16a,0.0023802912,0.3,0.13148305,0.0,0.6386,0.07337237,0.1818,0.15830274,0.0,0.6076,0.002732813,0.6,0.13709344,0.0,1.0,0.24722396,0.6,0.20689654,0.041697916,0.7196,0.014890504,0.0,0.15629628,0.0,0.6917,1.0,1.0,1.0,1.0,1.0,1.0,0.0,0.0,0.0,0.0,0.0,0.56959313,1.0,0.0,0.0,0.04596,0.15618207,0.104225986,0.10765342,0.24154042,0.16460578,0.015377246
whiteside19a,0.009774852,0.9,0.29604712,0.4032,0.6741,0.3461165,0.8636,0.6066911,0.3958,0.6687,0.00351351,0.8,0.38616714,0.3077,0.7953,0.6824044,0.6,0.49126735,0.32428378,0.8435,0.06181374,0.0,0.41074076,0.45714286,0.6215,1.0,1.0,1.0,1.0,1.0,0.0,0.0,1.0,0.0,0.0,0.0,0.93361884,1.0,0.0,0.0,0.24548,0.23056509,0.47597963,0.29324245,0.38966852,0.38370392,0.008671436
whiteside20a,0.009717886,0.8,0.34735075,0.5278,0.7031,0.2948573,0.8636,0.44022846,0.4348,0.6994,0.0058156485,1.0,0.26060104,0.0,0.8103,0.9456808,0.6,0.55172414,0.5869206,0.7086,0.07173572,0.0,0.38407406,0.5714286,0.7699,1.0,1.0,1.0,1.0,1.0,0.0,0.0,0.0,1.0,0.0,0.0,0.94432545,1.0,0.0,0.0,0.19318,0.29467738,0.36986288,0.15659443,0.58942854,0.3951081,0.0045042126
williamson01a,0.0054995394,0.6,0.30081302,0.2121,0.67,0.17862104,0.6364,0.6119951,0.3333,0.6743,0.002821594,0.8,0.3157678,0.1667,0.8283,0.42583242,0.6,0.48678905,0.40902957,0.5928,0.061146885,0.0,0.40444446,0.34842858,0.6733,1.0,1.0,1.0,1.0,1.0,0.0,0.0,0.0,1.0,0.0,0.0,0.7569593,1.0,0.0,0.0,0.51422,0.30742303,0.66966945,0.29084864,0.5618933,0.4303462,0.011035381
williamson02a,0.0033595709,0.8,0.35576117,0.3077,0.7601,0.07168447,0.8182,0.40432477,0.0833,0.9194,0.0028288004,0.8,0.367641,0.0,0.6967,0.2834552,0.8,0.42543662,0.19349031,0.7202,0.022284403,0.0,0.42592594,0.0,0.7839,1.0,1.0,1.0,1.0,1.0,0.0,0.0,1.0,0.0,0.0,0.0,0.9528907,1.0,0.0,0.0,0.43892,0.2347467,0.25819877,0.3606555,0.5029952,0.54178196,0.017914694
williamson03a,0.0049551083,0.4,0.5500421,0.4231,0.5354,0.078769706,0.1818,0.37862095,0.1818,0.7308,0.0026122243,0.8,0.5487855,0.3333,0.5962,0.44311935,0.4,0.6636811,0.48207587,0.5737,0.052284047,0.0,0.44,0.58828574,0.5359,1.0,1.0,1.0,1.0,1.0,0.0,0.0,0.0,1.0,0.0,0.0,0.66702354,1.0,0.0,0.0,0.5424,0.5235576,0.44741705,0.7815034,0.91008556,0.43977013,0.01486363
williamson04a,0.003312513,0.9,0.25175217,0.1875,0.4518,0.08538569,0.1818,0.3623011,0.25,0.6625,0.002166208,0.4,0.28324413,0.1176,0.7973,0.40018037,0.8,0.58038515,0.2902355,0.4884,0.03046235,0.0,0.31407407,0.26457143,0.6324,1.0,1.0,1.0,1.0,1.0,0.0,0.0,0.0,1.0,0.0,0.0,0.7537473,1.0,0.0,0.0,0.40722,0.3235908,0.47753894,0.21744834,0.60639423,0.4202063,0.01482987
williamson06a,0.010081165,0.7,0.35183632,0.3182,0.7341,0.16216573,0.3182,0.497756,0.3333,0.769,0.0038488084,0.8,0.45286125,0.1111,0.6146,0.67708737,0.4,0.37975815,0.30883455,0.7313,0.06638318,0.0,0.39333335,0.19042858,0.8231,1.0,1.0,1.0,1.0,1.0,0.0,0.0,0.0,1.0,0.0,0.0,0.6520342,1.0,0.0,0.0,0.20532,0.2998935,0.2997631,0.40561056,0.32899615,0.4276564,0.010332199
williamson07a,0.004691786,0.8,0.42668915,0.3137,0.639,0.16772549,0.7727,0.68829054,0.2881,0.6675,0.0034669833,0.8,0.6677645,0.0556,0.6062,0.3915942,0.8,0.53560233,0.42657864,0.667,0.03956041,0.0,0.48000002,0.42514285,0.687,1.0,1.0,1.0,1.0,1.0,0.0,0.0,1.0,0.0,0.0,0.0,0.9850106,1.0,0.0,0.0,0.6071,0.48915312,0.64037335,0.57643884,0.8207879,0.5375119,0.012239182
williamson08a,0.0031757208,0.8,0.40846652,0.3214,0.586,0.117659375,0.5,0.38718888,0.1957,0.5874,0.0020024262,0.8,0.34746805,0.1111,0.6941,0.33516383,0.6,0.44469324,0.2419379,0.7544,0.037961543,0.0,0.37333333,0.2857143,0.7116,1.0,1.0,1.0,1.0,1.0,0.0,0.0,1.0,0.0,0.0,0.0,0.9550321,1.0,0.0,0.0,0.35904,0.4570446,0.3511399,0.20939243,0.53869224,0.48149082,0.015791802
williamson09a,0.00594703,0.9,0.32800674,0.1628,0.6031,0.3064342,0.7273,0.44920442,0.1882,0.6393,0.004558098,0.8,0.34005764,0.1053,0.6307,0.5165143,0.8,0.36005372,0.1981401,0.6,0.037188657,0.0,0.29037037,0.07942857,0.7027,1.0,1.0,1.0,1.0,1.0,0.0,0.0,0.0,1.0,0.0,0.0,0.96145606,1.0,0.0,0.0,0.36446,0.25019425,0.35223198,0.35184833,0.42832276,0.35893467,0.006918593
williamson09b,0.009949602,0.7,0.25960192,0.1607,0.5711,0.28358862,0.7273,0.43410856,0.2258,0.6361,0.009433095,0.8,0.46315354,0.0,0.6439,0.51755065,0.6,0.3927452,0.30763462,0.6683,0.04687243,0.0,0.3462963,0.10585715,0.7613,1.0,1.0,1.0,1.0,1.0,0.0,0.0,1.0,0.0,0.0,0.0,0.9047108,1.0,0.0,0.0,0.29344,0.21182638,0.36095777,0.34215546,0.4339752,0.39182487,0.00705451
williamson11a,0.001760864,0.9,0.23577237,0.0727,0.4557,0.03665503,0.5909,0.33006936,0.0,0.5642,0.0010027228,0.6,0.5076163,0.0,0.6397,0.16002719,0.4,0.294223,0.0,0.5055,0.009529188,0.0,0.27555555,0.0,0.8667,1.0,1.0,1.0,1.0,1.0,0.0,0.0,0.0,1.0,0.0,0.0,0.7366167,1.0,0.0,0.0,0.33368,0.38524124,0.47516462,0.2894976,0.3857313,0.4344357,0.027018033
williamson12a,0.0013469721,0.6,0.22315674,0.04,0.65,0.07378431,0.3636,0.2623419,0.0,0.761,0.0018070535,0.6,0.34993824,0.0,1.0,0.15563086,0.4,0.31751007,0.107094646,0.7889,0.021029899,0.0,0.21296297,0.0,0.9702,1.0,1.0,1.0,1.0,1.0,1.0,0.0,0.0,0.0,0.0,0.0,0.6873661,1.0,0.0,0.0,0.46354,0.23907673,0.34247932,0.3904181,0.4509746,0.29132885,0.017089555
williamson12b,0.0019189669,0.8,0.13372584,0.0,0.731,0.06846387,0.5455,0.20399837,0.025,0.6993,0.0013127804,0.6,0.20008233,0.0,0.9167,0.19446664,0.4,0.28257948,0.0,0.8872,0.014888486,0.0,0.13222222,0.0,0.7333,1.0,1.0,1.0,1.0,1.0,1.0,0.0,0.0,0.0,0.0,0.0,0.751606,1.0,0.0,0.0,0.25156,0.11061206,0.18926173,0.28337577,0.33125204,0.11489315,0.018551495
williamson14a,0.0046739196,0.9,0.27502105,0.1905,0.8187,0.16505575,0.7727,0.34230927,0.1087,0.6673,0.0030177282,0.8,0.4804446,0.0,0.8958,0.37342638,0.6,0.3278101,0.13229339,0.7202,0.031196188,0.0,0.2688889,0.09214286,0.8367,1.0,1.0,1.0,1.0,1.0,0.0,0.0,0.0,1.0,0.0,0.0,0.82762307,1.0,0.0,0.0,0.4828,0.2550437,0.34671724,0.13983788,0.32082596,0.33363652,0.012279163
williamson14b,0.003569848,0.7,0.2699748,0.1053,0.8429,0.18177651,0.8182,0.49245206,0.2258,0.6913,0.0031686397,0.8,0.41457388,0.1429,0.7483,0.35949957,0.6,0.30855352,0.086545676,0.738,0.22719897,0.0,0.12962963,0.0,1.0,1.0,1.0,1.0,1.0,1.0,0.0,0.0,1.0,0.0,0.0,0.0,0.82976437,1.0,0.0,0.0,0.3949,0.2177758,0.4656999,0.31408024,0.35498533,0.12900646,0.0119219655
williamson15a,0.003255989,0.7,0.26773202,0.15,0.6617,0.076874144,0.6364,0.55895555,0.25,0.7276,0.002751579,0.8,0.7719226,0.0,0.7026,0.1679729,0.8,0.6269592,0.35293236,0.6139,0.007612297,0.0,0.39814815,0.12985714,0.9139,1.0,1.0,1.0,1.0,1.0,0.0,0.0,1.0,0.0,0.0,0.0,0.9111349,1.0,0.0,0.0,0.23582,0.20686345,0.39703998,0.64591485,0.75491947,0.80050445,0.03087899
williamson16a,0.012284074,0.5,0.2453042,0.1622,0.645,0.34585452,0.3636,0.36719707,0.2963,0.7617,0.006000189,0.8,0.30300534,0.0,0.721,0.62999815,0.0,0.4518585,0.6176691,0.7611,0.025000233,0.0,0.35148147,0.39471433,0.7041,1.0,1.0,1.0,1.0,1.0,0.0,0.0,0.0,0.0,0.0,1.0,0.7087794,1.0,0.0,0.0,0.25546,0.21650995,0.26576185,0.27005014,0.5433307,0.3372229,0.023706613
williamson17a,0.0037654333,0.9,0.24250071,0.1154,0.8158,0.19340949,0.6818,0.35536516,0.1351,0.6609,0.0040402487,1.0,0.24701522,0.0,0.8625,0.37305328,0.2,0.26287505,0.124943756,0.7357,0.0342011,0.0,0.3211111,0.2857143,0.8444,1.0,1.0,1.0,1.0,1.0,0.0,0.0,1.0,0.0,0.0,0.0,0.9186295,1.0,0.0,0.0,0.23022,0.22844373,0.25259167,0.1426241,0.24448912,0.40437075,0.012313361
williamson18a,0.0067480896,0.7,0.2747407,0.2857,0.6413,0.17436469,0.6364,0.31456548,0.1522,0.6705,0.0052664997,1.0,0.32935363,0.0,0.9015,0.5475007,0.8,0.37617552,0.39133042,0.7748,0.060954787,0.0,0.29851854,0.25971428,0.7864,1.0,1.0,1.0,1.0,1.0,0.0,0.0,1.0,0.0,0.0,0.0,0.9143468,1.0,0.0,0.0,0.1827,0.23567644,0.18812619,0.2514772,0.38341627,0.29598597,0.008665245
williamson19a,0.0014379022,0.9,0.12924027,0.069,0.6603,0.050410204,0.5455,0.28967768,0.0,0.5987,0.0018446342,0.6,0.20584601,0.0,0.9048,0.16619888,0.2,0.1630094,0.0,0.9,0.008115063,0.0,0.14814815,0.0,0.725,1.0,1.0,1.0,1.0,1.0,1.0,0.0,0.0,0.0,0.0,0.0,0.7408993,1.0,0.0,0.0,0.10272,0.10696296,0.27009216,0.18961419,0.19054216,0.14591922,0.02025288
williamson21a,0.0025885173,0.2,0.11802636,0.0,0.4058,0.028049601,0.0,0.1631987,0.0,1.0,0.0023419736,0.0,0.12350761,0.0,0.5,0.15547498,0.0,0.38065383,0.0,0.9167,0.01049298,0.0,0.15222223,0.0,0.7639,1.0,1.0,1.0,1.0,1.0,0.0,0.0,0.0,0.0,1.0,0.0,0.1809422,1.0,0.0,0.0,0.04792,0.09151542,0.06501967,0.059928916,0.36492136,0.12612316,0.02057851
williamson22a,0.0007268809,0.8,0.14578077,0.0,0.807,0.022318799,0.3636,0.1501428,0.0,0.75,0.0010523763,0.6,0.20584601,0.0,1.0,0.07423328,0.0,0.18898341,0.0,0.7246,0.007794209,0.0,0.20814815,0.0,0.7636,1.0,1.0,1.0,1.0,1.0,0.0,0.0,0.0,0.0,0.0,1.0,0.58672374,0.0,0.0,0.0,0.14202,0.19761412,0.11674418,0.14565137,0.33183503,0.24211931,0.02984139
williamson23a,0.008422509,0.2,0.24642558,0.2857,0.7822,0.3414685,0.3636,0.30722156,0.2698,0.4853,0.005651951,0.2,0.29847673,0.125,0.925,0.5675464,0.0,0.33184054,0.5216739,0.6016,0.09690111,0.0,0.3077778,0.70214283,0.539,1.0,1.0,1.0,1.0,1.0,0.0,1.0,0.0,0.0,0.0,0.0,0.39186293,1.0,0.0,0.0,0.0578,0.18929453,0.19142416,0.13424863,0.2918543,0.23021203,0.008522757
williamson24a,0.00421682,0.6,0.38996357,0.3714,0.6863,0.14766613,0.5909,0.5259078,0.3077,0.6588,0.0037512768,1.0,0.3614656,0.0,0.6103,0.43775174,0.8,0.58083296,0.5321734,0.7243,0.04192428,0.0,0.38740742,0.30614287,0.6923,1.0,1.0,1.0,1.0,1.0,0.0,0.0,1.0,0.0,0.0,0.0,0.7987152,1.0,0.0,0.0,0.38414,0.33299285,0.47854412,0.33748558,0.77528155,0.323832,0.017192792
wright201a,0.0033758099,0.4,0.13877209,0.0351,0.6095,0.11151444,0.4545,0.15463077,0.0161,0.5363,0.0025428527,0.6,0.15109098,0.0,0.85,0.18424822,0.2,0.16121809,0.0,0.9167,0.01878149,0.0,0.14296296,0.0,0.9167,1.0,1.0,1.0,1.0,1.0,1.0,0.0,0.0,0.0,0.0,0.0,0.61456096,1.0,0.0,0.0,0.19444,0.13915005,0.12778997,0.21400063,0.11392651,0.22567101,0.012090474
wright202a,0.009562502,0.7,0.37454444,0.4167,0.66,0.32218975,0.8182,0.60546714,0.375,0.6338,0.006123256,1.0,0.40469328,0.1667,0.8929,0.784367,0.8,0.6045678,0.519274,0.7024,0.05348568,0.0,0.5555556,0.74528575,0.7559,1.0,1.0,1.0,1.0,1.0,0.0,0.0,1.0,0.0,0.0,0.0,0.9561027,1.0,0.0,0.0,0.46434,0.35713974,0.560108,0.2834038,0.5479355,0.5656288,0.007915454
wright203a,0.009085099,0.9,0.33221197,0.303,0.6904,0.4047458,0.8636,0.55773157,0.3148,0.6564,0.007454431,0.8,0.41169202,0.125,0.7622,0.90021753,0.6,0.46574113,0.4645268,0.6787,0.02509256,0.0,0.35037038,0.29985717,0.6756,1.0,1.0,1.0,1.0,1.0,0.0,0.0,0.0,1.0,0.0,0.0,0.81477517,1.0,0.0,0.0,0.3809,0.3588246,0.44001153,0.40980953,0.49563608,0.34208643,0.01132097
wright204a,0.009848868,0.8,0.2887581,0.3864,0.7074,0.21408369,0.6364,0.6062831,0.3571,0.7012,0.0060085207,1.0,0.29641825,0.0,0.6143,0.57623005,0.8,0.47066727,0.43152842,0.7574,0.027886227,0.0,0.41925925,0.35714287,0.8008,1.0,1.0,1.0,1.0,1.0,0.0,0.0,1.0,0.0,0.0,0.0,0.97109205,1.0,0.0,0.0,0.34166,0.25067437,0.45728925,0.21884987,0.5571365,0.39990714,0.009452068
wright205a,0.0011516174,0.8,0.09167368,0.0,0.9554,0.05464107,0.3182,0.17870258,0.0417,0.8864,0.002958682,1.0,0.14409222,0.0,0.9167,0.1510518,0.2,0.2060009,0.0,0.7917,0.012874352,0.0,0.10037037,0.0,0.75,1.0,1.0,1.0,1.0,1.0,1.0,0.0,0.0,0.0,0.0,0.0,0.63704497,1.0,0.0,0.0,0.08152,0.09642598,0.1074316,0.065378025,0.32601365,0.07940993,0.01455386
wright206a,0.0022342235,0.8,0.20128961,0.0208,0.4035,0.09684445,0.5455,0.21705428,0.026,0.5416,0.0009589916,0.8,0.24454507,0.0,0.7453,0.2700839,0.2,0.2686968,0.0,0.485,0.020366138,0.0,0.13777778,0.059571434,0.8194,1.0,1.0,1.0,1.0,1.0,1.0,0.0,0.0,0.0,0.0,0.0,0.5728051,1.0,0.0,0.0,0.16706,0.26926905,0.23738945,0.29506442,0.4830893,0.10642388,0.013376691
wright207a,0.0028696896,0.8,0.1923185,0.1154,0.5365,0.10099629,0.4545,0.250918,0.0833,0.5217,0.0030929334,0.6,0.1811445,0.0,0.5476,0.14554901,0.2,0.2879534,0.25858706,0.7365,0.014877962,0.0,0.16555555,0.046142858,0.75,1.0,1.0,1.0,1.0,1.0,1.0,0.0,0.0,0.0,0.0,0.0,0.6563169,1.0,0.0,0.0,0.30018,0.22385617,0.20802817,0.14015181,0.39153576,0.20012127,0.016537067
